timestamp,open,high,low,close,volume,datetime
1718888400000,1.0,5.62,1.0,4.792,3441941.4,2024-06-20 13:00:00
1718888460000,4.798,4.8,4.6,4.628,916959.63,2024-06-20 13:01:00
1718888520000,4.628,4.648,4.331,4.373,747963.72,2024-06-20 13:02:00
1718888580000,4.371,4.539,4.37,4.462,694191.66,2024-06-20 13:03:00
1718888640000,4.462,4.619,4.4,4.61,421807.96,2024-06-20 13:04:00
1718888700000,4.607,4.75,4.592,4.619,461269.9,2024-06-20 13:05:00
1718888760000,4.618,4.618,4.432,4.438,352746.41,2024-06-20 13:06:00
1718888820000,4.437,4.481,4.267,4.275,569113.79,2024-06-20 13:07:00
1718888880000,4.275,4.4,4.25,4.387,411139.18,2024-06-20 13:08:00
1718888940000,4.387,4.436,4.351,4.351,213247.28,2024-06-20 13:09:00
1718889000000,4.355,4.36,4.163,4.201,613831.74,2024-06-20 13:10:00
1718889060000,4.205,4.25,4.142,4.229,462695.19,2024-06-20 13:11:00
1718889120000,4.231,4.237,4.045,4.078,454827.91,2024-06-20 13:12:00
1718889180000,4.073,4.127,4.044,4.046,385124.62,2024-06-20 13:13:00
1718889240000,4.048,4.111,4.028,4.106,372116.05,2024-06-20 13:14:00
1718889300000,4.106,4.199,4.104,4.161,412685.17,2024-06-20 13:15:00
1718889360000,4.165,4.219,4.16,4.202,369659.22,2024-06-20 13:16:00
1718889420000,4.202,4.235,4.2,4.226,258276.03,2024-06-20 13:17:00
1718889480000,4.228,4.25,4.12,4.149,225450.05,2024-06-20 13:18:00
1718889540000,4.147,4.239,4.079,4.211,211167.82,2024-06-20 13:19:00
1718889600000,4.216,4.235,4.165,4.2,189517.81,2024-06-20 13:20:00
1718889660000,4.201,4.25,4.2,4.203,183338.76,2024-06-20 13:21:00
1718889720000,4.208,4.298,4.204,4.297,230204.25,2024-06-20 13:22:00
1718889780000,4.293,4.3,4.205,4.211,179334.09,2024-06-20 13:23:00
1718889840000,4.208,4.213,4.116,4.129,171592.04,2024-06-20 13:24:00
1718889900000,4.129,4.17,4.118,4.137,90456.0,2024-06-20 13:25:00
1718889960000,4.138,4.143,4.06,4.071,214952.52,2024-06-20 13:26:00
1718890020000,4.07,4.113,4.041,4.098,144009.36,2024-06-20 13:27:00
1718890080000,4.098,4.1,4.0,4.028,275469.08,2024-06-20 13:28:00
1718890140000,4.028,4.075,4.014,4.039,140168.99,2024-06-20 13:29:00
1718890200000,4.04,4.143,4.036,4.077,189318.12,2024-06-20 13:30:00
1718890260000,4.08,4.092,4.027,4.028,171830.17,2024-06-20 13:31:00
1718890320000,4.028,4.044,3.905,3.936,318335.59,2024-06-20 13:32:00
1718890380000,3.937,3.945,3.834,3.847,394584.27,2024-06-20 13:33:00
1718890440000,3.85,3.882,3.815,3.865,248782.86,2024-06-20 13:34:00
1718890500000,3.864,3.869,3.819,3.842,169283.97,2024-06-20 13:35:00
1718890560000,3.841,3.927,3.841,3.917,211690.09,2024-06-20 13:36:00
1718890620000,3.915,3.935,3.909,3.92,90564.2,2024-06-20 13:37:00
1718890680000,3.922,3.948,3.906,3.908,136472.05,2024-06-20 13:38:00
1718890740000,3.908,3.91,3.88,3.884,125502.38,2024-06-20 13:39:00
1718890800000,3.883,3.884,3.81,3.849,276734.92,2024-06-20 13:40:00
1718890860000,3.846,3.902,3.845,3.886,176757.15,2024-06-20 13:41:00
1718890920000,3.888,3.888,3.816,3.84,192758.22,2024-06-20 13:42:00
1718890980000,3.841,3.844,3.76,3.778,243953.57,2024-06-20 13:43:00
1718891040000,3.778,3.879,3.72,3.841,245455.66,2024-06-20 13:44:00
1718891100000,3.836,3.851,3.809,3.82,117116.46,2024-06-20 13:45:00
1718891160000,3.82,3.9,3.814,3.899,134500.63,2024-06-20 13:46:00
1718891220000,3.898,3.918,3.887,3.911,106523.74,2024-06-20 13:47:00
1718891280000,3.909,3.937,3.858,3.86,144633.48,2024-06-20 13:48:00
1718891340000,3.861,3.912,3.859,3.882,104861.96,2024-06-20 13:49:00
1718891400000,3.881,3.94,3.88,3.92,123462.23,2024-06-20 13:50:00
1718891460000,3.92,3.95,3.92,3.93,64327.14,2024-06-20 13:51:00
1718891520000,3.93,3.93,3.863,3.9,170539.7,2024-06-20 13:52:00
1718891580000,3.9,3.944,3.895,3.905,77060.28,2024-06-20 13:53:00
1718891640000,3.904,3.926,3.884,3.884,65457.04,2024-06-20 13:54:00
1718891700000,3.884,3.888,3.8,3.8,152104.16,2024-06-20 13:55:00
1718891760000,3.8,3.812,3.784,3.786,113352.79,2024-06-20 13:56:00
1718891820000,3.786,3.787,3.74,3.743,116001.85,2024-06-20 13:57:00
1718891880000,3.743,3.77,3.727,3.76,131887.15,2024-06-20 13:58:00
1718891940000,3.76,3.763,3.68,3.694,217013.31,2024-06-20 13:59:00
1718892000000,3.693,3.784,3.67,3.745,175939.61,2024-06-20 14:00:00
1718892060000,3.744,3.744,3.691,3.725,117000.15,2024-06-20 14:01:00
1718892120000,3.725,3.73,3.67,3.71,117112.74,2024-06-20 14:02:00
1718892180000,3.709,3.71,3.66,3.661,55875.3,2024-06-20 14:03:00
1718892240000,3.66,3.678,3.62,3.632,219704.52,2024-06-20 14:04:00
1718892300000,3.632,3.634,3.6,3.617,212178.21,2024-06-20 14:05:00
1718892360000,3.617,3.695,3.614,3.681,126703.23,2024-06-20 14:06:00
1718892420000,3.681,3.7,3.65,3.694,105348.47,2024-06-20 14:07:00
1718892480000,3.694,3.73,3.679,3.683,81822.91,2024-06-20 14:08:00
1718892540000,3.682,3.686,3.568,3.614,217022.36,2024-06-20 14:09:00
1718892600000,3.613,3.703,3.603,3.641,157114.08,2024-06-20 14:10:00
1718892660000,3.641,3.676,3.637,3.654,66010.84,2024-06-20 14:11:00
1718892720000,3.655,3.719,3.655,3.706,88373.83,2024-06-20 14:12:00
1718892780000,3.706,3.728,3.692,3.697,81011.86,2024-06-20 14:13:00
1718892840000,3.698,3.698,3.65,3.665,57372.75,2024-06-20 14:14:00
1718892900000,3.666,3.725,3.661,3.678,74736.13,2024-06-20 14:15:00
1718892960000,3.679,3.714,3.647,3.65,68068.51,2024-06-20 14:16:00
1718893020000,3.648,3.66,3.62,3.63,95408.76,2024-06-20 14:17:00
1718893080000,3.633,3.705,3.627,3.691,69494.2,2024-06-20 14:18:00
1718893140000,3.691,3.694,3.67,3.677,46109.95,2024-06-20 14:19:00
1718893200000,3.677,3.7,3.67,3.67,55309.28,2024-06-20 14:20:00
1718893260000,3.67,3.707,3.67,3.67,79641.04,2024-06-20 14:21:00
1718893320000,3.67,3.69,3.624,3.68,114239.35,2024-06-20 14:22:00
1718893380000,3.681,3.687,3.64,3.658,62918.82,2024-06-20 14:23:00
1718893440000,3.658,3.736,3.656,3.677,123239.59,2024-06-20 14:24:00
1718893500000,3.675,3.682,3.645,3.657,80763.77,2024-06-20 14:25:00
1718893560000,3.657,3.7,3.655,3.7,54827.81,2024-06-20 14:26:00
1718893620000,3.697,3.723,3.695,3.701,71520.8,2024-06-20 14:27:00
1718893680000,3.702,3.721,3.684,3.706,39419.94,2024-06-20 14:28:00
1718893740000,3.708,3.723,3.702,3.723,43369.78,2024-06-20 14:29:00
1718893800000,3.722,3.745,3.695,3.702,97489.83,2024-06-20 14:30:00
1718893860000,3.703,3.709,3.671,3.7,83735.55,2024-06-20 14:31:00
1718893920000,3.7,3.755,3.697,3.743,111977.21,2024-06-20 14:32:00
1718893980000,3.748,3.829,3.744,3.828,149839.61,2024-06-20 14:33:00
1718894040000,3.829,3.838,3.779,3.809,134612.87,2024-06-20 14:34:00
1718894100000,3.812,3.82,3.769,3.8,118093.64,2024-06-20 14:35:00
1718894160000,3.8,3.814,3.785,3.804,76046.5,2024-06-20 14:36:00
1718894220000,3.806,3.864,3.802,3.853,134219.12,2024-06-20 14:37:00
1718894280000,3.853,3.853,3.77,3.777,161528.14,2024-06-20 14:38:00
1718894340000,3.779,3.802,3.769,3.785,64203.08,2024-06-20 14:39:00
1718894400000,3.784,3.818,3.77,3.783,52496.26,2024-06-20 14:40:00
1718894460000,3.778,3.808,3.77,3.792,34090.8,2024-06-20 14:41:00
1718894520000,3.792,3.798,3.779,3.78,27945.75,2024-06-20 14:42:00
1718894580000,3.782,3.784,3.764,3.779,68194.55,2024-06-20 14:43:00
1718894640000,3.779,3.91,3.755,3.788,242113.92,2024-06-20 14:44:00
1718894700000,3.789,3.814,3.788,3.802,36654.75,2024-06-20 14:45:00
1718894760000,3.805,3.831,3.776,3.78,71818.64,2024-06-20 14:46:00
1718894820000,3.781,3.808,3.777,3.8,34546.16,2024-06-20 14:47:00
1718894880000,3.8,3.817,3.8,3.803,58583.84,2024-06-20 14:48:00
1718894940000,3.803,3.821,3.8,3.807,56055.53,2024-06-20 14:49:00
1718895000000,3.806,3.835,3.801,3.812,86550.8,2024-06-20 14:50:00
1718895060000,3.812,3.843,3.809,3.816,61816.16,2024-06-20 14:51:00
1718895120000,3.817,3.824,3.753,3.761,75152.43,2024-06-20 14:52:00
1718895180000,3.761,3.769,3.733,3.734,31848.6,2024-06-20 14:53:00
1718895240000,3.734,3.735,3.724,3.734,25095.57,2024-06-20 14:54:00
1718895300000,3.734,3.776,3.73,3.77,28668.34,2024-06-20 14:55:00
1718895360000,3.769,3.774,3.754,3.758,20388.23,2024-06-20 14:56:00
1718895420000,3.757,3.758,3.742,3.745,22457.37,2024-06-20 14:57:00
1718895480000,3.745,3.749,3.708,3.719,51963.1,2024-06-20 14:58:00
1718895540000,3.722,3.731,3.712,3.719,39975.67,2024-06-20 14:59:00
1718895600000,3.718,3.719,3.7,3.7,64281.02,2024-06-20 15:00:00
1718895660000,3.7,3.701,3.672,3.674,35160.37,2024-06-20 15:01:00
1718895720000,3.674,3.709,3.671,3.706,29360.29,2024-06-20 15:02:00
1718895780000,3.703,3.705,3.65,3.672,53976.39,2024-06-20 15:03:00
1718895840000,3.673,3.673,3.649,3.654,42189.76,2024-06-20 15:04:00
1718895900000,3.654,3.681,3.653,3.669,35623.19,2024-06-20 15:05:00
1718895960000,3.667,3.67,3.64,3.64,56642.31,2024-06-20 15:06:00
1718896020000,3.643,3.645,3.605,3.606,63490.88,2024-06-20 15:07:00
1718896080000,3.607,3.629,3.6,3.6,59226.45,2024-06-20 15:08:00
1718896140000,3.6,3.621,3.6,3.606,35392.09,2024-06-20 15:09:00
1718896200000,3.605,3.627,3.602,3.615,59424.12,2024-06-20 15:10:00
1718896260000,3.617,3.645,3.615,3.635,63556.62,2024-06-20 15:11:00
1718896320000,3.635,3.65,3.625,3.629,64234.39,2024-06-20 15:12:00
1718896380000,3.629,3.63,3.605,3.605,33210.56,2024-06-20 15:13:00
1718896440000,3.605,3.618,3.6,3.617,44051.39,2024-06-20 15:14:00
1718896500000,3.617,3.621,3.607,3.618,33924.32,2024-06-20 15:15:00
1718896560000,3.615,3.628,3.605,3.626,62418.95,2024-06-20 15:16:00
1718896620000,3.628,3.64,3.62,3.636,43798.69,2024-06-20 15:17:00
1718896680000,3.636,3.64,3.615,3.616,33397.24,2024-06-20 15:18:00
1718896740000,3.616,3.617,3.58,3.58,103404.11,2024-06-20 15:19:00
1718896800000,3.58,3.585,3.55,3.552,98622.21,2024-06-20 15:20:00
1718896860000,3.55,3.579,3.55,3.555,58613.26,2024-06-20 15:21:00
1718896920000,3.557,3.561,3.552,3.56,26573.87,2024-06-20 15:22:00
1718896980000,3.56,3.568,3.556,3.558,38723.82,2024-06-20 15:23:00
1718897040000,3.556,3.577,3.535,3.559,87836.52,2024-06-20 15:24:00
1718897100000,3.562,3.562,3.506,3.51,62351.3,2024-06-20 15:25:00
1718897160000,3.511,3.513,3.5,3.501,113206.85,2024-06-20 15:26:00
1718897220000,3.502,3.513,3.475,3.478,82867.18,2024-06-20 15:27:00
1718897280000,3.478,3.497,3.475,3.479,72159.01,2024-06-20 15:28:00
1718897340000,3.477,3.481,3.45,3.457,92742.65,2024-06-20 15:29:00
1718897400000,3.456,3.46,3.429,3.433,92305.42,2024-06-20 15:30:00
1718897460000,3.433,3.477,3.43,3.477,82996.44,2024-06-20 15:31:00
1718897520000,3.476,3.505,3.47,3.487,92417.14,2024-06-20 15:32:00
1718897580000,3.487,3.51,3.47,3.502,80363.61,2024-06-20 15:33:00
1718897640000,3.502,3.564,3.498,3.564,166858.01,2024-06-20 15:34:00
1718897700000,3.562,3.585,3.551,3.566,87432.6,2024-06-20 15:35:00
1718897760000,3.567,3.577,3.541,3.545,60699.24,2024-06-20 15:36:00
1718897820000,3.545,3.58,3.54,3.568,48340.1,2024-06-20 15:37:00
1718897880000,3.567,3.612,3.566,3.585,78718.19,2024-06-20 15:38:00
1718897940000,3.586,3.6,3.573,3.589,42846.16,2024-06-20 15:39:00
1718898000000,3.59,3.59,3.572,3.576,24991.52,2024-06-20 15:40:00
1718898060000,3.576,3.602,3.575,3.587,45628.42,2024-06-20 15:41:00
1718898120000,3.583,3.63,3.582,3.616,94467.26,2024-06-20 15:42:00
1718898180000,3.616,3.622,3.585,3.588,62843.78,2024-06-20 15:43:00
1718898240000,3.585,3.593,3.551,3.557,54409.33,2024-06-20 15:44:00
1718898300000,3.558,3.575,3.549,3.571,27507.83,2024-06-20 15:45:00
1718898360000,3.571,3.586,3.53,3.549,60207.56,2024-06-20 15:46:00
1718898420000,3.55,3.553,3.525,3.544,29454.71,2024-06-20 15:47:00
1718898480000,3.544,3.546,3.53,3.531,33082.63,2024-06-20 15:48:00
1718898540000,3.532,3.538,3.514,3.527,51347.02,2024-06-20 15:49:00
1718898600000,3.529,3.55,3.517,3.538,34489.48,2024-06-20 15:50:00
1718898660000,3.538,3.564,3.533,3.55,42558.17,2024-06-20 15:51:00
1718898720000,3.55,3.558,3.525,3.528,57003.18,2024-06-20 15:52:00
1718898780000,3.527,3.658,3.517,3.54,730803.52,2024-06-20 15:53:00
1718898840000,3.542,3.62,3.535,3.608,134356.06,2024-06-20 15:54:00
1718898900000,3.606,3.609,3.58,3.588,31792.91,2024-06-20 15:55:00
1718898960000,3.588,3.593,3.569,3.587,38444.23,2024-06-20 15:56:00
1718899020000,3.59,3.594,3.572,3.58,35166.61,2024-06-20 15:57:00
1718899080000,3.583,3.596,3.579,3.591,15765.17,2024-06-20 15:58:00
1718899140000,3.594,3.596,3.572,3.572,32254.98,2024-06-20 15:59:00
1718899200000,3.573,3.578,3.535,3.539,47594.92,2024-06-20 16:00:00
1718899260000,3.546,3.57,3.526,3.545,61224.14,2024-06-20 16:01:00
1718899320000,3.548,3.552,3.535,3.54,29212.62,2024-06-20 16:02:00
1718899380000,3.543,3.543,3.52,3.529,33230.38,2024-06-20 16:03:00
1718899440000,3.529,3.529,3.52,3.522,19833.06,2024-06-20 16:04:00
1718899500000,3.521,3.528,3.511,3.512,44268.41,2024-06-20 16:05:00
1718899560000,3.512,3.518,3.5,3.5,63172.48,2024-06-20 16:06:00
1718899620000,3.502,3.502,3.474,3.483,77431.91,2024-06-20 16:07:00
1718899680000,3.483,3.483,3.443,3.448,50713.85,2024-06-20 16:08:00
1718899740000,3.447,3.45,3.424,3.429,46541.03,2024-06-20 16:09:00
1718899800000,3.428,3.49,3.424,3.476,68818.09,2024-06-20 16:10:00
1718899860000,3.475,3.48,3.459,3.464,30566.98,2024-06-20 16:11:00
1718899920000,3.464,3.48,3.463,3.48,26435.04,2024-06-20 16:12:00
1718899980000,3.48,3.541,3.48,3.509,102614.88,2024-06-20 16:13:00
1718900040000,3.507,3.538,3.506,3.527,27184.59,2024-06-20 16:14:00
1718900100000,3.529,3.563,3.515,3.551,68010.06,2024-06-20 16:15:00
1718900160000,3.551,3.554,3.508,3.537,25997.64,2024-06-20 16:16:00
1718900220000,3.533,3.533,3.495,3.5,29196.91,2024-06-20 16:17:00
1718900280000,3.5,3.533,3.493,3.527,31605.23,2024-06-20 16:18:00
1718900340000,3.525,3.535,3.519,3.533,22815.27,2024-06-20 16:19:00
1718900400000,3.534,3.536,3.5,3.5,31463.69,2024-06-20 16:20:00
1718900460000,3.5,3.504,3.47,3.472,62508.78,2024-06-20 16:21:00
1718900520000,3.475,3.478,3.469,3.47,21993.08,2024-06-20 16:22:00
1718900580000,3.471,3.508,3.47,3.481,44983.64,2024-06-20 16:23:00
1718900640000,3.482,3.482,3.472,3.475,12349.22,2024-06-20 16:24:00
1718900700000,3.472,3.511,3.466,3.5,43185.03,2024-06-20 16:25:00
1718900760000,3.5,3.503,3.461,3.479,39276.1,2024-06-20 16:26:00
1718900820000,3.479,3.479,3.457,3.46,13559.78,2024-06-20 16:27:00
1718900880000,3.458,3.46,3.43,3.43,40499.28,2024-06-20 16:28:00
1718900940000,3.43,3.454,3.405,3.43,106123.57,2024-06-20 16:29:00
1718901000000,3.43,3.43,3.4,3.411,94238.03,2024-06-20 16:30:00
1718901060000,3.411,3.473,3.409,3.422,77662.96,2024-06-20 16:31:00
1718901120000,3.422,3.453,3.411,3.45,60634.49,2024-06-20 16:32:00
1718901180000,3.447,3.45,3.4,3.415,64497.38,2024-06-20 16:33:00
1718901240000,3.415,3.43,3.412,3.413,16234.19,2024-06-20 16:34:00
1718901300000,3.416,3.466,3.413,3.453,51819.6,2024-06-20 16:35:00
1718901360000,3.456,3.457,3.429,3.436,17157.45,2024-06-20 16:36:00
1718901420000,3.437,3.444,3.381,3.381,37494.57,2024-06-20 16:37:00
1718901480000,3.382,3.399,3.375,3.391,54918.54,2024-06-20 16:38:00
1718901540000,3.391,3.426,3.388,3.4,47313.23,2024-06-20 16:39:00
1718901600000,3.404,3.415,3.386,3.392,17628.6,2024-06-20 16:40:00
1718901660000,3.392,3.418,3.39,3.415,31550.86,2024-06-20 16:41:00
1718901720000,3.414,3.433,3.413,3.42,22903.86,2024-06-20 16:42:00
1718901780000,3.421,3.429,3.404,3.42,42301.93,2024-06-20 16:43:00
1718901840000,3.42,3.462,3.414,3.451,56564.95,2024-06-20 16:44:00
1718901900000,3.45,3.474,3.45,3.471,41250.14,2024-06-20 16:45:00
1718901960000,3.473,3.492,3.467,3.489,65179.86,2024-06-20 16:46:00
1718902020000,3.49,3.49,3.462,3.466,50709.87,2024-06-20 16:47:00
1718902080000,3.465,3.469,3.45,3.455,28872.81,2024-06-20 16:48:00
1718902140000,3.455,3.478,3.454,3.458,39126.56,2024-06-20 16:49:00
1718902200000,3.458,3.49,3.457,3.487,18342.83,2024-06-20 16:50:00
1718902260000,3.487,3.5,3.479,3.5,19894.48,2024-06-20 16:51:00
1718902320000,3.5,3.515,3.493,3.497,62564.11,2024-06-20 16:52:00
1718902380000,3.497,3.509,3.47,3.5,63605.89,2024-06-20 16:53:00
1718902440000,3.499,3.516,3.495,3.514,17256.19,2024-06-20 16:54:00
1718902500000,3.515,3.538,3.508,3.533,24750.2,2024-06-20 16:55:00
1718902560000,3.537,3.549,3.531,3.547,41209.51,2024-06-20 16:56:00
1718902620000,3.547,3.55,3.531,3.539,74390.31,2024-06-20 16:57:00
1718902680000,3.541,3.541,3.531,3.531,27334.54,2024-06-20 16:58:00
1718902740000,3.532,3.544,3.521,3.538,23569.06,2024-06-20 16:59:00
1718902800000,3.539,3.574,3.53,3.573,56801.79,2024-06-20 17:00:00
1718902860000,3.574,3.577,3.529,3.565,153345.9,2024-06-20 17:01:00
1718902920000,3.566,3.571,3.519,3.534,50047.17,2024-06-20 17:02:00
1718902980000,3.535,3.549,3.528,3.534,14734.84,2024-06-20 17:03:00
1718903040000,3.535,3.541,3.525,3.533,22538.85,2024-06-20 17:04:00
1718903100000,3.531,3.531,3.491,3.497,49169.88,2024-06-20 17:05:00
1718903160000,3.495,3.495,3.483,3.483,9606.85,2024-06-20 17:06:00
1718903220000,3.485,3.5,3.484,3.497,16613.4,2024-06-20 17:07:00
1718903280000,3.497,3.499,3.462,3.469,12744.81,2024-06-20 17:08:00
1718903340000,3.468,3.487,3.464,3.475,13702.36,2024-06-20 17:09:00
1718903400000,3.475,3.48,3.469,3.477,6474.71,2024-06-20 17:10:00
1718903460000,3.478,3.498,3.478,3.495,13310.55,2024-06-20 17:11:00
1718903520000,3.495,3.495,3.477,3.477,19339.3,2024-06-20 17:12:00
1718903580000,3.478,3.479,3.461,3.473,14844.37,2024-06-20 17:13:00
1718903640000,3.471,3.486,3.464,3.483,16288.04,2024-06-20 17:14:00
1718903700000,3.483,3.505,3.481,3.498,21057.21,2024-06-20 17:15:00
1718903760000,3.497,3.53,3.495,3.53,16945.4,2024-06-20 17:16:00
1718903820000,3.53,3.553,3.523,3.531,35752.46,2024-06-20 17:17:00
1718903880000,3.536,3.543,3.523,3.537,20545.33,2024-06-20 17:18:00
1718903940000,3.536,3.55,3.529,3.536,20381.04,2024-06-20 17:19:00
1718904000000,3.536,3.538,3.511,3.516,12801.44,2024-06-20 17:20:00
1718904060000,3.518,3.54,3.514,3.537,13616.94,2024-06-20 17:21:00
1718904120000,3.536,3.539,3.521,3.525,6971.99,2024-06-20 17:22:00
1718904180000,3.525,3.546,3.524,3.546,13437.07,2024-06-20 17:23:00
1718904240000,3.544,3.545,3.536,3.536,11024.77,2024-06-20 17:24:00
1718904300000,3.534,3.536,3.519,3.526,16543.84,2024-06-20 17:25:00
1718904360000,3.527,3.543,3.525,3.539,8347.5,2024-06-20 17:26:00
1718904420000,3.54,3.557,3.537,3.552,17085.01,2024-06-20 17:27:00
1718904480000,3.552,3.59,3.551,3.574,68671.62,2024-06-20 17:28:00
1718904540000,3.573,3.596,3.56,3.594,51086.13,2024-06-20 17:29:00
1718904600000,3.594,3.61,3.586,3.588,71657.52,2024-06-20 17:30:00
1718904660000,3.59,3.591,3.566,3.572,29099.3,2024-06-20 17:31:00
1718904720000,3.573,3.583,3.561,3.583,24993.65,2024-06-20 17:32:00
1718904780000,3.582,3.595,3.581,3.592,13271.58,2024-06-20 17:33:00
1718904840000,3.592,3.593,3.566,3.57,11618.18,2024-06-20 17:34:00
1718904900000,3.568,3.585,3.568,3.581,9420.19,2024-06-20 17:35:00
1718904960000,3.581,3.608,3.581,3.605,34565.54,2024-06-20 17:36:00
1718905020000,3.602,3.612,3.6,3.61,20599.34,2024-06-20 17:37:00
1718905080000,3.61,3.614,3.589,3.604,22522.37,2024-06-20 17:38:00
1718905140000,3.606,3.638,3.606,3.618,45052.61,2024-06-20 17:39:00
1718905200000,3.616,3.659,3.6,3.653,79208.1,2024-06-20 17:40:00
1718905260000,3.649,3.649,3.63,3.637,22737.46,2024-06-20 17:41:00
1718905320000,3.637,3.677,3.637,3.673,42068.53,2024-06-20 17:42:00
1718905380000,3.672,3.677,3.656,3.663,53539.47,2024-06-20 17:43:00
1718905440000,3.661,3.665,3.64,3.651,30389.5,2024-06-20 17:44:00
1718905500000,3.652,3.66,3.636,3.637,29405.96,2024-06-20 17:45:00
1718905560000,3.639,3.642,3.631,3.638,12963.99,2024-06-20 17:46:00
1718905620000,3.639,3.672,3.639,3.664,30616.73,2024-06-20 17:47:00
1718905680000,3.663,3.665,3.65,3.656,23532.97,2024-06-20 17:48:00
1718905740000,3.655,3.668,3.655,3.668,16428.8,2024-06-20 17:49:00
1718905800000,3.668,3.67,3.605,3.607,56950.56,2024-06-20 17:50:00
1718905860000,3.61,3.652,3.61,3.632,40633.28,2024-06-20 17:51:00
1718905920000,3.633,3.637,3.627,3.63,14694.25,2024-06-20 17:52:00
1718905980000,3.629,3.64,3.614,3.615,11032.63,2024-06-20 17:53:00
1718906040000,3.615,3.643,3.61,3.642,15470.84,2024-06-20 17:54:00
1718906100000,3.641,3.65,3.622,3.642,16876.95,2024-06-20 17:55:00
1718906160000,3.641,3.674,3.634,3.662,58444.52,2024-06-20 17:56:00
1718906220000,3.662,3.677,3.657,3.666,26491.11,2024-06-20 17:57:00
1718906280000,3.669,3.69,3.661,3.688,41115.28,2024-06-20 17:58:00
1718906340000,3.686,3.7,3.666,3.697,39802.8,2024-06-20 17:59:00
1718906400000,3.698,3.723,3.69,3.722,68155.52,2024-06-20 18:00:00
1718906460000,3.722,3.728,3.703,3.718,41965.72,2024-06-20 18:01:00
1718906520000,3.718,3.719,3.684,3.713,42268.41,2024-06-20 18:02:00
1718906580000,3.713,3.786,3.713,3.779,173485.21,2024-06-20 18:03:00
1718906640000,3.779,3.78,3.749,3.755,24438.42,2024-06-20 18:04:00
1718906700000,3.754,3.788,3.753,3.772,40675.7,2024-06-20 18:05:00
1718906760000,3.773,3.781,3.765,3.77,24332.46,2024-06-20 18:06:00
1718906820000,3.77,3.803,3.768,3.798,70699.14,2024-06-20 18:07:00
1718906880000,3.799,3.812,3.774,3.774,87992.39,2024-06-20 18:08:00
1718906940000,3.774,3.801,3.768,3.79,41080.68,2024-06-20 18:09:00
1718907000000,3.789,3.796,3.775,3.777,33927.26,2024-06-20 18:10:00
1718907060000,3.778,3.779,3.736,3.743,44475.74,2024-06-20 18:11:00
1718907120000,3.744,3.758,3.735,3.737,26058.06,2024-06-20 18:12:00
1718907180000,3.737,3.767,3.715,3.751,38872.58,2024-06-20 18:13:00
1718907240000,3.751,3.754,3.709,3.726,37167.74,2024-06-20 18:14:00
1718907300000,3.728,3.743,3.725,3.741,18728.48,2024-06-20 18:15:00
1718907360000,3.742,3.765,3.74,3.76,39090.24,2024-06-20 18:16:00
1718907420000,3.76,3.77,3.75,3.761,21658.9,2024-06-20 18:17:00
1718907480000,3.761,3.788,3.757,3.771,35660.69,2024-06-20 18:18:00
1718907540000,3.773,3.773,3.766,3.769,7326.12,2024-06-20 18:19:00
1718907600000,3.767,3.772,3.722,3.737,53756.56,2024-06-20 18:20:00
1718907660000,3.738,3.738,3.701,3.71,31691.36,2024-06-20 18:21:00
1718907720000,3.711,3.729,3.709,3.712,15106.86,2024-06-20 18:22:00
1718907780000,3.71,3.72,3.705,3.71,11918.39,2024-06-20 18:23:00
1718907840000,3.711,3.713,3.689,3.691,35675.19,2024-06-20 18:24:00
1718907900000,3.691,3.712,3.677,3.681,27183.88,2024-06-20 18:25:00
1718907960000,3.683,3.748,3.682,3.739,25869.8,2024-06-20 18:26:00
1718908020000,3.735,3.749,3.717,3.722,18372.92,2024-06-20 18:27:00
1718908080000,3.723,3.726,3.715,3.723,7877.66,2024-06-20 18:28:00
1718908140000,3.723,3.724,3.692,3.7,29802.56,2024-06-20 18:29:00
1718908200000,3.699,3.703,3.686,3.694,17162.11,2024-06-20 18:30:00
1718908260000,3.69,3.693,3.671,3.692,45109.2,2024-06-20 18:31:00
1718908320000,3.69,3.692,3.668,3.669,18187.25,2024-06-20 18:32:00
1718908380000,3.668,3.682,3.668,3.679,19881.94,2024-06-20 18:33:00
1718908440000,3.68,3.685,3.665,3.666,25169.93,2024-06-20 18:34:00
1718908500000,3.667,3.699,3.664,3.677,32248.94,2024-06-20 18:35:00
1718908560000,3.682,3.685,3.664,3.669,15371.84,2024-06-20 18:36:00
1718908620000,3.667,3.674,3.645,3.651,23508.05,2024-06-20 18:37:00
1718908680000,3.65,3.65,3.629,3.649,34539.3,2024-06-20 18:38:00
1718908740000,3.648,3.658,3.645,3.65,14703.32,2024-06-20 18:39:00
1718908800000,3.649,3.664,3.647,3.663,9050.36,2024-06-20 18:40:00
1718908860000,3.664,3.684,3.651,3.684,23923.73,2024-06-20 18:41:00
1718908920000,3.683,3.691,3.663,3.667,14941.21,2024-06-20 18:42:00
1718908980000,3.667,3.714,3.665,3.711,36110.81,2024-06-20 18:43:00
1718909040000,3.712,3.712,3.685,3.694,29316.1,2024-06-20 18:44:00
1718909100000,3.692,3.705,3.682,3.697,8982.52,2024-06-20 18:45:00
1718909160000,3.698,3.701,3.67,3.672,15772.2,2024-06-20 18:46:00
1718909220000,3.672,3.695,3.67,3.67,12713.13,2024-06-20 18:47:00
1718909280000,3.67,3.686,3.67,3.679,4538.39,2024-06-20 18:48:00
1718909340000,3.679,3.694,3.679,3.683,7387.89,2024-06-20 18:49:00
1718909400000,3.682,3.683,3.664,3.68,14222.68,2024-06-20 18:50:00
1718909460000,3.681,3.681,3.675,3.678,6269.78,2024-06-20 18:51:00
1718909520000,3.679,3.701,3.679,3.694,13207.87,2024-06-20 18:52:00
1718909580000,3.694,3.697,3.689,3.689,11325.43,2024-06-20 18:53:00
1718909640000,3.689,3.691,3.648,3.663,28109.68,2024-06-20 18:54:00
1718909700000,3.664,3.669,3.635,3.64,27317.22,2024-06-20 18:55:00
1718909760000,3.636,3.648,3.629,3.642,19431.25,2024-06-20 18:56:00
1718909820000,3.643,3.656,3.636,3.638,12549.79,2024-06-20 18:57:00
1718909880000,3.637,3.637,3.616,3.62,27959.15,2024-06-20 18:58:00
1718909940000,3.62,3.629,3.619,3.622,8364.44,2024-06-20 18:59:00
1718910000000,3.621,3.634,3.598,3.614,32605.81,2024-06-20 19:00:00
1718910060000,3.612,3.613,3.6,3.604,29001.35,2024-06-20 19:01:00
1718910120000,3.603,3.603,3.579,3.592,35216.41,2024-06-20 19:02:00
1718910180000,3.592,3.632,3.58,3.618,52028.28,2024-06-20 19:03:00
1718910240000,3.616,3.617,3.593,3.612,12457.82,2024-06-20 19:04:00
1718910300000,3.612,3.614,3.601,3.601,3799.56,2024-06-20 19:05:00
1718910360000,3.602,3.657,3.601,3.651,23746.33,2024-06-20 19:06:00
1718910420000,3.651,3.66,3.623,3.639,34875.02,2024-06-20 19:07:00
1718910480000,3.64,3.641,3.624,3.629,5165.79,2024-06-20 19:08:00
1718910540000,3.629,3.632,3.623,3.623,4420.67,2024-06-20 19:09:00
1718910600000,3.625,3.632,3.605,3.63,17421.17,2024-06-20 19:10:00
1718910660000,3.629,3.632,3.596,3.602,33381.46,2024-06-20 19:11:00
1718910720000,3.604,3.622,3.602,3.61,7980.64,2024-06-20 19:12:00
1718910780000,3.61,3.614,3.601,3.61,9101.72,2024-06-20 19:13:00
1718910840000,3.611,3.618,3.608,3.608,9337.24,2024-06-20 19:14:00
1718910900000,3.609,3.66,3.585,3.629,84766.24,2024-06-20 19:15:00
1718910960000,3.631,3.662,3.631,3.651,27541.52,2024-06-20 19:16:00
1718911020000,3.651,3.651,3.633,3.635,15904.92,2024-06-20 19:17:00
1718911080000,3.635,3.65,3.63,3.649,6757.53,2024-06-20 19:18:00
1718911140000,3.65,3.651,3.63,3.645,13594.6,2024-06-20 19:19:00
1718911200000,3.645,3.645,3.612,3.618,17408.75,2024-06-20 19:20:00
1718911260000,3.618,3.628,3.616,3.618,16890.27,2024-06-20 19:21:00
1718911320000,3.618,3.618,3.591,3.609,16302.94,2024-06-20 19:22:00
1718911380000,3.609,3.609,3.59,3.592,16776.61,2024-06-20 19:23:00
1718911440000,3.592,3.605,3.579,3.601,62396.07,2024-06-20 19:24:00
1718911500000,3.602,3.609,3.601,3.604,11980.14,2024-06-20 19:25:00
1718911560000,3.603,3.605,3.594,3.597,10086.58,2024-06-20 19:26:00
1718911620000,3.597,3.6,3.59,3.599,16805.28,2024-06-20 19:27:00
1718911680000,3.599,3.62,3.596,3.611,26257.04,2024-06-20 19:28:00
1718911740000,3.611,3.618,3.592,3.592,23788.86,2024-06-20 19:29:00
1718911800000,3.592,3.605,3.589,3.595,38456.96,2024-06-20 19:30:00
1718911860000,3.597,3.599,3.588,3.592,7618.62,2024-06-20 19:31:00
1718911920000,3.588,3.591,3.567,3.59,27105.17,2024-06-20 19:32:00
1718911980000,3.591,3.603,3.591,3.599,12013.6,2024-06-20 19:33:00
1718912040000,3.6,3.601,3.59,3.59,7898.56,2024-06-20 19:34:00
1718912100000,3.588,3.592,3.584,3.589,8276.5,2024-06-20 19:35:00
1718912160000,3.59,3.591,3.536,3.555,77224.47,2024-06-20 19:36:00
1718912220000,3.555,3.564,3.548,3.56,11054.59,2024-06-20 19:37:00
1718912280000,3.558,3.559,3.533,3.537,23468.07,2024-06-20 19:38:00
1718912340000,3.538,3.55,3.532,3.537,16323.86,2024-06-20 19:39:00
1718912400000,3.537,3.546,3.519,3.524,18499.34,2024-06-20 19:40:00
1718912460000,3.52,3.524,3.503,3.508,47833.83,2024-06-20 19:41:00
1718912520000,3.507,3.524,3.507,3.52,10033.24,2024-06-20 19:42:00
1718912580000,3.521,3.522,3.51,3.512,16253.68,2024-06-20 19:43:00
1718912640000,3.512,3.512,3.504,3.508,9794.8,2024-06-20 19:44:00
1718912700000,3.509,3.53,3.508,3.527,20643.03,2024-06-20 19:45:00
1718912760000,3.528,3.529,3.506,3.512,8306.73,2024-06-20 19:46:00
1718912820000,3.512,3.521,3.509,3.518,11887.44,2024-06-20 19:47:00
1718912880000,3.518,3.55,3.514,3.541,23379.26,2024-06-20 19:48:00
1718912940000,3.541,3.543,3.526,3.543,12660.03,2024-06-20 19:49:00
1718913000000,3.543,3.559,3.54,3.557,19265.07,2024-06-20 19:50:00
1718913060000,3.557,3.558,3.55,3.552,10740.44,2024-06-20 19:51:00
1718913120000,3.552,3.552,3.539,3.544,21482.47,2024-06-20 19:52:00
1718913180000,3.544,3.549,3.543,3.545,6103.97,2024-06-20 19:53:00
1718913240000,3.547,3.549,3.545,3.545,4210.95,2024-06-20 19:54:00
1718913300000,3.545,3.546,3.524,3.526,8656.44,2024-06-20 19:55:00
1718913360000,3.525,3.532,3.512,3.519,14852.63,2024-06-20 19:56:00
1718913420000,3.518,3.521,3.508,3.514,7891.01,2024-06-20 19:57:00
1718913480000,3.513,3.52,3.51,3.512,6733.44,2024-06-20 19:58:00
1718913540000,3.511,3.526,3.511,3.525,10579.37,2024-06-20 19:59:00
1718913600000,3.525,3.554,3.52,3.549,15139.16,2024-06-20 20:00:00
1718913660000,3.546,3.552,3.545,3.545,9271.7,2024-06-20 20:01:00
1718913720000,3.546,3.559,3.545,3.559,29472.17,2024-06-20 20:02:00
1718913780000,3.559,3.57,3.554,3.565,22977.78,2024-06-20 20:03:00
1718913840000,3.564,3.567,3.554,3.556,5589.7,2024-06-20 20:04:00
1718913900000,3.555,3.571,3.55,3.571,10392.84,2024-06-20 20:05:00
1718913960000,3.567,3.576,3.558,3.563,17900.2,2024-06-20 20:06:00
1718914020000,3.563,3.565,3.55,3.55,10228.25,2024-06-20 20:07:00
1718914080000,3.549,3.549,3.536,3.542,19176.79,2024-06-20 20:08:00
1718914140000,3.543,3.546,3.507,3.514,28324.74,2024-06-20 20:09:00
1718914200000,3.514,3.539,3.508,3.538,12528.86,2024-06-20 20:10:00
1718914260000,3.535,3.535,3.522,3.527,8656.11,2024-06-20 20:11:00
1718914320000,3.528,3.529,3.514,3.527,7082.49,2024-06-20 20:12:00
1718914380000,3.526,3.528,3.523,3.527,10134.1,2024-06-20 20:13:00
1718914440000,3.526,3.554,3.525,3.545,17984.55,2024-06-20 20:14:00
1718914500000,3.544,3.552,3.525,3.525,9776.59,2024-06-20 20:15:00
1718914560000,3.526,3.566,3.525,3.559,27939.84,2024-06-20 20:16:00
1718914620000,3.56,3.566,3.554,3.561,18563.89,2024-06-20 20:17:00
1718914680000,3.562,3.563,3.553,3.56,8801.98,2024-06-20 20:18:00
1718914740000,3.56,3.56,3.532,3.544,11897.4,2024-06-20 20:19:00
1718914800000,3.547,3.56,3.543,3.55,18982.96,2024-06-20 20:20:00
1718914860000,3.55,3.565,3.55,3.563,9393.37,2024-06-20 20:21:00
1718914920000,3.562,3.562,3.537,3.539,16449.69,2024-06-20 20:22:00
1718914980000,3.539,3.546,3.536,3.546,9002.96,2024-06-20 20:23:00
1718915040000,3.544,3.545,3.538,3.542,9652.12,2024-06-20 20:24:00
1718915100000,3.545,3.545,3.53,3.536,4811.4,2024-06-20 20:25:00
1718915160000,3.538,3.549,3.536,3.548,7382.13,2024-06-20 20:26:00
1718915220000,3.546,3.548,3.537,3.537,6446.9,2024-06-20 20:27:00
1718915280000,3.54,3.56,3.54,3.553,22223.29,2024-06-20 20:28:00
1718915340000,3.553,3.561,3.549,3.559,15820.21,2024-06-20 20:29:00
1718915400000,3.56,3.596,3.56,3.577,62648.03,2024-06-20 20:30:00
1718915460000,3.577,3.586,3.565,3.584,59786.65,2024-06-20 20:31:00
1718915520000,3.584,3.589,3.575,3.582,11639.32,2024-06-20 20:32:00
1718915580000,3.577,3.596,3.576,3.59,44456.57,2024-06-20 20:33:00
1718915640000,3.59,3.619,3.587,3.618,39330.59,2024-06-20 20:34:00
1718915700000,3.616,3.62,3.6,3.61,26653.58,2024-06-20 20:35:00
1718915760000,3.61,3.638,3.61,3.625,35864.77,2024-06-20 20:36:00
1718915820000,3.627,3.627,3.61,3.61,7941.58,2024-06-20 20:37:00
1718915880000,3.61,3.61,3.601,3.602,8404.66,2024-06-20 20:38:00
1718915940000,3.601,3.611,3.597,3.609,12061.51,2024-06-20 20:39:00
1718916000000,3.607,3.612,3.603,3.609,8382.95,2024-06-20 20:40:00
1718916060000,3.611,3.613,3.603,3.604,7020.89,2024-06-20 20:41:00
1718916120000,3.604,3.604,3.598,3.599,8070.6,2024-06-20 20:42:00
1718916180000,3.599,3.602,3.593,3.597,12334.18,2024-06-20 20:43:00
1718916240000,3.597,3.598,3.595,3.596,1769.33,2024-06-20 20:44:00
1718916300000,3.595,3.602,3.593,3.6,6863.99,2024-06-20 20:45:00
1718916360000,3.6,3.61,3.6,3.609,11435.8,2024-06-20 20:46:00
1718916420000,3.61,3.616,3.609,3.611,5991.53,2024-06-20 20:47:00
1718916480000,3.612,3.62,3.606,3.613,14830.53,2024-06-20 20:48:00
1718916540000,3.611,3.625,3.602,3.62,12815.6,2024-06-20 20:49:00
1718916600000,3.619,3.621,3.611,3.611,4301.1,2024-06-20 20:50:00
1718916660000,3.611,3.612,3.575,3.588,20931.93,2024-06-20 20:51:00
1718916720000,3.589,3.591,3.571,3.584,11112.76,2024-06-20 20:52:00
1718916780000,3.581,3.589,3.576,3.587,10217.86,2024-06-20 20:53:00
1718916840000,3.587,3.594,3.583,3.594,3850.59,2024-06-20 20:54:00
1718916900000,3.595,3.606,3.595,3.598,6583.61,2024-06-20 20:55:00
1718916960000,3.6,3.603,3.598,3.598,3374.29,2024-06-20 20:56:00
1718917020000,3.598,3.603,3.596,3.598,6421.4,2024-06-20 20:57:00
1718917080000,3.598,3.598,3.595,3.597,2073.1,2024-06-20 20:58:00
1718917140000,3.598,3.622,3.598,3.614,10065.07,2024-06-20 20:59:00
1718917200000,3.614,3.615,3.612,3.613,3083.73,2024-06-20 21:00:00
1718917260000,3.615,3.616,3.574,3.584,24019.42,2024-06-20 21:01:00
1718917320000,3.584,3.612,3.58,3.608,10209.51,2024-06-20 21:02:00
1718917380000,3.608,3.609,3.592,3.593,4104.52,2024-06-20 21:03:00
1718917440000,3.593,3.608,3.593,3.608,4042.82,2024-06-20 21:04:00
1718917500000,3.609,3.614,3.608,3.61,5425.02,2024-06-20 21:05:00
1718917560000,3.611,3.615,3.609,3.613,4633.88,2024-06-20 21:06:00
1718917620000,3.613,3.619,3.613,3.619,3279.4,2024-06-20 21:07:00
1718917680000,3.617,3.618,3.615,3.616,4458.98,2024-06-20 21:08:00
1718917740000,3.617,3.618,3.614,3.615,7749.46,2024-06-20 21:09:00
1718917800000,3.616,3.62,3.611,3.617,9507.8,2024-06-20 21:10:00
1718917860000,3.617,3.623,3.615,3.622,10578.03,2024-06-20 21:11:00
1718917920000,3.62,3.649,3.618,3.643,35538.5,2024-06-20 21:12:00
1718917980000,3.643,3.65,3.633,3.639,27866.63,2024-06-20 21:13:00
1718918040000,3.641,3.65,3.641,3.65,8962.85,2024-06-20 21:14:00
1718918100000,3.648,3.654,3.647,3.651,12062.23,2024-06-20 21:15:00
1718918160000,3.651,3.661,3.647,3.651,19200.26,2024-06-20 21:16:00
1718918220000,3.649,3.651,3.6,3.625,46879.1,2024-06-20 21:17:00
1718918280000,3.623,3.626,3.614,3.618,7147.55,2024-06-20 21:18:00
1718918340000,3.617,3.624,3.614,3.618,16482.54,2024-06-20 21:19:00
1718918400000,3.617,3.623,3.615,3.62,5450.39,2024-06-20 21:20:00
1718918460000,3.62,3.628,3.619,3.627,3819.25,2024-06-20 21:21:00
1718918520000,3.627,3.631,3.626,3.629,4516.8,2024-06-20 21:22:00
1718918580000,3.629,3.638,3.624,3.637,8225.95,2024-06-20 21:23:00
1718918640000,3.639,3.646,3.634,3.64,6267.74,2024-06-20 21:24:00
1718918700000,3.641,3.65,3.635,3.645,18862.7,2024-06-20 21:25:00
1718918760000,3.645,3.655,3.644,3.652,10715.65,2024-06-20 21:26:00
1718918820000,3.651,3.66,3.651,3.654,10000.31,2024-06-20 21:27:00
1718918880000,3.654,3.655,3.646,3.646,8440.08,2024-06-20 21:28:00
1718918940000,3.646,3.646,3.62,3.621,18126.43,2024-06-20 21:29:00
1718919000000,3.621,3.634,3.617,3.617,6875.84,2024-06-20 21:30:00
1718919060000,3.617,3.623,3.6,3.601,22129.14,2024-06-20 21:31:00
1718919120000,3.601,3.604,3.594,3.598,12088.14,2024-06-20 21:32:00
1718919180000,3.597,3.598,3.593,3.593,3771.53,2024-06-20 21:33:00
1718919240000,3.593,3.596,3.551,3.565,59238.21,2024-06-20 21:34:00
1718919300000,3.565,3.575,3.559,3.57,10002.35,2024-06-20 21:35:00
1718919360000,3.57,3.583,3.569,3.581,5630.41,2024-06-20 21:36:00
1718919420000,3.583,3.586,3.578,3.581,5331.86,2024-06-20 21:37:00
1718919480000,3.581,3.581,3.555,3.558,8624.61,2024-06-20 21:38:00
1718919540000,3.56,3.568,3.556,3.563,7650.55,2024-06-20 21:39:00
1718919600000,3.561,3.566,3.56,3.562,4628.21,2024-06-20 21:40:00
1718919660000,3.562,3.565,3.56,3.561,6448.82,2024-06-20 21:41:00
1718919720000,3.561,3.579,3.561,3.577,7847.62,2024-06-20 21:42:00
1718919780000,3.577,3.58,3.571,3.576,5288.74,2024-06-20 21:43:00
1718919840000,3.576,3.579,3.571,3.571,3441.56,2024-06-20 21:44:00
1718919900000,3.572,3.572,3.563,3.568,10427.88,2024-06-20 21:45:00
1718919960000,3.567,3.567,3.56,3.56,3469.36,2024-06-20 21:46:00
1718920020000,3.56,3.564,3.555,3.56,8695.36,2024-06-20 21:47:00
1718920080000,3.562,3.565,3.559,3.559,2403.82,2024-06-20 21:48:00
1718920140000,3.559,3.562,3.554,3.554,4443.26,2024-06-20 21:49:00
1718920200000,3.555,3.556,3.53,3.532,32876.49,2024-06-20 21:50:00
1718920260000,3.533,3.541,3.533,3.541,5441.8,2024-06-20 21:51:00
1718920320000,3.54,3.546,3.539,3.545,11155.86,2024-06-20 21:52:00
1718920380000,3.545,3.547,3.543,3.544,1717.86,2024-06-20 21:53:00
1718920440000,3.545,3.545,3.534,3.534,7318.37,2024-06-20 21:54:00
1718920500000,3.534,3.538,3.53,3.532,7150.42,2024-06-20 21:55:00
1718920560000,3.531,3.532,3.512,3.515,22420.5,2024-06-20 21:56:00
1718920620000,3.515,3.522,3.515,3.516,6741.96,2024-06-20 21:57:00
1718920680000,3.518,3.52,3.512,3.513,8020.6,2024-06-20 21:58:00
1718920740000,3.513,3.517,3.512,3.514,4177.49,2024-06-20 21:59:00
1718920800000,3.515,3.521,3.514,3.515,6424.29,2024-06-20 22:00:00
1718920860000,3.515,3.515,3.501,3.506,10467.25,2024-06-20 22:01:00
1718920920000,3.508,3.536,3.508,3.533,14625.53,2024-06-20 22:02:00
1718920980000,3.531,3.553,3.531,3.553,12206.76,2024-06-20 22:03:00
1718921040000,3.552,3.558,3.544,3.548,9312.23,2024-06-20 22:04:00
1718921100000,3.549,3.554,3.546,3.552,4048.39,2024-06-20 22:05:00
1718921160000,3.553,3.556,3.545,3.545,2515.18,2024-06-20 22:06:00
1718921220000,3.547,3.549,3.538,3.541,7289.44,2024-06-20 22:07:00
1718921280000,3.541,3.541,3.535,3.536,8101.64,2024-06-20 22:08:00
1718921340000,3.536,3.541,3.535,3.539,9417.45,2024-06-20 22:09:00
1718921400000,3.538,3.541,3.535,3.536,3405.12,2024-06-20 22:10:00
1718921460000,3.537,3.54,3.533,3.533,8326.31,2024-06-20 22:11:00
1718921520000,3.534,3.538,3.53,3.53,6158.27,2024-06-20 22:12:00
1718921580000,3.532,3.533,3.529,3.532,3493.08,2024-06-20 22:13:00
1718921640000,3.531,3.532,3.527,3.527,5965.44,2024-06-20 22:14:00
1718921700000,3.527,3.541,3.527,3.538,10596.62,2024-06-20 22:15:00
1718921760000,3.538,3.553,3.537,3.552,7762.35,2024-06-20 22:16:00
1718921820000,3.553,3.588,3.55,3.588,32377.64,2024-06-20 22:17:00
1718921880000,3.587,3.591,3.581,3.585,17431.66,2024-06-20 22:18:00
1718921940000,3.584,3.587,3.565,3.569,27946.73,2024-06-20 22:19:00
1718922000000,3.569,3.573,3.556,3.558,6141.66,2024-06-20 22:20:00
1718922060000,3.557,3.557,3.544,3.544,7224.82,2024-06-20 22:21:00
1718922120000,3.544,3.552,3.542,3.546,2673.1,2024-06-20 22:22:00
1718922180000,3.548,3.559,3.548,3.558,6655.25,2024-06-20 22:23:00
1718922240000,3.558,3.563,3.548,3.548,20122.28,2024-06-20 22:24:00
1718922300000,3.548,3.549,3.532,3.533,13941.48,2024-06-20 22:25:00
1718922360000,3.535,3.537,3.533,3.537,6227.74,2024-06-20 22:26:00
1718922420000,3.536,3.54,3.535,3.538,1185.2,2024-06-20 22:27:00
1718922480000,3.538,3.538,3.514,3.517,7458.59,2024-06-20 22:28:00
1718922540000,3.517,3.528,3.517,3.528,7089.85,2024-06-20 22:29:00
1718922600000,3.527,3.534,3.527,3.532,2073.59,2024-06-20 22:30:00
1718922660000,3.536,3.542,3.535,3.54,6122.61,2024-06-20 22:31:00
1718922720000,3.542,3.55,3.541,3.545,7798.09,2024-06-20 22:32:00
1718922780000,3.544,3.545,3.518,3.52,8642.55,2024-06-20 22:33:00
1718922840000,3.519,3.524,3.513,3.522,6147.75,2024-06-20 22:34:00
1718922900000,3.523,3.523,3.508,3.51,15474.75,2024-06-20 22:35:00
1718922960000,3.511,3.512,3.488,3.491,82748.96,2024-06-20 22:36:00
1718923020000,3.49,3.506,3.488,3.491,21941.46,2024-06-20 22:37:00
1718923080000,3.491,3.496,3.489,3.492,8018.0,2024-06-20 22:38:00
1718923140000,3.495,3.495,3.488,3.488,10209.91,2024-06-20 22:39:00
1718923200000,3.489,3.491,3.488,3.489,5522.41,2024-06-20 22:40:00
1718923260000,3.489,3.5,3.489,3.498,8491.44,2024-06-20 22:41:00
1718923320000,3.5,3.5,3.497,3.497,7625.88,2024-06-20 22:42:00
1718923380000,3.497,3.5,3.496,3.497,6142.43,2024-06-20 22:43:00
1718923440000,3.498,3.499,3.496,3.497,2713.9,2024-06-20 22:44:00
1718923500000,3.498,3.499,3.491,3.496,5503.66,2024-06-20 22:45:00
1718923560000,3.495,3.496,3.488,3.489,2980.67,2024-06-20 22:46:00
1718923620000,3.489,3.492,3.488,3.489,3245.2,2024-06-20 22:47:00
1718923680000,3.491,3.491,3.441,3.453,60332.88,2024-06-20 22:48:00
1718923740000,3.453,3.455,3.436,3.441,31299.57,2024-06-20 22:49:00
1718923800000,3.441,3.46,3.441,3.45,22057.05,2024-06-20 22:50:00
1718923860000,3.453,3.46,3.45,3.454,10704.81,2024-06-20 22:51:00
1718923920000,3.453,3.453,3.443,3.448,18415.81,2024-06-20 22:52:00
1718923980000,3.447,3.448,3.435,3.437,6723.02,2024-06-20 22:53:00
1718924040000,3.436,3.446,3.429,3.443,29009.19,2024-06-20 22:54:00
1718924100000,3.441,3.45,3.441,3.45,3338.71,2024-06-20 22:55:00
1718924160000,3.45,3.451,3.447,3.449,3613.78,2024-06-20 22:56:00
1718924220000,3.449,3.45,3.44,3.44,9293.76,2024-06-20 22:57:00
1718924280000,3.44,3.441,3.428,3.428,9796.34,2024-06-20 22:58:00
1718924340000,3.428,3.432,3.423,3.432,14516.04,2024-06-20 22:59:00
1718924400000,3.43,3.434,3.427,3.432,4211.13,2024-06-20 23:00:00
1718924460000,3.432,3.455,3.432,3.443,22841.86,2024-06-20 23:01:00
1718924520000,3.443,3.453,3.439,3.451,6950.17,2024-06-20 23:02:00
1718924580000,3.452,3.456,3.45,3.454,4326.88,2024-06-20 23:03:00
1718924640000,3.454,3.473,3.454,3.473,7126.11,2024-06-20 23:04:00
1718924700000,3.472,3.474,3.459,3.459,4421.91,2024-06-20 23:05:00
1718924760000,3.459,3.461,3.447,3.448,11826.45,2024-06-20 23:06:00
1718924820000,3.449,3.458,3.446,3.456,3723.29,2024-06-20 23:07:00
1718924880000,3.457,3.457,3.45,3.455,2389.38,2024-06-20 23:08:00
1718924940000,3.455,3.465,3.455,3.464,7531.45,2024-06-20 23:09:00
1718925000000,3.462,3.471,3.454,3.458,25080.86,2024-06-20 23:10:00
1718925060000,3.458,3.461,3.457,3.46,3528.52,2024-06-20 23:11:00
1718925120000,3.459,3.462,3.435,3.436,10502.3,2024-06-20 23:12:00
1718925180000,3.435,3.442,3.429,3.431,9476.55,2024-06-20 23:13:00
1718925240000,3.431,3.434,3.43,3.431,6880.87,2024-06-20 23:14:00
1718925300000,3.431,3.431,3.42,3.425,28809.71,2024-06-20 23:15:00
1718925360000,3.426,3.427,3.42,3.423,8968.93,2024-06-20 23:16:00
1718925420000,3.423,3.446,3.421,3.445,27117.59,2024-06-20 23:17:00
1718925480000,3.446,3.471,3.442,3.468,24246.96,2024-06-20 23:18:00
1718925540000,3.469,3.476,3.465,3.469,14372.18,2024-06-20 23:19:00
1718925600000,3.469,3.47,3.443,3.444,30754.23,2024-06-20 23:20:00
1718925660000,3.446,3.462,3.446,3.451,7335.41,2024-06-20 23:21:00
1718925720000,3.45,3.456,3.448,3.456,2545.93,2024-06-20 23:22:00
1718925780000,3.455,3.469,3.455,3.465,8069.42,2024-06-20 23:23:00
1718925840000,3.464,3.465,3.457,3.462,3365.72,2024-06-20 23:24:00
1718925900000,3.462,3.463,3.455,3.458,8230.27,2024-06-20 23:25:00
1718925960000,3.459,3.461,3.458,3.459,5193.11,2024-06-20 23:26:00
1718926020000,3.459,3.471,3.458,3.465,15704.24,2024-06-20 23:27:00
1718926080000,3.464,3.47,3.463,3.47,6766.48,2024-06-20 23:28:00
1718926140000,3.469,3.476,3.469,3.47,6209.33,2024-06-20 23:29:00
1718926200000,3.471,3.484,3.469,3.47,12456.42,2024-06-20 23:30:00
1718926260000,3.468,3.471,3.449,3.456,39612.95,2024-06-20 23:31:00
1718926320000,3.456,3.471,3.456,3.467,11620.63,2024-06-20 23:32:00
1718926380000,3.467,3.472,3.463,3.469,4265.03,2024-06-20 23:33:00
1718926440000,3.469,3.471,3.459,3.462,5492.13,2024-06-20 23:34:00
1718926500000,3.463,3.464,3.455,3.455,5324.07,2024-06-20 23:35:00
1718926560000,3.456,3.458,3.456,3.457,1868.96,2024-06-20 23:36:00
1718926620000,3.456,3.456,3.455,3.455,8620.39,2024-06-20 23:37:00
1718926680000,3.455,3.455,3.438,3.447,25368.1,2024-06-20 23:38:00
1718926740000,3.447,3.447,3.442,3.442,1923.55,2024-06-20 23:39:00
1718926800000,3.442,3.444,3.44,3.442,4715.28,2024-06-20 23:40:00
1718926860000,3.441,3.441,3.436,3.436,2143.67,2024-06-20 23:41:00
1718926920000,3.436,3.438,3.432,3.432,5984.66,2024-06-20 23:42:00
1718926980000,3.434,3.445,3.433,3.443,3817.98,2024-06-20 23:43:00
1718927040000,3.444,3.444,3.438,3.439,4395.13,2024-06-20 23:44:00
1718927100000,3.436,3.438,3.428,3.428,5121.36,2024-06-20 23:45:00
1718927160000,3.428,3.428,3.424,3.427,4120.75,2024-06-20 23:46:00
1718927220000,3.427,3.448,3.427,3.448,9651.22,2024-06-20 23:47:00
1718927280000,3.446,3.455,3.445,3.452,8425.07,2024-06-20 23:48:00
1718927340000,3.452,3.452,3.441,3.445,4221.0,2024-06-20 23:49:00
1718927400000,3.444,3.446,3.44,3.443,8883.94,2024-06-20 23:50:00
1718927460000,3.443,3.453,3.442,3.453,10896.91,2024-06-20 23:51:00
1718927520000,3.453,3.457,3.453,3.455,1592.38,2024-06-20 23:52:00
1718927580000,3.455,3.456,3.438,3.441,9854.39,2024-06-20 23:53:00
1718927640000,3.441,3.442,3.435,3.436,3786.06,2024-06-20 23:54:00
1718927700000,3.437,3.444,3.421,3.423,11777.99,2024-06-20 23:55:00
1718927760000,3.421,3.425,3.417,3.421,12236.89,2024-06-20 23:56:00
1718927820000,3.422,3.435,3.42,3.434,7783.99,2024-06-20 23:57:00
1718927880000,3.434,3.444,3.433,3.441,5648.28,2024-06-20 23:58:00
1718927940000,3.442,3.444,3.432,3.432,3375.98,2024-06-20 23:59:00
1718928000000,3.432,3.458,3.431,3.447,26778.85,2024-06-21 00:00:00
1718928060000,3.448,3.456,3.422,3.423,22349.73,2024-06-21 00:01:00
1718928120000,3.42,3.446,3.419,3.446,19986.59,2024-06-21 00:02:00
1718928180000,3.447,3.45,3.435,3.438,4118.05,2024-06-21 00:03:00
1718928240000,3.437,3.451,3.437,3.45,4692.98,2024-06-21 00:04:00
1718928300000,3.45,3.46,3.447,3.456,9643.2,2024-06-21 00:05:00
1718928360000,3.456,3.48,3.456,3.472,16941.96,2024-06-21 00:06:00
1718928420000,3.472,3.48,3.466,3.466,17833.69,2024-06-21 00:07:00
1718928480000,3.465,3.478,3.458,3.473,22634.12,2024-06-21 00:08:00
1718928540000,3.473,3.478,3.467,3.467,16942.02,2024-06-21 00:09:00
1718928600000,3.468,3.478,3.427,3.43,54020.92,2024-06-21 00:10:00
1718928660000,3.43,3.453,3.418,3.442,35248.38,2024-06-21 00:11:00
1718928720000,3.44,3.44,3.4,3.404,145674.44,2024-06-21 00:12:00
1718928780000,3.402,3.41,3.365,3.369,165436.08,2024-06-21 00:13:00
1718928840000,3.369,3.372,3.356,3.356,27309.33,2024-06-21 00:14:00
1718928900000,3.359,3.374,3.33,3.332,111574.74,2024-06-21 00:15:00
1718928960000,3.331,3.355,3.33,3.347,27532.01,2024-06-21 00:16:00
1718929020000,3.347,3.357,3.347,3.352,8021.46,2024-06-21 00:17:00
1718929080000,3.351,3.353,3.3,3.314,94999.36,2024-06-21 00:18:00
1718929140000,3.311,3.318,3.309,3.309,19728.42,2024-06-21 00:19:00
1718929200000,3.309,3.323,3.307,3.315,55304.17,2024-06-21 00:20:00
1718929260000,3.315,3.329,3.312,3.327,5271.33,2024-06-21 00:21:00
1718929320000,3.326,3.337,3.325,3.329,9097.62,2024-06-21 00:22:00
1718929380000,3.329,3.35,3.328,3.344,13496.38,2024-06-21 00:23:00
1718929440000,3.343,3.347,3.322,3.327,15698.92,2024-06-21 00:24:00
1718929500000,3.326,3.329,3.32,3.322,19625.01,2024-06-21 00:25:00
1718929560000,3.323,3.323,3.308,3.314,16604.37,2024-06-21 00:26:00
1718929620000,3.315,3.334,3.315,3.325,21332.44,2024-06-21 00:27:00
1718929680000,3.324,3.343,3.323,3.337,16243.78,2024-06-21 00:28:00
1718929740000,3.338,3.348,3.336,3.34,14350.81,2024-06-21 00:29:00
1718929800000,3.341,3.345,3.336,3.337,7108.56,2024-06-21 00:30:00
1718929860000,3.335,3.372,3.329,3.362,28284.45,2024-06-21 00:31:00
1718929920000,3.359,3.363,3.35,3.351,5046.63,2024-06-21 00:32:00
1718929980000,3.353,3.353,3.34,3.349,16547.12,2024-06-21 00:33:00
1718930040000,3.349,3.361,3.348,3.361,7274.36,2024-06-21 00:34:00
1718930100000,3.362,3.366,3.348,3.348,6368.67,2024-06-21 00:35:00
1718930160000,3.347,3.355,3.34,3.354,9391.47,2024-06-21 00:36:00
1718930220000,3.353,3.355,3.348,3.351,4097.64,2024-06-21 00:37:00
1718930280000,3.351,3.377,3.351,3.372,21161.56,2024-06-21 00:38:00
1718930340000,3.371,3.378,3.371,3.371,10579.2,2024-06-21 00:39:00
1718930400000,3.371,3.411,3.371,3.389,35646.25,2024-06-21 00:40:00
1718930460000,3.387,3.391,3.37,3.375,15111.57,2024-06-21 00:41:00
1718930520000,3.375,3.391,3.375,3.387,2066.46,2024-06-21 00:42:00
1718930580000,3.387,3.392,3.381,3.391,7658.85,2024-06-21 00:43:00
1718930640000,3.39,3.398,3.384,3.394,11382.28,2024-06-21 00:44:00
1718930700000,3.392,3.392,3.381,3.382,16378.65,2024-06-21 00:45:00
1718930760000,3.382,3.383,3.378,3.379,2309.1,2024-06-21 00:46:00
1718930820000,3.378,3.378,3.367,3.368,11124.24,2024-06-21 00:47:00
1718930880000,3.369,3.376,3.367,3.372,8029.72,2024-06-21 00:48:00
1718930940000,3.372,3.375,3.357,3.358,29448.14,2024-06-21 00:49:00
1718931000000,3.355,3.359,3.333,3.333,15253.69,2024-06-21 00:50:00
1718931060000,3.333,3.333,3.309,3.319,16887.66,2024-06-21 00:51:00
1718931120000,3.319,3.326,3.314,3.315,5009.46,2024-06-21 00:52:00
1718931180000,3.317,3.326,3.315,3.319,8066.48,2024-06-21 00:53:00
1718931240000,3.318,3.335,3.318,3.326,7655.2,2024-06-21 00:54:00
1718931300000,3.328,3.329,3.321,3.321,10369.29,2024-06-21 00:55:00
1718931360000,3.321,3.322,3.313,3.313,8286.79,2024-06-21 00:56:00
1718931420000,3.313,3.313,3.275,3.284,103353.33,2024-06-21 00:57:00
1718931480000,3.286,3.286,3.275,3.283,11516.17,2024-06-21 00:58:00
1718931540000,3.284,3.295,3.279,3.292,20008.93,2024-06-21 00:59:00
1718931600000,3.291,3.312,3.29,3.302,8952.15,2024-06-21 01:00:00
1718931660000,3.302,3.312,3.301,3.31,9706.94,2024-06-21 01:01:00
1718931720000,3.309,3.315,3.306,3.309,12495.72,2024-06-21 01:02:00
1718931780000,3.309,3.315,3.309,3.315,3152.94,2024-06-21 01:03:00
1718931840000,3.316,3.325,3.314,3.323,8740.52,2024-06-21 01:04:00
1718931900000,3.321,3.352,3.319,3.351,40513.66,2024-06-21 01:05:00
1718931960000,3.351,3.377,3.35,3.359,49706.65,2024-06-21 01:06:00
1718932020000,3.357,3.365,3.35,3.351,9729.04,2024-06-21 01:07:00
1718932080000,3.353,3.353,3.33,3.336,8566.18,2024-06-21 01:08:00
1718932140000,3.338,3.358,3.337,3.338,11343.58,2024-06-21 01:09:00
1718932200000,3.338,3.35,3.327,3.337,23501.16,2024-06-21 01:10:00
1718932260000,3.336,3.344,3.325,3.326,16742.49,2024-06-21 01:11:00
1718932320000,3.325,3.329,3.309,3.313,16550.58,2024-06-21 01:12:00
1718932380000,3.313,3.314,3.286,3.29,26539.62,2024-06-21 01:13:00
1718932440000,3.29,3.295,3.288,3.289,6002.48,2024-06-21 01:14:00
1718932500000,3.288,3.313,3.286,3.308,14693.67,2024-06-21 01:15:00
1718932560000,3.308,3.329,3.308,3.324,18483.3,2024-06-21 01:16:00
1718932620000,3.322,3.324,3.308,3.309,8541.84,2024-06-21 01:17:00
1718932680000,3.309,3.31,3.305,3.309,5853.53,2024-06-21 01:18:00
1718932740000,3.309,3.314,3.296,3.314,20476.37,2024-06-21 01:19:00
1718932800000,3.313,3.343,3.312,3.342,9755.2,2024-06-21 01:20:00
1718932860000,3.342,3.346,3.329,3.33,12941.7,2024-06-21 01:21:00
1718932920000,3.329,3.339,3.324,3.329,3776.7,2024-06-21 01:22:00
1718932980000,3.33,3.33,3.322,3.326,1771.5,2024-06-21 01:23:00
1718933040000,3.327,3.328,3.31,3.312,12111.56,2024-06-21 01:24:00
1718933100000,3.312,3.315,3.3,3.311,4272.01,2024-06-21 01:25:00
1718933160000,3.314,3.338,3.31,3.338,8814.47,2024-06-21 01:26:00
1718933220000,3.338,3.338,3.317,3.317,7115.79,2024-06-21 01:27:00
1718933280000,3.316,3.321,3.3,3.301,21539.01,2024-06-21 01:28:00
1718933340000,3.301,3.319,3.294,3.317,13660.12,2024-06-21 01:29:00
1718933400000,3.314,3.333,3.312,3.333,23298.3,2024-06-21 01:30:00
1718933460000,3.333,3.336,3.326,3.336,9305.57,2024-06-21 01:31:00
1718933520000,3.336,3.367,3.334,3.366,12552.97,2024-06-21 01:32:00
1718933580000,3.361,3.37,3.352,3.367,10232.88,2024-06-21 01:33:00
1718933640000,3.366,3.37,3.353,3.353,15186.9,2024-06-21 01:34:00
1718933700000,3.35,3.357,3.328,3.336,39696.66,2024-06-21 01:35:00
1718933760000,3.336,3.345,3.336,3.34,7816.54,2024-06-21 01:36:00
1718933820000,3.341,3.349,3.34,3.347,5712.71,2024-06-21 01:37:00
1718933880000,3.348,3.348,3.341,3.346,1765.08,2024-06-21 01:38:00
1718933940000,3.346,3.35,3.338,3.342,7094.07,2024-06-21 01:39:00
1718934000000,3.343,3.348,3.33,3.332,13671.41,2024-06-21 01:40:00
1718934060000,3.334,3.338,3.323,3.325,6297.41,2024-06-21 01:41:00
1718934120000,3.323,3.326,3.321,3.324,3139.99,2024-06-21 01:42:00
1718934180000,3.324,3.324,3.32,3.32,4876.4,2024-06-21 01:43:00
1718934240000,3.32,3.32,3.305,3.31,8949.64,2024-06-21 01:44:00
1718934300000,3.307,3.31,3.303,3.308,10675.52,2024-06-21 01:45:00
1718934360000,3.307,3.32,3.305,3.32,9496.37,2024-06-21 01:46:00
1718934420000,3.318,3.32,3.303,3.303,4943.14,2024-06-21 01:47:00
1718934480000,3.304,3.324,3.304,3.32,9361.82,2024-06-21 01:48:00
1718934540000,3.321,3.327,3.318,3.327,5628.67,2024-06-21 01:49:00
1718934600000,3.327,3.327,3.314,3.322,9144.73,2024-06-21 01:50:00
1718934660000,3.324,3.341,3.324,3.332,13466.04,2024-06-21 01:51:00
1718934720000,3.333,3.336,3.326,3.327,6458.1,2024-06-21 01:52:00
1718934780000,3.327,3.333,3.323,3.331,6505.54,2024-06-21 01:53:00
1718934840000,3.33,3.346,3.327,3.342,13062.21,2024-06-21 01:54:00
1718934900000,3.342,3.35,3.34,3.347,16172.31,2024-06-21 01:55:00
1718934960000,3.346,3.356,3.345,3.354,19042.72,2024-06-21 01:56:00
1718935020000,3.352,3.356,3.345,3.345,9405.05,2024-06-21 01:57:00
1718935080000,3.346,3.347,3.34,3.341,3404.5,2024-06-21 01:58:00
1718935140000,3.342,3.342,3.335,3.339,4082.36,2024-06-21 01:59:00
1718935200000,3.339,3.342,3.332,3.334,4491.64,2024-06-21 02:00:00
1718935260000,3.336,3.336,3.315,3.322,7037.77,2024-06-21 02:01:00
1718935320000,3.319,3.329,3.315,3.329,5578.42,2024-06-21 02:02:00
1718935380000,3.328,3.348,3.324,3.348,12972.73,2024-06-21 02:03:00
1718935440000,3.348,3.422,3.343,3.402,77496.54,2024-06-21 02:04:00
1718935500000,3.404,3.407,3.375,3.396,30722.73,2024-06-21 02:05:00
1718935560000,3.397,3.399,3.382,3.386,20074.62,2024-06-21 02:06:00
1718935620000,3.386,3.389,3.372,3.386,23197.26,2024-06-21 02:07:00
1718935680000,3.385,3.385,3.372,3.383,8202.97,2024-06-21 02:08:00
1718935740000,3.383,3.384,3.365,3.37,18061.64,2024-06-21 02:09:00
1718935800000,3.372,3.373,3.361,3.364,21902.07,2024-06-21 02:10:00
1718935860000,3.364,3.369,3.338,3.34,21561.57,2024-06-21 02:11:00
1718935920000,3.342,3.343,3.333,3.339,14057.53,2024-06-21 02:12:00
1718935980000,3.34,3.34,3.326,3.336,35947.11,2024-06-21 02:13:00
1718936040000,3.334,3.338,3.32,3.32,12634.52,2024-06-21 02:14:00
1718936100000,3.321,3.323,3.305,3.31,30016.08,2024-06-21 02:15:00
1718936160000,3.31,3.333,3.301,3.33,21032.17,2024-06-21 02:16:00
1718936220000,3.327,3.327,3.304,3.309,14586.92,2024-06-21 02:17:00
1718936280000,3.311,3.324,3.304,3.32,8794.17,2024-06-21 02:18:00
1718936340000,3.32,3.355,3.317,3.351,27596.24,2024-06-21 02:19:00
1718936400000,3.349,3.352,3.336,3.337,22375.25,2024-06-21 02:20:00
1718936460000,3.338,3.34,3.323,3.328,11492.47,2024-06-21 02:21:00
1718936520000,3.329,3.332,3.325,3.329,5232.52,2024-06-21 02:22:00
1718936580000,3.331,3.341,3.323,3.338,8838.47,2024-06-21 02:23:00
1718936640000,3.34,3.354,3.337,3.353,19427.13,2024-06-21 02:24:00
1718936700000,3.353,3.384,3.352,3.378,55656.66,2024-06-21 02:25:00
1718936760000,3.378,3.388,3.369,3.385,38402.66,2024-06-21 02:26:00
1718936820000,3.384,3.415,3.383,3.411,42490.77,2024-06-21 02:27:00
1718936880000,3.411,3.45,3.411,3.421,87821.69,2024-06-21 02:28:00
1718936940000,3.42,3.46,3.418,3.438,67383.23,2024-06-21 02:29:00
1718937000000,3.439,3.443,3.408,3.415,29627.04,2024-06-21 02:30:00
1718937060000,3.414,3.441,3.412,3.437,22333.7,2024-06-21 02:31:00
1718937120000,3.437,3.462,3.434,3.441,34975.31,2024-06-21 02:32:00
1718937180000,3.441,3.449,3.427,3.427,21652.11,2024-06-21 02:33:00
1718937240000,3.427,3.427,3.393,3.393,61470.32,2024-06-21 02:34:00
1718937300000,3.392,3.399,3.373,3.394,20333.87,2024-06-21 02:35:00
1718937360000,3.395,3.412,3.394,3.405,25385.63,2024-06-21 02:36:00
1718937420000,3.406,3.421,3.389,3.4,32844.54,2024-06-21 02:37:00
1718937480000,3.399,3.412,3.379,3.409,28745.84,2024-06-21 02:38:00
1718937540000,3.409,3.409,3.388,3.392,20562.13,2024-06-21 02:39:00
1718937600000,3.395,3.405,3.385,3.405,8614.56,2024-06-21 02:40:00
1718937660000,3.404,3.42,3.397,3.417,15404.5,2024-06-21 02:41:00
1718937720000,3.417,3.438,3.416,3.438,18443.7,2024-06-21 02:42:00
1718937780000,3.437,3.486,3.43,3.475,109759.65,2024-06-21 02:43:00
1718937840000,3.481,3.505,3.462,3.499,101113.15,2024-06-21 02:44:00
1718937900000,3.498,3.499,3.452,3.464,32623.77,2024-06-21 02:45:00
1718937960000,3.466,3.468,3.45,3.46,9996.83,2024-06-21 02:46:00
1718938020000,3.459,3.467,3.454,3.466,13868.07,2024-06-21 02:47:00
1718938080000,3.467,3.499,3.465,3.474,27471.62,2024-06-21 02:48:00
1718938140000,3.474,3.474,3.455,3.455,12620.63,2024-06-21 02:49:00
1718938200000,3.454,3.455,3.435,3.445,12126.74,2024-06-21 02:50:00
1718938260000,3.448,3.462,3.445,3.451,23518.19,2024-06-21 02:51:00
1718938320000,3.453,3.459,3.45,3.45,11497.73,2024-06-21 02:52:00
1718938380000,3.454,3.462,3.44,3.453,41448.13,2024-06-21 02:53:00
1718938440000,3.452,3.459,3.44,3.456,6842.54,2024-06-21 02:54:00
1718938500000,3.455,3.455,3.413,3.434,23717.88,2024-06-21 02:55:00
1718938560000,3.435,3.436,3.412,3.42,17960.06,2024-06-21 02:56:00
1718938620000,3.418,3.435,3.418,3.422,14522.49,2024-06-21 02:57:00
1718938680000,3.422,3.427,3.403,3.424,47827.13,2024-06-21 02:58:00
1718938740000,3.424,3.436,3.423,3.436,4447.2,2024-06-21 02:59:00
1718938800000,3.436,3.436,3.416,3.42,8483.73,2024-06-21 03:00:00
1718938860000,3.42,3.427,3.41,3.419,10091.72,2024-06-21 03:01:00
1718938920000,3.418,3.43,3.414,3.425,11193.29,2024-06-21 03:02:00
1718938980000,3.424,3.448,3.421,3.445,8808.9,2024-06-21 03:03:00
1718939040000,3.447,3.46,3.436,3.46,27699.8,2024-06-21 03:04:00
1718939100000,3.459,3.5,3.455,3.495,76583.34,2024-06-21 03:05:00
1718939160000,3.496,3.528,3.474,3.507,151036.32,2024-06-21 03:06:00
1718939220000,3.507,3.523,3.5,3.505,87424.72,2024-06-21 03:07:00
1718939280000,3.504,3.506,3.483,3.491,31887.16,2024-06-21 03:08:00
1718939340000,3.49,3.504,3.484,3.499,16251.22,2024-06-21 03:09:00
1718939400000,3.499,3.545,3.498,3.521,89010.22,2024-06-21 03:10:00
1718939460000,3.523,3.562,3.523,3.555,108052.67,2024-06-21 03:11:00
1718939520000,3.556,3.556,3.519,3.527,30625.0,2024-06-21 03:12:00
1718939580000,3.527,3.531,3.522,3.524,7447.07,2024-06-21 03:13:00
1718939640000,3.525,3.534,3.514,3.521,20018.23,2024-06-21 03:14:00
1718939700000,3.521,3.549,3.521,3.546,30040.99,2024-06-21 03:15:00
1718939760000,3.545,3.6,3.539,3.59,91943.05,2024-06-21 03:16:00
1718939820000,3.591,3.6,3.583,3.598,93285.8,2024-06-21 03:17:00
1718939880000,3.598,3.598,3.585,3.587,53408.54,2024-06-21 03:18:00
1718939940000,3.587,3.623,3.585,3.612,49981.09,2024-06-21 03:19:00
1718940000000,3.612,3.618,3.6,3.609,38903.64,2024-06-21 03:20:00
1718940060000,3.609,3.613,3.578,3.582,34793.07,2024-06-21 03:21:00
1718940120000,3.585,3.585,3.54,3.549,46413.66,2024-06-21 03:22:00
1718940180000,3.549,3.571,3.547,3.568,17341.67,2024-06-21 03:23:00
1718940240000,3.568,3.568,3.551,3.561,8203.84,2024-06-21 03:24:00
1718940300000,3.563,3.579,3.546,3.546,18097.57,2024-06-21 03:25:00
1718940360000,3.549,3.55,3.514,3.519,38064.2,2024-06-21 03:26:00
1718940420000,3.518,3.545,3.511,3.533,32415.32,2024-06-21 03:27:00
1718940480000,3.532,3.536,3.51,3.511,22255.44,2024-06-21 03:28:00
1718940540000,3.511,3.517,3.501,3.511,41185.6,2024-06-21 03:29:00
1718940600000,3.511,3.523,3.481,3.491,21120.71,2024-06-21 03:30:00
1718940660000,3.49,3.492,3.46,3.473,32684.71,2024-06-21 03:31:00
1718940720000,3.473,3.491,3.431,3.462,91163.69,2024-06-21 03:32:00
1718940780000,3.463,3.477,3.456,3.477,40932.94,2024-06-21 03:33:00
1718940840000,3.472,3.488,3.471,3.484,16338.15,2024-06-21 03:34:00
1718940900000,3.482,3.52,3.472,3.516,23530.64,2024-06-21 03:35:00
1718940960000,3.514,3.521,3.492,3.495,45431.88,2024-06-21 03:36:00
1718941020000,3.494,3.521,3.49,3.52,10551.21,2024-06-21 03:37:00
1718941080000,3.517,3.532,3.507,3.529,19730.65,2024-06-21 03:38:00
1718941140000,3.526,3.544,3.518,3.531,30638.96,2024-06-21 03:39:00
1718941200000,3.53,3.537,3.515,3.532,11722.81,2024-06-21 03:40:00
1718941260000,3.532,3.536,3.519,3.53,14991.76,2024-06-21 03:41:00
1718941320000,3.529,3.541,3.524,3.528,18605.31,2024-06-21 03:42:00
1718941380000,3.527,3.527,3.509,3.517,9554.89,2024-06-21 03:43:00
1718941440000,3.519,3.519,3.497,3.516,20703.96,2024-06-21 03:44:00
1718941500000,3.516,3.516,3.484,3.494,13432.35,2024-06-21 03:45:00
1718941560000,3.494,3.52,3.482,3.52,22003.67,2024-06-21 03:46:00
1718941620000,3.52,3.534,3.502,3.506,16344.5,2024-06-21 03:47:00
1718941680000,3.507,3.53,3.5,3.53,6234.33,2024-06-21 03:48:00
1718941740000,3.532,3.538,3.52,3.529,23933.42,2024-06-21 03:49:00
1718941800000,3.53,3.53,3.515,3.515,33352.9,2024-06-21 03:50:00
1718941860000,3.516,3.518,3.5,3.504,8088.22,2024-06-21 03:51:00
1718941920000,3.504,3.513,3.494,3.505,20169.95,2024-06-21 03:52:00
1718941980000,3.506,3.513,3.498,3.506,10788.52,2024-06-21 03:53:00
1718942040000,3.504,3.522,3.5,3.517,21387.45,2024-06-21 03:54:00
1718942100000,3.515,3.521,3.51,3.514,3413.09,2024-06-21 03:55:00
1718942160000,3.516,3.518,3.501,3.507,25111.84,2024-06-21 03:56:00
1718942220000,3.507,3.507,3.488,3.491,8201.41,2024-06-21 03:57:00
1718942280000,3.491,3.504,3.484,3.489,16260.85,2024-06-21 03:58:00
1718942340000,3.491,3.5,3.485,3.488,14839.55,2024-06-21 03:59:00
1718942400000,3.488,3.492,3.477,3.483,20811.81,2024-06-21 04:00:00
1718942460000,3.483,3.485,3.451,3.457,28156.81,2024-06-21 04:01:00
1718942520000,3.457,3.485,3.453,3.482,10184.54,2024-06-21 04:02:00
1718942580000,3.481,3.489,3.479,3.488,7487.14,2024-06-21 04:03:00
1718942640000,3.488,3.512,3.484,3.51,20911.11,2024-06-21 04:04:00
1718942700000,3.51,3.514,3.496,3.501,6867.34,2024-06-21 04:05:00
1718942760000,3.5,3.519,3.493,3.512,30332.79,2024-06-21 04:06:00
1718942820000,3.513,3.53,3.513,3.522,9713.61,2024-06-21 04:07:00
1718942880000,3.523,3.525,3.505,3.509,11227.35,2024-06-21 04:08:00
1718942940000,3.505,3.51,3.498,3.503,6944.51,2024-06-21 04:09:00
1718943000000,3.503,3.514,3.501,3.508,3712.42,2024-06-21 04:10:00
1718943060000,3.508,3.509,3.5,3.509,4965.01,2024-06-21 04:11:00
1718943120000,3.509,3.509,3.503,3.504,3944.14,2024-06-21 04:12:00
1718943180000,3.503,3.503,3.48,3.493,16629.22,2024-06-21 04:13:00
1718943240000,3.494,3.497,3.487,3.487,8801.46,2024-06-21 04:14:00
1718943300000,3.487,3.498,3.476,3.493,14274.51,2024-06-21 04:15:00
1718943360000,3.497,3.514,3.497,3.51,8009.56,2024-06-21 04:16:00
1718943420000,3.511,3.511,3.496,3.504,26220.18,2024-06-21 04:17:00
1718943480000,3.5,3.5,3.48,3.49,16719.63,2024-06-21 04:18:00
1718943540000,3.489,3.489,3.475,3.476,8458.19,2024-06-21 04:19:00
1718943600000,3.477,3.482,3.459,3.462,13121.36,2024-06-21 04:20:00
1718943660000,3.463,3.481,3.463,3.475,3451.21,2024-06-21 04:21:00
1718943720000,3.479,3.49,3.473,3.476,14261.0,2024-06-21 04:22:00
1718943780000,3.478,3.482,3.461,3.465,7555.48,2024-06-21 04:23:00
1718943840000,3.463,3.47,3.457,3.466,8036.03,2024-06-21 04:24:00
1718943900000,3.467,3.468,3.45,3.45,13880.74,2024-06-21 04:25:00
1718943960000,3.454,3.455,3.435,3.437,23500.29,2024-06-21 04:26:00
1718944020000,3.438,3.459,3.436,3.452,9602.15,2024-06-21 04:27:00
1718944080000,3.451,3.456,3.441,3.441,9158.83,2024-06-21 04:28:00
1718944140000,3.441,3.452,3.441,3.443,6793.43,2024-06-21 04:29:00
1718944200000,3.443,3.453,3.429,3.449,13710.54,2024-06-21 04:30:00
1718944260000,3.447,3.45,3.423,3.435,13530.18,2024-06-21 04:31:00
1718944320000,3.434,3.434,3.38,3.389,66108.62,2024-06-21 04:32:00
1718944380000,3.39,3.404,3.389,3.399,26769.02,2024-06-21 04:33:00
1718944440000,3.4,3.404,3.398,3.403,17534.59,2024-06-21 04:34:00
1718944500000,3.403,3.41,3.398,3.405,47134.31,2024-06-21 04:35:00
1718944560000,3.405,3.41,3.403,3.407,16979.51,2024-06-21 04:36:00
1718944620000,3.407,3.43,3.406,3.416,55570.2,2024-06-21 04:37:00
1718944680000,3.416,3.426,3.414,3.426,13645.11,2024-06-21 04:38:00
1718944740000,3.426,3.428,3.42,3.425,6968.25,2024-06-21 04:39:00
1718944800000,3.423,3.423,3.406,3.415,8852.65,2024-06-21 04:40:00
1718944860000,3.415,3.419,3.411,3.417,8273.76,2024-06-21 04:41:00
1718944920000,3.417,3.42,3.416,3.418,2947.22,2024-06-21 04:42:00
1718944980000,3.417,3.417,3.403,3.405,5670.76,2024-06-21 04:43:00
1718945040000,3.404,3.417,3.4,3.411,11915.66,2024-06-21 04:44:00
1718945100000,3.411,3.412,3.405,3.405,7663.64,2024-06-21 04:45:00
1718945160000,3.405,3.412,3.396,3.41,11786.71,2024-06-21 04:46:00
1718945220000,3.409,3.419,3.404,3.417,5332.25,2024-06-21 04:47:00
1718945280000,3.418,3.425,3.407,3.424,8050.21,2024-06-21 04:48:00
1718945340000,3.424,3.425,3.418,3.423,5179.41,2024-06-21 04:49:00
1718945400000,3.424,3.428,3.414,3.419,10145.29,2024-06-21 04:50:00
1718945460000,3.42,3.43,3.419,3.424,6612.07,2024-06-21 04:51:00
1718945520000,3.423,3.433,3.415,3.426,11153.56,2024-06-21 04:52:00
1718945580000,3.423,3.429,3.421,3.423,6301.06,2024-06-21 04:53:00
1718945640000,3.423,3.423,3.41,3.421,10963.3,2024-06-21 04:54:00
1718945700000,3.422,3.422,3.398,3.403,12731.65,2024-06-21 04:55:00
1718945760000,3.403,3.409,3.4,3.4,4383.33,2024-06-21 04:56:00
1718945820000,3.402,3.411,3.4,3.4,6649.07,2024-06-21 04:57:00
1718945880000,3.399,3.408,3.399,3.405,10601.98,2024-06-21 04:58:00
1718945940000,3.405,3.418,3.402,3.416,13895.99,2024-06-21 04:59:00
1718946000000,3.414,3.422,3.412,3.422,4412.28,2024-06-21 05:00:00
1718946060000,3.422,3.424,3.405,3.408,8436.44,2024-06-21 05:01:00
1718946120000,3.404,3.409,3.401,3.405,4391.29,2024-06-21 05:02:00
1718946180000,3.405,3.407,3.399,3.407,6427.25,2024-06-21 05:03:00
1718946240000,3.409,3.412,3.401,3.41,9363.37,2024-06-21 05:04:00
1718946300000,3.411,3.421,3.405,3.417,6438.67,2024-06-21 05:05:00
1718946360000,3.413,3.415,3.407,3.409,5968.11,2024-06-21 05:06:00
1718946420000,3.407,3.407,3.38,3.388,14370.82,2024-06-21 05:07:00
1718946480000,3.387,3.389,3.342,3.345,34466.96,2024-06-21 05:08:00
1718946540000,3.349,3.363,3.345,3.354,15642.2,2024-06-21 05:09:00
1718946600000,3.354,3.354,3.318,3.336,33353.64,2024-06-21 05:10:00
1718946660000,3.336,3.344,3.321,3.337,18161.06,2024-06-21 05:11:00
1718946720000,3.339,3.356,3.339,3.351,17466.02,2024-06-21 05:12:00
1718946780000,3.35,3.35,3.337,3.343,9004.36,2024-06-21 05:13:00
1718946840000,3.343,3.343,3.33,3.339,11912.14,2024-06-21 05:14:00
1718946900000,3.338,3.356,3.336,3.351,16379.67,2024-06-21 05:15:00
1718946960000,3.351,3.361,3.35,3.356,28822.94,2024-06-21 05:16:00
1718947020000,3.356,3.364,3.356,3.358,7209.86,2024-06-21 05:17:00
1718947080000,3.359,3.359,3.355,3.356,24033.54,2024-06-21 05:18:00
1718947140000,3.357,3.364,3.355,3.362,26284.9,2024-06-21 05:19:00
1718947200000,3.363,3.37,3.362,3.367,8841.59,2024-06-21 05:20:00
1718947260000,3.367,3.367,3.356,3.357,8172.25,2024-06-21 05:21:00
1718947320000,3.356,3.37,3.356,3.367,5560.97,2024-06-21 05:22:00
1718947380000,3.367,3.367,3.36,3.361,6467.35,2024-06-21 05:23:00
1718947440000,3.36,3.368,3.359,3.361,8376.49,2024-06-21 05:24:00
1718947500000,3.361,3.372,3.361,3.369,5356.8,2024-06-21 05:25:00
1718947560000,3.368,3.378,3.368,3.374,4032.91,2024-06-21 05:26:00
1718947620000,3.374,3.383,3.37,3.379,25852.5,2024-06-21 05:27:00
1718947680000,3.379,3.393,3.37,3.391,19551.5,2024-06-21 05:28:00
1718947740000,3.393,3.395,3.378,3.378,7307.41,2024-06-21 05:29:00
1718947800000,3.379,3.385,3.369,3.376,6270.48,2024-06-21 05:30:00
1718947860000,3.376,3.376,3.368,3.37,8187.35,2024-06-21 05:31:00
1718947920000,3.371,3.375,3.364,3.368,4585.74,2024-06-21 05:32:00
1718947980000,3.369,3.389,3.369,3.388,4713.8,2024-06-21 05:33:00
1718948040000,3.385,3.387,3.373,3.381,10123.22,2024-06-21 05:34:00
1718948100000,3.381,3.382,3.37,3.379,5382.36,2024-06-21 05:35:00
1718948160000,3.38,3.382,3.374,3.374,5335.11,2024-06-21 05:36:00
1718948220000,3.374,3.393,3.373,3.387,13447.9,2024-06-21 05:37:00
1718948280000,3.382,3.382,3.377,3.38,2849.27,2024-06-21 05:38:00
1718948340000,3.38,3.38,3.366,3.37,9036.56,2024-06-21 05:39:00
1718948400000,3.37,3.371,3.368,3.369,8692.59,2024-06-21 05:40:00
1718948460000,3.37,3.39,3.37,3.388,13720.96,2024-06-21 05:41:00
1718948520000,3.388,3.395,3.377,3.378,27534.98,2024-06-21 05:42:00
1718948580000,3.378,3.378,3.37,3.378,3342.18,2024-06-21 05:43:00
1718948640000,3.377,3.392,3.377,3.385,11413.47,2024-06-21 05:44:00
1718948700000,3.386,3.386,3.37,3.379,5200.6,2024-06-21 05:45:00
1718948760000,3.379,3.382,3.374,3.381,5158.58,2024-06-21 05:46:00
1718948820000,3.38,3.38,3.36,3.36,8965.35,2024-06-21 05:47:00
1718948880000,3.363,3.373,3.363,3.373,6728.89,2024-06-21 05:48:00
1718948940000,3.372,3.38,3.372,3.374,4173.31,2024-06-21 05:49:00
1718949000000,3.374,3.421,3.374,3.419,54590.95,2024-06-21 05:50:00
1718949060000,3.415,3.417,3.389,3.4,18205.02,2024-06-21 05:51:00
1718949120000,3.4,3.406,3.396,3.403,7055.54,2024-06-21 05:52:00
1718949180000,3.403,3.417,3.403,3.411,9462.55,2024-06-21 05:53:00
1718949240000,3.411,3.425,3.405,3.421,5552.82,2024-06-21 05:54:00
1718949300000,3.422,3.423,3.392,3.405,31837.34,2024-06-21 05:55:00
1718949360000,3.407,3.427,3.407,3.424,13215.54,2024-06-21 05:56:00
1718949420000,3.423,3.426,3.411,3.418,11003.97,2024-06-21 05:57:00
1718949480000,3.42,3.423,3.412,3.417,7026.03,2024-06-21 05:58:00
1718949540000,3.413,3.42,3.407,3.415,5594.32,2024-06-21 05:59:00
1718949600000,3.415,3.429,3.41,3.425,12846.1,2024-06-21 06:00:00
1718949660000,3.425,3.43,3.418,3.429,19740.99,2024-06-21 06:01:00
1718949720000,3.428,3.434,3.419,3.429,25705.73,2024-06-21 06:02:00
1718949780000,3.427,3.429,3.407,3.412,15128.91,2024-06-21 06:03:00
1718949840000,3.412,3.412,3.395,3.398,10689.57,2024-06-21 06:04:00
1718949900000,3.398,3.401,3.382,3.395,18638.94,2024-06-21 06:05:00
1718949960000,3.392,3.411,3.391,3.408,10040.09,2024-06-21 06:06:00
1718950020000,3.409,3.412,3.405,3.406,11414.29,2024-06-21 06:07:00
1718950080000,3.407,3.413,3.402,3.404,7938.84,2024-06-21 06:08:00
1718950140000,3.402,3.404,3.386,3.392,24332.92,2024-06-21 06:09:00
1718950200000,3.39,3.398,3.32,3.331,406839.61,2024-06-21 06:10:00
1718950260000,3.329,3.35,3.324,3.349,59621.12,2024-06-21 06:11:00
1718950320000,3.35,3.35,3.343,3.343,50064.73,2024-06-21 06:12:00
1718950380000,3.343,3.35,3.331,3.34,72970.02,2024-06-21 06:13:00
1718950440000,3.34,3.348,3.338,3.348,14609.21,2024-06-21 06:14:00
1718950500000,3.348,3.359,3.347,3.356,20876.17,2024-06-21 06:15:00
1718950560000,3.355,3.378,3.355,3.369,34139.42,2024-06-21 06:16:00
1718950620000,3.37,3.37,3.34,3.349,55863.36,2024-06-21 06:17:00
1718950680000,3.346,3.347,3.337,3.34,14590.66,2024-06-21 06:18:00
1718950740000,3.34,3.345,3.34,3.342,6251.7,2024-06-21 06:19:00
1718950800000,3.341,3.342,3.327,3.329,18153.52,2024-06-21 06:20:00
1718950860000,3.328,3.328,3.275,3.282,106468.02,2024-06-21 06:21:00
1718950920000,3.283,3.316,3.281,3.304,21591.42,2024-06-21 06:22:00
1718950980000,3.303,3.316,3.303,3.315,9256.08,2024-06-21 06:23:00
1718951040000,3.315,3.316,3.303,3.308,20878.3,2024-06-21 06:24:00
1718951100000,3.306,3.323,3.3,3.321,42660.22,2024-06-21 06:25:00
1718951160000,3.32,3.336,3.312,3.325,31347.14,2024-06-21 06:26:00
1718951220000,3.324,3.324,3.311,3.313,15824.06,2024-06-21 06:27:00
1718951280000,3.312,3.333,3.302,3.332,29026.03,2024-06-21 06:28:00
1718951340000,3.33,3.332,3.315,3.324,21149.23,2024-06-21 06:29:00
1718951400000,3.325,3.334,3.316,3.322,17073.58,2024-06-21 06:30:00
1718951460000,3.323,3.323,3.306,3.311,20289.0,2024-06-21 06:31:00
1718951520000,3.31,3.315,3.303,3.31,8435.35,2024-06-21 06:32:00
1718951580000,3.31,3.314,3.305,3.309,10982.73,2024-06-21 06:33:00
1718951640000,3.308,3.31,3.303,3.304,20827.91,2024-06-21 06:34:00
1718951700000,3.306,3.332,3.305,3.33,24793.35,2024-06-21 06:35:00
1718951760000,3.331,3.334,3.315,3.327,15375.5,2024-06-21 06:36:00
1718951820000,3.327,3.327,3.309,3.309,9513.13,2024-06-21 06:37:00
1718951880000,3.309,3.31,3.301,3.308,20071.67,2024-06-21 06:38:00
1718951940000,3.306,3.312,3.3,3.306,31515.78,2024-06-21 06:39:00
1718952000000,3.304,3.307,3.294,3.298,21578.57,2024-06-21 06:40:00
1718952060000,3.3,3.3,3.293,3.295,10256.46,2024-06-21 06:41:00
1718952120000,3.296,3.299,3.293,3.295,60247.98,2024-06-21 06:42:00
1718952180000,3.295,3.295,3.283,3.291,19191.21,2024-06-21 06:43:00
1718952240000,3.292,3.293,3.27,3.273,91546.89,2024-06-21 06:44:00
1718952300000,3.273,3.283,3.271,3.28,30106.95,2024-06-21 06:45:00
1718952360000,3.28,3.289,3.268,3.288,54089.82,2024-06-21 06:46:00
1718952420000,3.285,3.29,3.277,3.29,9102.54,2024-06-21 06:47:00
1718952480000,3.289,3.295,3.285,3.293,13873.9,2024-06-21 06:48:00
1718952540000,3.293,3.295,3.283,3.285,21588.71,2024-06-21 06:49:00
1718952600000,3.285,3.286,3.265,3.27,33947.4,2024-06-21 06:50:00
1718952660000,3.27,3.276,3.191,3.223,271361.02,2024-06-21 06:51:00
1718952720000,3.223,3.233,3.21,3.221,46583.4,2024-06-21 06:52:00
1718952780000,3.219,3.228,3.198,3.206,47519.19,2024-06-21 06:53:00
1718952840000,3.205,3.225,3.196,3.221,62657.56,2024-06-21 06:54:00
1718952900000,3.222,3.255,3.208,3.243,74985.73,2024-06-21 06:55:00
1718952960000,3.244,3.272,3.244,3.26,42309.3,2024-06-21 06:56:00
1718953020000,3.259,3.284,3.258,3.269,37911.76,2024-06-21 06:57:00
1718953080000,3.267,3.267,3.241,3.262,36672.52,2024-06-21 06:58:00
1718953140000,3.263,3.269,3.251,3.259,24318.64,2024-06-21 06:59:00
1718953200000,3.259,3.264,3.242,3.254,33362.09,2024-06-21 07:00:00
1718953260000,3.253,3.273,3.245,3.265,43145.1,2024-06-21 07:01:00
1718953320000,3.268,3.277,3.257,3.267,29159.92,2024-06-21 07:02:00
1718953380000,3.27,3.278,3.257,3.275,29875.57,2024-06-21 07:03:00
1718953440000,3.274,3.278,3.253,3.269,19844.14,2024-06-21 07:04:00
1718953500000,3.269,3.285,3.254,3.275,35216.31,2024-06-21 07:05:00
1718953560000,3.279,3.279,3.268,3.273,13682.89,2024-06-21 07:06:00
1718953620000,3.273,3.28,3.263,3.269,11871.38,2024-06-21 07:07:00
1718953680000,3.269,3.273,3.267,3.272,5503.74,2024-06-21 07:08:00
1718953740000,3.273,3.273,3.264,3.266,8513.59,2024-06-21 07:09:00
1718953800000,3.267,3.269,3.245,3.249,23022.14,2024-06-21 07:10:00
1718953860000,3.25,3.264,3.25,3.262,10072.71,2024-06-21 07:11:00
1718953920000,3.263,3.284,3.263,3.279,23778.92,2024-06-21 07:12:00
1718953980000,3.279,3.298,3.271,3.291,54655.81,2024-06-21 07:13:00
1718954040000,3.29,3.299,3.28,3.29,24145.47,2024-06-21 07:14:00
1718954100000,3.29,3.293,3.279,3.282,17608.09,2024-06-21 07:15:00
1718954160000,3.283,3.3,3.283,3.299,40554.73,2024-06-21 07:16:00
1718954220000,3.3,3.302,3.29,3.295,17200.21,2024-06-21 07:17:00
1718954280000,3.296,3.299,3.274,3.281,13381.43,2024-06-21 07:18:00
1718954340000,3.281,3.293,3.281,3.29,15551.52,2024-06-21 07:19:00
1718954400000,3.29,3.29,3.271,3.271,23067.81,2024-06-21 07:20:00
1718954460000,3.271,3.282,3.266,3.274,23357.24,2024-06-21 07:21:00
1718954520000,3.275,3.28,3.265,3.267,11151.8,2024-06-21 07:22:00
1718954580000,3.266,3.271,3.255,3.259,13450.11,2024-06-21 07:23:00
1718954640000,3.26,3.277,3.259,3.273,7339.9,2024-06-21 07:24:00
1718954700000,3.273,3.275,3.266,3.271,5974.37,2024-06-21 07:25:00
1718954760000,3.272,3.279,3.268,3.279,13615.84,2024-06-21 07:26:00
1718954820000,3.278,3.289,3.277,3.283,17015.6,2024-06-21 07:27:00
1718954880000,3.283,3.285,3.277,3.282,18404.75,2024-06-21 07:28:00
1718954940000,3.284,3.289,3.278,3.278,7440.99,2024-06-21 07:29:00
1718955000000,3.279,3.283,3.275,3.275,10379.53,2024-06-21 07:30:00
1718955060000,3.274,3.275,3.265,3.27,12898.75,2024-06-21 07:31:00
1718955120000,3.269,3.279,3.265,3.265,12737.33,2024-06-21 07:32:00
1718955180000,3.266,3.272,3.259,3.265,14378.26,2024-06-21 07:33:00
1718955240000,3.266,3.267,3.255,3.256,8133.79,2024-06-21 07:34:00
1718955300000,3.255,3.255,3.226,3.246,54456.61,2024-06-21 07:35:00
1718955360000,3.245,3.257,3.245,3.257,17026.02,2024-06-21 07:36:00
1718955420000,3.258,3.258,3.237,3.237,11347.97,2024-06-21 07:37:00
1718955480000,3.238,3.246,3.214,3.223,36607.89,2024-06-21 07:38:00
1718955540000,3.223,3.238,3.219,3.237,27418.1,2024-06-21 07:39:00
1718955600000,3.237,3.249,3.237,3.243,17686.11,2024-06-21 07:40:00
1718955660000,3.242,3.245,3.238,3.241,13192.15,2024-06-21 07:41:00
1718955720000,3.241,3.241,3.229,3.232,26033.53,2024-06-21 07:42:00
1718955780000,3.233,3.252,3.233,3.25,14447.53,2024-06-21 07:43:00
1718955840000,3.249,3.249,3.235,3.239,13638.24,2024-06-21 07:44:00
1718955900000,3.239,3.24,3.219,3.22,16364.71,2024-06-21 07:45:00
1718955960000,3.223,3.223,3.193,3.195,70391.44,2024-06-21 07:46:00
1718956020000,3.195,3.195,3.153,3.158,138351.93,2024-06-21 07:47:00
1718956080000,3.159,3.19,3.159,3.19,42986.56,2024-06-21 07:48:00
1718956140000,3.19,3.197,3.171,3.178,24061.84,2024-06-21 07:49:00
1718956200000,3.177,3.186,3.152,3.155,53203.78,2024-06-21 07:50:00
1718956260000,3.156,3.16,3.123,3.15,72573.11,2024-06-21 07:51:00
1718956320000,3.15,3.191,3.148,3.164,84387.35,2024-06-21 07:52:00
1718956380000,3.165,3.171,3.142,3.159,21742.0,2024-06-21 07:53:00
1718956440000,3.159,3.175,3.154,3.169,27892.26,2024-06-21 07:54:00
1718956500000,3.168,3.19,3.168,3.186,19541.55,2024-06-21 07:55:00
1718956560000,3.187,3.187,3.154,3.164,33322.4,2024-06-21 07:56:00
1718956620000,3.164,3.175,3.161,3.166,35913.98,2024-06-21 07:57:00
1718956680000,3.163,3.17,3.149,3.15,25736.2,2024-06-21 07:58:00
1718956740000,3.151,3.168,3.14,3.165,28960.64,2024-06-21 07:59:00
1718956800000,3.165,3.17,3.145,3.163,22957.84,2024-06-21 08:00:00
1718956860000,3.162,3.188,3.161,3.182,21973.08,2024-06-21 08:01:00
1718956920000,3.183,3.183,3.147,3.16,30667.15,2024-06-21 08:02:00
1718956980000,3.163,3.177,3.157,3.171,19309.45,2024-06-21 08:03:00
1718957040000,3.17,3.17,3.159,3.162,13494.27,2024-06-21 08:04:00
1718957100000,3.163,3.169,3.156,3.166,25529.85,2024-06-21 08:05:00
1718957160000,3.166,3.174,3.159,3.162,19871.03,2024-06-21 08:06:00
1718957220000,3.162,3.162,3.139,3.147,22034.3,2024-06-21 08:07:00
1718957280000,3.147,3.158,3.137,3.156,27817.56,2024-06-21 08:08:00
1718957340000,3.152,3.16,3.151,3.16,15962.26,2024-06-21 08:09:00
1718957400000,3.159,3.165,3.148,3.154,31270.43,2024-06-21 08:10:00
1718957460000,3.153,3.162,3.15,3.159,7976.15,2024-06-21 08:11:00
1718957520000,3.161,3.182,3.159,3.168,39058.5,2024-06-21 08:12:00
1718957580000,3.168,3.178,3.156,3.158,19820.03,2024-06-21 08:13:00
1718957640000,3.158,3.16,3.136,3.142,14598.76,2024-06-21 08:14:00
1718957700000,3.144,3.158,3.138,3.147,22447.91,2024-06-21 08:15:00
1718957760000,3.146,3.18,3.145,3.158,38305.57,2024-06-21 08:16:00
1718957820000,3.159,3.177,3.146,3.169,62307.79,2024-06-21 08:17:00
1718957880000,3.17,3.17,3.162,3.168,10791.6,2024-06-21 08:18:00
1718957940000,3.166,3.182,3.156,3.175,40774.77,2024-06-21 08:19:00
1718958000000,3.175,3.175,3.156,3.159,39845.92,2024-06-21 08:20:00
1718958060000,3.159,3.185,3.156,3.176,72026.5,2024-06-21 08:21:00
1718958120000,3.175,3.179,3.16,3.165,17626.15,2024-06-21 08:22:00
1718958180000,3.164,3.17,3.161,3.167,14578.49,2024-06-21 08:23:00
1718958240000,3.167,3.171,3.161,3.169,22635.69,2024-06-21 08:24:00
1718958300000,3.17,3.182,3.161,3.175,28027.03,2024-06-21 08:25:00
1718958360000,3.174,3.174,3.16,3.165,25766.24,2024-06-21 08:26:00
1718958420000,3.166,3.178,3.16,3.173,47112.94,2024-06-21 08:27:00
1718958480000,3.173,3.18,3.143,3.151,47429.31,2024-06-21 08:28:00
1718958540000,3.153,3.153,3.115,3.125,49978.35,2024-06-21 08:29:00
1718958600000,3.127,3.133,3.101,3.104,33368.97,2024-06-21 08:30:00
1718958660000,3.101,3.122,3.092,3.122,112454.42,2024-06-21 08:31:00
1718958720000,3.121,3.145,3.121,3.145,36769.41,2024-06-21 08:32:00
1718958780000,3.145,3.161,3.131,3.144,23232.14,2024-06-21 08:33:00
1718958840000,3.142,3.159,3.141,3.152,21715.96,2024-06-21 08:34:00
1718958900000,3.151,3.159,3.141,3.15,28819.41,2024-06-21 08:35:00
1718958960000,3.15,3.157,3.138,3.148,59730.23,2024-06-21 08:36:00
1718959020000,3.149,3.152,3.133,3.143,19837.17,2024-06-21 08:37:00
1718959080000,3.143,3.148,3.131,3.142,30188.82,2024-06-21 08:38:00
1718959140000,3.141,3.146,3.131,3.132,18745.85,2024-06-21 08:39:00
1718959200000,3.134,3.135,3.112,3.128,76712.08,2024-06-21 08:40:00
1718959260000,3.126,3.139,3.119,3.128,69455.81,2024-06-21 08:41:00
1718959320000,3.129,3.135,3.112,3.134,77127.65,2024-06-21 08:42:00
1718959380000,3.134,3.154,3.13,3.148,50755.32,2024-06-21 08:43:00
1718959440000,3.148,3.159,3.147,3.152,28213.46,2024-06-21 08:44:00
1718959500000,3.15,3.167,3.142,3.156,33169.32,2024-06-21 08:45:00
1718959560000,3.157,3.159,3.129,3.142,36324.04,2024-06-21 08:46:00
1718959620000,3.141,3.141,3.11,3.131,47488.06,2024-06-21 08:47:00
1718959680000,3.132,3.137,3.124,3.133,22734.48,2024-06-21 08:48:00
1718959740000,3.134,3.166,3.133,3.146,101041.97,2024-06-21 08:49:00
1718959800000,3.147,3.153,3.126,3.132,33215.32,2024-06-21 08:50:00
1718959860000,3.131,3.162,3.127,3.143,39170.86,2024-06-21 08:51:00
1718959920000,3.143,3.163,3.131,3.153,51672.85,2024-06-21 08:52:00
1718959980000,3.153,3.18,3.138,3.166,54915.44,2024-06-21 08:53:00
1718960040000,3.167,3.21,3.156,3.178,78301.12,2024-06-21 08:54:00
1718960100000,3.176,3.178,3.159,3.161,24802.43,2024-06-21 08:55:00
1718960160000,3.162,3.168,3.152,3.158,25313.95,2024-06-21 08:56:00
1718960220000,3.159,3.168,3.151,3.166,33624.82,2024-06-21 08:57:00
1718960280000,3.167,3.208,3.159,3.194,80677.37,2024-06-21 08:58:00
1718960340000,3.191,3.212,3.184,3.209,103885.46,2024-06-21 08:59:00
1718960400000,3.206,3.21,3.19,3.196,57122.24,2024-06-21 09:00:00
1718960460000,3.195,3.216,3.19,3.205,37979.21,2024-06-21 09:01:00
1718960520000,3.209,3.222,3.207,3.216,41642.42,2024-06-21 09:02:00
1718960580000,3.217,3.22,3.184,3.187,43340.46,2024-06-21 09:03:00
1718960640000,3.187,3.2,3.18,3.199,25415.79,2024-06-21 09:04:00
1718960700000,3.201,3.202,3.169,3.178,30907.36,2024-06-21 09:05:00
1718960760000,3.177,3.18,3.161,3.172,50550.89,2024-06-21 09:06:00
1718960820000,3.175,3.18,3.154,3.164,74990.93,2024-06-21 09:07:00
1718960880000,3.165,3.171,3.16,3.168,18036.95,2024-06-21 09:08:00
1718960940000,3.169,3.175,3.167,3.174,14130.17,2024-06-21 09:09:00
1718961000000,3.172,3.197,3.172,3.19,28161.94,2024-06-21 09:10:00
1718961060000,3.19,3.193,3.184,3.186,15794.56,2024-06-21 09:11:00
1718961120000,3.187,3.19,3.168,3.174,17583.71,2024-06-21 09:12:00
1718961180000,3.174,3.192,3.173,3.182,18963.27,2024-06-21 09:13:00
1718961240000,3.184,3.19,3.177,3.18,12123.52,2024-06-21 09:14:00
1718961300000,3.179,3.179,3.15,3.154,50903.71,2024-06-21 09:15:00
1718961360000,3.154,3.156,3.135,3.137,47876.15,2024-06-21 09:16:00
1718961420000,3.138,3.162,3.136,3.144,38723.09,2024-06-21 09:17:00
1718961480000,3.145,3.146,3.117,3.131,29228.98,2024-06-21 09:18:00
1718961540000,3.13,3.134,3.123,3.132,26724.79,2024-06-21 09:19:00
1718961600000,3.132,3.144,3.125,3.136,21647.06,2024-06-21 09:20:00
1718961660000,3.137,3.149,3.124,3.146,39292.22,2024-06-21 09:21:00
1718961720000,3.146,3.154,3.137,3.143,19312.85,2024-06-21 09:22:00
1718961780000,3.142,3.15,3.141,3.146,9646.6,2024-06-21 09:23:00
1718961840000,3.146,3.179,3.142,3.179,29088.35,2024-06-21 09:24:00
1718961900000,3.177,3.177,3.156,3.158,22046.65,2024-06-21 09:25:00
1718961960000,3.161,3.175,3.155,3.171,38767.56,2024-06-21 09:26:00
1718962020000,3.171,3.19,3.164,3.18,38164.28,2024-06-21 09:27:00
1718962080000,3.181,3.208,3.18,3.208,43573.53,2024-06-21 09:28:00
1718962140000,3.207,3.22,3.19,3.193,32321.58,2024-06-21 09:29:00
1718962200000,3.197,3.234,3.181,3.226,54527.89,2024-06-21 09:30:00
1718962260000,3.224,3.233,3.198,3.209,31649.33,2024-06-21 09:31:00
1718962320000,3.21,3.214,3.196,3.199,19496.8,2024-06-21 09:32:00
1718962380000,3.199,3.21,3.195,3.197,19189.8,2024-06-21 09:33:00
1718962440000,3.198,3.212,3.192,3.202,24476.5,2024-06-21 09:34:00
1718962500000,3.202,3.204,3.188,3.191,23955.81,2024-06-21 09:35:00
1718962560000,3.191,3.208,3.187,3.202,25802.61,2024-06-21 09:36:00
1718962620000,3.203,3.23,3.203,3.219,22665.63,2024-06-21 09:37:00
1718962680000,3.218,3.236,3.213,3.231,33752.61,2024-06-21 09:38:00
1718962740000,3.231,3.239,3.219,3.228,20998.65,2024-06-21 09:39:00
1718962800000,3.228,3.228,3.201,3.201,26508.87,2024-06-21 09:40:00
1718962860000,3.203,3.217,3.203,3.216,7647.78,2024-06-21 09:41:00
1718962920000,3.215,3.218,3.203,3.211,11365.06,2024-06-21 09:42:00
1718962980000,3.21,3.213,3.201,3.212,7621.68,2024-06-21 09:43:00
1718963040000,3.213,3.234,3.211,3.219,31234.43,2024-06-21 09:44:00
1718963100000,3.218,3.218,3.2,3.203,28450.36,2024-06-21 09:45:00
1718963160000,3.205,3.206,3.189,3.194,22975.2,2024-06-21 09:46:00
1718963220000,3.195,3.208,3.19,3.199,17648.15,2024-06-21 09:47:00
1718963280000,3.199,3.229,3.195,3.212,63156.37,2024-06-21 09:48:00
1718963340000,3.215,3.216,3.205,3.205,14768.58,2024-06-21 09:49:00
1718963400000,3.207,3.213,3.201,3.206,14588.19,2024-06-21 09:50:00
1718963460000,3.206,3.225,3.204,3.214,15498.47,2024-06-21 09:51:00
1718963520000,3.215,3.218,3.2,3.204,19841.85,2024-06-21 09:52:00
1718963580000,3.204,3.211,3.198,3.202,11076.9,2024-06-21 09:53:00
1718963640000,3.203,3.203,3.187,3.197,15805.53,2024-06-21 09:54:00
1718963700000,3.197,3.197,3.17,3.185,22529.44,2024-06-21 09:55:00
1718963760000,3.186,3.204,3.184,3.193,19623.86,2024-06-21 09:56:00
1718963820000,3.193,3.199,3.18,3.182,15736.82,2024-06-21 09:57:00
1718963880000,3.182,3.188,3.18,3.182,5809.36,2024-06-21 09:58:00
1718963940000,3.183,3.194,3.181,3.181,7212.3,2024-06-21 09:59:00
1718964000000,3.182,3.194,3.181,3.19,11405.65,2024-06-21 10:00:00
1718964060000,3.19,3.209,3.188,3.191,14308.64,2024-06-21 10:01:00
1718964120000,3.19,3.205,3.19,3.193,17167.52,2024-06-21 10:02:00
1718964180000,3.193,3.205,3.188,3.19,12305.14,2024-06-21 10:03:00
1718964240000,3.193,3.193,3.183,3.186,9985.86,2024-06-21 10:04:00
1718964300000,3.186,3.186,3.162,3.162,28330.44,2024-06-21 10:05:00
1718964360000,3.161,3.177,3.16,3.175,17009.84,2024-06-21 10:06:00
1718964420000,3.176,3.18,3.165,3.168,10183.2,2024-06-21 10:07:00
1718964480000,3.168,3.177,3.168,3.169,15525.99,2024-06-21 10:08:00
1718964540000,3.17,3.179,3.164,3.171,22824.87,2024-06-21 10:09:00
1718964600000,3.171,3.171,3.162,3.166,6548.75,2024-06-21 10:10:00
1718964660000,3.165,3.165,3.134,3.148,37426.09,2024-06-21 10:11:00
1718964720000,3.146,3.157,3.14,3.157,24505.25,2024-06-21 10:12:00
1718964780000,3.156,3.156,3.142,3.145,21301.56,2024-06-21 10:13:00
1718964840000,3.145,3.155,3.143,3.153,16807.31,2024-06-21 10:14:00
1718964900000,3.153,3.162,3.152,3.155,9054.15,2024-06-21 10:15:00
1718964960000,3.156,3.156,3.132,3.143,33532.66,2024-06-21 10:16:00
1718965020000,3.144,3.159,3.14,3.156,61161.41,2024-06-21 10:17:00
1718965080000,3.155,3.178,3.149,3.166,40377.5,2024-06-21 10:18:00
1718965140000,3.167,3.173,3.16,3.165,13573.01,2024-06-21 10:19:00
1718965200000,3.165,3.17,3.161,3.165,12354.41,2024-06-21 10:20:00
1718965260000,3.165,3.166,3.156,3.16,28431.57,2024-06-21 10:21:00
1718965320000,3.161,3.166,3.152,3.161,26385.41,2024-06-21 10:22:00
1718965380000,3.161,3.165,3.15,3.153,24768.85,2024-06-21 10:23:00
1718965440000,3.152,3.158,3.148,3.153,23640.28,2024-06-21 10:24:00
1718965500000,3.154,3.161,3.154,3.156,11312.03,2024-06-21 10:25:00
1718965560000,3.157,3.164,3.151,3.159,7169.47,2024-06-21 10:26:00
1718965620000,3.158,3.158,3.148,3.157,23572.15,2024-06-21 10:27:00
1718965680000,3.156,3.169,3.155,3.165,11556.07,2024-06-21 10:28:00
1718965740000,3.166,3.167,3.158,3.158,4918.28,2024-06-21 10:29:00
1718965800000,3.159,3.164,3.158,3.16,12044.07,2024-06-21 10:30:00
1718965860000,3.163,3.169,3.16,3.16,9986.38,2024-06-21 10:31:00
1718965920000,3.16,3.168,3.15,3.168,26020.04,2024-06-21 10:32:00
1718965980000,3.167,3.169,3.161,3.164,10803.53,2024-06-21 10:33:00
1718966040000,3.163,3.163,3.153,3.157,8825.3,2024-06-21 10:34:00
1718966100000,3.157,3.158,3.151,3.151,9910.05,2024-06-21 10:35:00
1718966160000,3.151,3.154,3.145,3.148,23213.84,2024-06-21 10:36:00
1718966220000,3.149,3.155,3.145,3.152,21948.88,2024-06-21 10:37:00
1718966280000,3.153,3.154,3.141,3.143,13624.23,2024-06-21 10:38:00
1718966340000,3.144,3.148,3.14,3.145,28066.98,2024-06-21 10:39:00
1718966400000,3.145,3.154,3.142,3.152,40513.62,2024-06-21 10:40:00
1718966460000,3.151,3.156,3.151,3.155,12470.3,2024-06-21 10:41:00
1718966520000,3.156,3.163,3.152,3.161,22200.57,2024-06-21 10:42:00
1718966580000,3.162,3.174,3.161,3.17,20850.06,2024-06-21 10:43:00
1718966640000,3.171,3.175,3.164,3.164,9287.4,2024-06-21 10:44:00
1718966700000,3.165,3.184,3.158,3.183,44920.38,2024-06-21 10:45:00
1718966760000,3.183,3.184,3.173,3.178,24228.03,2024-06-21 10:46:00
1718966820000,3.178,3.182,3.174,3.18,12691.35,2024-06-21 10:47:00
1718966880000,3.181,3.196,3.181,3.194,28393.45,2024-06-21 10:48:00
1718966940000,3.194,3.194,3.187,3.189,26786.42,2024-06-21 10:49:00
1718967000000,3.188,3.188,3.17,3.18,27323.21,2024-06-21 10:50:00
1718967060000,3.18,3.186,3.18,3.186,9293.52,2024-06-21 10:51:00
1718967120000,3.185,3.185,3.181,3.181,4733.77,2024-06-21 10:52:00
1718967180000,3.182,3.183,3.172,3.174,11575.18,2024-06-21 10:53:00
1718967240000,3.173,3.188,3.172,3.186,21798.83,2024-06-21 10:54:00
1718967300000,3.187,3.202,3.184,3.191,47146.74,2024-06-21 10:55:00
1718967360000,3.191,3.192,3.178,3.189,25409.81,2024-06-21 10:56:00
1718967420000,3.189,3.2,3.188,3.199,11306.52,2024-06-21 10:57:00
1718967480000,3.2,3.2,3.191,3.191,19957.45,2024-06-21 10:58:00
1718967540000,3.191,3.193,3.184,3.187,4560.17,2024-06-21 10:59:00
1718967600000,3.187,3.193,3.185,3.189,11482.07,2024-06-21 11:00:00
1718967660000,3.189,3.205,3.177,3.184,42415.21,2024-06-21 11:01:00
1718967720000,3.186,3.194,3.174,3.188,16227.86,2024-06-21 11:02:00
1718967780000,3.188,3.214,3.188,3.206,61793.56,2024-06-21 11:03:00
1718967840000,3.205,3.207,3.193,3.195,14703.81,2024-06-21 11:04:00
1718967900000,3.195,3.208,3.191,3.206,25059.16,2024-06-21 11:05:00
1718967960000,3.204,3.222,3.203,3.207,32679.04,2024-06-21 11:06:00
1718968020000,3.208,3.212,3.205,3.206,12077.37,2024-06-21 11:07:00
1718968080000,3.207,3.213,3.197,3.211,27711.93,2024-06-21 11:08:00
1718968140000,3.21,3.216,3.202,3.203,39714.08,2024-06-21 11:09:00
1718968200000,3.203,3.21,3.201,3.202,14997.3,2024-06-21 11:10:00
1718968260000,3.202,3.206,3.198,3.204,8950.0,2024-06-21 11:11:00
1718968320000,3.205,3.207,3.202,3.205,8333.98,2024-06-21 11:12:00
1718968380000,3.206,3.21,3.203,3.205,10583.0,2024-06-21 11:13:00
1718968440000,3.205,3.205,3.194,3.198,10862.1,2024-06-21 11:14:00
1718968500000,3.198,3.198,3.174,3.178,39193.81,2024-06-21 11:15:00
1718968560000,3.178,3.184,3.176,3.18,21290.84,2024-06-21 11:16:00
1718968620000,3.181,3.19,3.181,3.19,28287.64,2024-06-21 11:17:00
1718968680000,3.189,3.19,3.182,3.182,27038.93,2024-06-21 11:18:00
1718968740000,3.181,3.181,3.17,3.173,21734.78,2024-06-21 11:19:00
1718968800000,3.172,3.18,3.171,3.18,11033.33,2024-06-21 11:20:00
1718968860000,3.18,3.186,3.176,3.177,35650.66,2024-06-21 11:21:00
1718968920000,3.177,3.19,3.177,3.19,43179.45,2024-06-21 11:22:00
1718968980000,3.19,3.19,3.179,3.184,24306.89,2024-06-21 11:23:00
1718969040000,3.184,3.184,3.175,3.177,7457.03,2024-06-21 11:24:00
1718969100000,3.177,3.182,3.175,3.182,11395.75,2024-06-21 11:25:00
1718969160000,3.182,3.186,3.175,3.182,15490.16,2024-06-21 11:26:00
1718969220000,3.183,3.209,3.171,3.2,75318.01,2024-06-21 11:27:00
1718969280000,3.201,3.203,3.192,3.195,16122.29,2024-06-21 11:28:00
1718969340000,3.195,3.196,3.191,3.194,8065.99,2024-06-21 11:29:00
1718969400000,3.194,3.194,3.189,3.192,12305.54,2024-06-21 11:30:00
1718969460000,3.191,3.191,3.181,3.184,19990.16,2024-06-21 11:31:00
1718969520000,3.185,3.191,3.181,3.19,16689.83,2024-06-21 11:32:00
1718969580000,3.189,3.192,3.186,3.189,10986.68,2024-06-21 11:33:00
1718969640000,3.189,3.189,3.178,3.184,12454.52,2024-06-21 11:34:00
1718969700000,3.185,3.187,3.176,3.181,23305.69,2024-06-21 11:35:00
1718969760000,3.181,3.185,3.164,3.171,41572.83,2024-06-21 11:36:00
1718969820000,3.17,3.173,3.164,3.165,12513.81,2024-06-21 11:37:00
1718969880000,3.165,3.178,3.16,3.175,17509.71,2024-06-21 11:38:00
1718969940000,3.175,3.175,3.164,3.166,12623.37,2024-06-21 11:39:00
1718970000000,3.166,3.168,3.16,3.167,8561.79,2024-06-21 11:40:00
1718970060000,3.167,3.172,3.162,3.162,13730.9,2024-06-21 11:41:00
1718970120000,3.163,3.168,3.161,3.166,10365.32,2024-06-21 11:42:00
1718970180000,3.167,3.173,3.162,3.171,14884.3,2024-06-21 11:43:00
1718970240000,3.172,3.172,3.167,3.167,12207.84,2024-06-21 11:44:00
1718970300000,3.167,3.167,3.155,3.163,25609.42,2024-06-21 11:45:00
1718970360000,3.163,3.165,3.158,3.163,13580.8,2024-06-21 11:46:00
1718970420000,3.165,3.174,3.165,3.169,9932.19,2024-06-21 11:47:00
1718970480000,3.167,3.179,3.164,3.177,11715.27,2024-06-21 11:48:00
1718970540000,3.177,3.186,3.176,3.18,34587.13,2024-06-21 11:49:00
1718970600000,3.181,3.197,3.181,3.19,22097.04,2024-06-21 11:50:00
1718970660000,3.189,3.195,3.186,3.19,7818.19,2024-06-21 11:51:00
1718970720000,3.188,3.195,3.187,3.192,9138.95,2024-06-21 11:52:00
1718970780000,3.193,3.199,3.187,3.192,18183.11,2024-06-21 11:53:00
1718970840000,3.192,3.193,3.182,3.19,15081.57,2024-06-21 11:54:00
1718970900000,3.191,3.195,3.186,3.194,13716.65,2024-06-21 11:55:00
1718970960000,3.194,3.197,3.193,3.195,5822.32,2024-06-21 11:56:00
1718971020000,3.194,3.205,3.193,3.204,16188.14,2024-06-21 11:57:00
1718971080000,3.202,3.203,3.192,3.192,8201.51,2024-06-21 11:58:00
1718971140000,3.192,3.205,3.192,3.203,17553.38,2024-06-21 11:59:00
1718971200000,3.204,3.204,3.18,3.18,24773.67,2024-06-21 12:00:00
1718971260000,3.18,3.188,3.173,3.179,12777.85,2024-06-21 12:01:00
1718971320000,3.178,3.197,3.178,3.195,12155.43,2024-06-21 12:02:00
1718971380000,3.195,3.207,3.195,3.203,19216.5,2024-06-21 12:03:00
1718971440000,3.203,3.207,3.201,3.205,11767.11,2024-06-21 12:04:00
1718971500000,3.205,3.205,3.193,3.194,15087.04,2024-06-21 12:05:00
1718971560000,3.194,3.2,3.189,3.199,29818.97,2024-06-21 12:06:00
1718971620000,3.199,3.199,3.188,3.19,32374.66,2024-06-21 12:07:00
1718971680000,3.19,3.191,3.177,3.178,16129.92,2024-06-21 12:08:00
1718971740000,3.177,3.177,3.163,3.171,29098.27,2024-06-21 12:09:00
1718971800000,3.172,3.176,3.152,3.164,48136.21,2024-06-21 12:10:00
1718971860000,3.167,3.169,3.154,3.16,30994.28,2024-06-21 12:11:00
1718971920000,3.159,3.163,3.138,3.146,43700.48,2024-06-21 12:12:00
1718971980000,3.146,3.154,3.145,3.151,10982.54,2024-06-21 12:13:00
1718972040000,3.151,3.152,3.12,3.131,49116.26,2024-06-21 12:14:00
1718972100000,3.133,3.159,3.133,3.142,32878.77,2024-06-21 12:15:00
1718972160000,3.141,3.163,3.14,3.155,21257.16,2024-06-21 12:16:00
1718972220000,3.154,3.163,3.148,3.15,13351.66,2024-06-21 12:17:00
1718972280000,3.15,3.161,3.14,3.151,45673.69,2024-06-21 12:18:00
1718972340000,3.151,3.155,3.137,3.145,18033.19,2024-06-21 12:19:00
1718972400000,3.145,3.155,3.145,3.148,16872.06,2024-06-21 12:20:00
1718972460000,3.148,3.158,3.147,3.156,20700.01,2024-06-21 12:21:00
1718972520000,3.156,3.166,3.151,3.151,14612.53,2024-06-21 12:22:00
1718972580000,3.151,3.163,3.146,3.159,26548.84,2024-06-21 12:23:00
1718972640000,3.159,3.168,3.147,3.149,36498.35,2024-06-21 12:24:00
1718972700000,3.15,3.157,3.149,3.153,8211.43,2024-06-21 12:25:00
1718972760000,3.152,3.158,3.149,3.154,7086.2,2024-06-21 12:26:00
1718972820000,3.154,3.157,3.153,3.154,3687.88,2024-06-21 12:27:00
1718972880000,3.156,3.161,3.156,3.158,9341.9,2024-06-21 12:28:00
1718972940000,3.158,3.164,3.158,3.16,9173.24,2024-06-21 12:29:00
1718973000000,3.16,3.166,3.142,3.143,14181.76,2024-06-21 12:30:00
1718973060000,3.143,3.149,3.14,3.147,9672.86,2024-06-21 12:31:00
1718973120000,3.147,3.155,3.145,3.148,15288.49,2024-06-21 12:32:00
1718973180000,3.149,3.16,3.149,3.155,9653.25,2024-06-21 12:33:00
1718973240000,3.156,3.16,3.153,3.158,9541.69,2024-06-21 12:34:00
1718973300000,3.158,3.16,3.153,3.154,9858.82,2024-06-21 12:35:00
1718973360000,3.156,3.156,3.145,3.147,10761.28,2024-06-21 12:36:00
1718973420000,3.147,3.149,3.142,3.143,6670.95,2024-06-21 12:37:00
1718973480000,3.142,3.149,3.142,3.148,8923.96,2024-06-21 12:38:00
1718973540000,3.147,3.152,3.146,3.146,7699.08,2024-06-21 12:39:00
1718973600000,3.147,3.157,3.146,3.155,9253.09,2024-06-21 12:40:00
1718973660000,3.156,3.175,3.156,3.172,26601.33,2024-06-21 12:41:00
1718973720000,3.172,3.18,3.172,3.177,23026.76,2024-06-21 12:42:00
1718973780000,3.178,3.183,3.159,3.161,23298.59,2024-06-21 12:43:00
1718973840000,3.162,3.172,3.162,3.169,13817.67,2024-06-21 12:44:00
1718973900000,3.169,3.177,3.162,3.172,20754.58,2024-06-21 12:45:00
1718973960000,3.172,3.175,3.151,3.157,34190.31,2024-06-21 12:46:00
1718974020000,3.157,3.158,3.145,3.157,58335.98,2024-06-21 12:47:00
1718974080000,3.156,3.162,3.155,3.157,10198.24,2024-06-21 12:48:00
1718974140000,3.157,3.164,3.157,3.163,6074.83,2024-06-21 12:49:00
1718974200000,3.164,3.174,3.163,3.173,9180.57,2024-06-21 12:50:00
1718974260000,3.171,3.185,3.171,3.185,9763.98,2024-06-21 12:51:00
1718974320000,3.185,3.193,3.178,3.189,28948.72,2024-06-21 12:52:00
1718974380000,3.189,3.2,3.189,3.191,39400.28,2024-06-21 12:53:00
1718974440000,3.192,3.197,3.188,3.195,14695.92,2024-06-21 12:54:00
1718974500000,3.196,3.204,3.192,3.193,18281.3,2024-06-21 12:55:00
1718974560000,3.195,3.2,3.186,3.191,10877.81,2024-06-21 12:56:00
1718974620000,3.189,3.196,3.186,3.189,26009.17,2024-06-21 12:57:00
1718974680000,3.189,3.201,3.189,3.196,17392.97,2024-06-21 12:58:00
1718974740000,3.197,3.199,3.178,3.178,10158.91,2024-06-21 12:59:00
1718974800000,3.177,3.194,3.177,3.194,6051.32,2024-06-21 13:00:00
1718974860000,3.193,3.203,3.193,3.195,14855.09,2024-06-21 13:01:00
1718974920000,3.194,3.2,3.19,3.197,17043.66,2024-06-21 13:02:00
1718974980000,3.197,3.198,3.18,3.181,20708.96,2024-06-21 13:03:00
1718975040000,3.18,3.188,3.175,3.175,16704.5,2024-06-21 13:04:00
1718975100000,3.175,3.18,3.168,3.171,41854.88,2024-06-21 13:05:00
1718975160000,3.171,3.179,3.164,3.167,40226.45,2024-06-21 13:06:00
1718975220000,3.167,3.172,3.163,3.166,24622.57,2024-06-21 13:07:00
1718975280000,3.165,3.179,3.164,3.174,13422.6,2024-06-21 13:08:00
1718975340000,3.175,3.176,3.163,3.166,12465.75,2024-06-21 13:09:00
1718975400000,3.166,3.174,3.156,3.158,15239.74,2024-06-21 13:10:00
1718975460000,3.158,3.165,3.156,3.158,6647.88,2024-06-21 13:11:00
1718975520000,3.157,3.162,3.155,3.16,4852.78,2024-06-21 13:12:00
1718975580000,3.16,3.16,3.155,3.157,6102.7,2024-06-21 13:13:00
1718975640000,3.159,3.172,3.157,3.168,7120.34,2024-06-21 13:14:00
1718975700000,3.167,3.167,3.152,3.152,11946.62,2024-06-21 13:15:00
1718975760000,3.153,3.159,3.153,3.156,9274.4,2024-06-21 13:16:00
1718975820000,3.156,3.159,3.15,3.156,13657.57,2024-06-21 13:17:00
1718975880000,3.156,3.157,3.151,3.156,10782.79,2024-06-21 13:18:00
1718975940000,3.157,3.158,3.148,3.15,14499.91,2024-06-21 13:19:00
1718976000000,3.15,3.151,3.146,3.149,8789.89,2024-06-21 13:20:00
1718976060000,3.149,3.15,3.135,3.137,25521.93,2024-06-21 13:21:00
1718976120000,3.136,3.147,3.127,3.135,36356.28,2024-06-21 13:22:00
1718976180000,3.137,3.148,3.122,3.129,32044.34,2024-06-21 13:23:00
1718976240000,3.128,3.134,3.124,3.126,18974.62,2024-06-21 13:24:00
1718976300000,3.125,3.134,3.121,3.124,12887.57,2024-06-21 13:25:00
1718976360000,3.124,3.13,3.123,3.129,11767.29,2024-06-21 13:26:00
1718976420000,3.128,3.137,3.124,3.134,10412.54,2024-06-21 13:27:00
1718976480000,3.135,3.136,3.129,3.13,6803.34,2024-06-21 13:28:00
1718976540000,3.13,3.133,3.128,3.128,14191.75,2024-06-21 13:29:00
1718976600000,3.128,3.129,3.094,3.102,80569.19,2024-06-21 13:30:00
1718976660000,3.103,3.106,3.038,3.069,173985.04,2024-06-21 13:31:00
1718976720000,3.07,3.097,3.055,3.058,119409.0,2024-06-21 13:32:00
1718976780000,3.059,3.081,3.052,3.079,44728.28,2024-06-21 13:33:00
1718976840000,3.079,3.098,3.076,3.094,80972.54,2024-06-21 13:34:00
1718976900000,3.093,3.111,3.081,3.089,83480.63,2024-06-21 13:35:00
1718976960000,3.09,3.099,3.086,3.092,34111.35,2024-06-21 13:36:00
1718977020000,3.092,3.096,3.077,3.078,41584.31,2024-06-21 13:37:00
1718977080000,3.078,3.091,3.066,3.068,43869.56,2024-06-21 13:38:00
1718977140000,3.067,3.084,3.064,3.082,33916.7,2024-06-21 13:39:00
1718977200000,3.083,3.097,3.083,3.087,24750.4,2024-06-21 13:40:00
1718977260000,3.088,3.093,3.086,3.091,19237.27,2024-06-21 13:41:00
1718977320000,3.09,3.121,3.086,3.111,85084.03,2024-06-21 13:42:00
1718977380000,3.11,3.14,3.109,3.129,63603.69,2024-06-21 13:43:00
1718977440000,3.129,3.147,3.123,3.139,24587.14,2024-06-21 13:44:00
1718977500000,3.138,3.138,3.12,3.121,32682.56,2024-06-21 13:45:00
1718977560000,3.121,3.121,3.103,3.104,39597.47,2024-06-21 13:46:00
1718977620000,3.103,3.119,3.09,3.103,50567.4,2024-06-21 13:47:00
1718977680000,3.102,3.106,3.09,3.091,26548.03,2024-06-21 13:48:00
1718977740000,3.092,3.092,3.08,3.088,24067.02,2024-06-21 13:49:00
1718977800000,3.089,3.092,3.073,3.073,34896.61,2024-06-21 13:50:00
1718977860000,3.073,3.075,3.044,3.067,91675.05,2024-06-21 13:51:00
1718977920000,3.067,3.069,3.057,3.069,37657.24,2024-06-21 13:52:00
1718977980000,3.069,3.084,3.069,3.073,22020.93,2024-06-21 13:53:00
1718978040000,3.074,3.077,3.05,3.064,23279.86,2024-06-21 13:54:00
1718978100000,3.063,3.073,3.061,3.073,18970.65,2024-06-21 13:55:00
1718978160000,3.072,3.09,3.07,3.073,20986.68,2024-06-21 13:56:00
1718978220000,3.074,3.08,3.069,3.074,17182.61,2024-06-21 13:57:00
1718978280000,3.074,3.077,3.068,3.07,17979.84,2024-06-21 13:58:00
1718978340000,3.07,3.076,3.068,3.073,13504.36,2024-06-21 13:59:00
1718978400000,3.071,3.084,3.07,3.074,37574.84,2024-06-21 14:00:00
1718978460000,3.074,3.078,3.062,3.071,22807.32,2024-06-21 14:01:00
1718978520000,3.072,3.073,3.051,3.052,25830.3,2024-06-21 14:02:00
1718978580000,3.052,3.052,3.033,3.042,53615.19,2024-06-21 14:03:00
1718978640000,3.042,3.059,3.036,3.053,25630.48,2024-06-21 14:04:00
1718978700000,3.053,3.053,3.033,3.042,23607.91,2024-06-21 14:05:00
1718978760000,3.042,3.052,3.04,3.049,23387.24,2024-06-21 14:06:00
1718978820000,3.048,3.065,3.046,3.062,25590.31,2024-06-21 14:07:00
1718978880000,3.061,3.074,3.056,3.056,21284.47,2024-06-21 14:08:00
1718978940000,3.057,3.075,3.054,3.071,41396.76,2024-06-21 14:09:00
1718979000000,3.07,3.071,3.039,3.05,77470.45,2024-06-21 14:10:00
1718979060000,3.05,3.064,3.048,3.063,18939.71,2024-06-21 14:11:00
1718979120000,3.064,3.065,3.056,3.061,14161.73,2024-06-21 14:12:00
1718979180000,3.061,3.091,3.061,3.09,21996.82,2024-06-21 14:13:00
1718979240000,3.087,3.095,3.077,3.088,23323.29,2024-06-21 14:14:00
1718979300000,3.087,3.118,3.086,3.118,27540.85,2024-06-21 14:15:00
1718979360000,3.116,3.129,3.108,3.111,53794.14,2024-06-21 14:16:00
1718979420000,3.11,3.12,3.086,3.094,70514.02,2024-06-21 14:17:00
1718979480000,3.094,3.127,3.094,3.118,44309.44,2024-06-21 14:18:00
1718979540000,3.118,3.13,3.117,3.122,30006.68,2024-06-21 14:19:00
1718979600000,3.121,3.13,3.102,3.106,21380.39,2024-06-21 14:20:00
1718979660000,3.108,3.143,3.106,3.136,39194.14,2024-06-21 14:21:00
1718979720000,3.136,3.145,3.119,3.122,32519.07,2024-06-21 14:22:00
1718979780000,3.123,3.136,3.123,3.129,10281.34,2024-06-21 14:23:00
1718979840000,3.129,3.137,3.122,3.129,30039.69,2024-06-21 14:24:00
1718979900000,3.13,3.137,3.11,3.123,36705.84,2024-06-21 14:25:00
1718979960000,3.124,3.133,3.121,3.129,6879.26,2024-06-21 14:26:00
1718980020000,3.129,3.134,3.124,3.133,12418.78,2024-06-21 14:27:00
1718980080000,3.133,3.144,3.13,3.138,32331.94,2024-06-21 14:28:00
1718980140000,3.14,3.148,3.136,3.139,27393.08,2024-06-21 14:29:00
1718980200000,3.139,3.141,3.115,3.126,36483.7,2024-06-21 14:30:00
1718980260000,3.126,3.137,3.124,3.132,7888.29,2024-06-21 14:31:00
1718980320000,3.132,3.146,3.132,3.144,14550.34,2024-06-21 14:32:00
1718980380000,3.143,3.167,3.14,3.154,36593.91,2024-06-21 14:33:00
1718980440000,3.155,3.165,3.154,3.165,40193.19,2024-06-21 14:34:00
1718980500000,3.165,3.179,3.159,3.16,57598.05,2024-06-21 14:35:00
1718980560000,3.16,3.17,3.155,3.162,27841.58,2024-06-21 14:36:00
1718980620000,3.162,3.168,3.146,3.155,16364.55,2024-06-21 14:37:00
1718980680000,3.155,3.162,3.15,3.151,28260.75,2024-06-21 14:38:00
1718980740000,3.151,3.155,3.147,3.155,14650.18,2024-06-21 14:39:00
1718980800000,3.155,3.155,3.118,3.128,46734.47,2024-06-21 14:40:00
1718980860000,3.128,3.143,3.128,3.138,12232.57,2024-06-21 14:41:00
1718980920000,3.138,3.148,3.13,3.144,25891.27,2024-06-21 14:42:00
1718980980000,3.144,3.153,3.122,3.128,47923.97,2024-06-21 14:43:00
1718981040000,3.126,3.141,3.123,3.14,17448.43,2024-06-21 14:44:00
1718981100000,3.139,3.146,3.135,3.142,19367.35,2024-06-21 14:45:00
1718981160000,3.141,3.155,3.141,3.152,21686.88,2024-06-21 14:46:00
1718981220000,3.152,3.16,3.146,3.151,34310.39,2024-06-21 14:47:00
1718981280000,3.15,3.157,3.144,3.145,19037.18,2024-06-21 14:48:00
1718981340000,3.145,3.155,3.145,3.148,8829.08,2024-06-21 14:49:00
1718981400000,3.149,3.15,3.135,3.15,44921.16,2024-06-21 14:50:00
1718981460000,3.151,3.159,3.149,3.155,5829.2,2024-06-21 14:51:00
1718981520000,3.153,3.154,3.135,3.136,28783.28,2024-06-21 14:52:00
1718981580000,3.137,3.17,3.133,3.159,42419.73,2024-06-21 14:53:00
1718981640000,3.158,3.166,3.151,3.152,19016.3,2024-06-21 14:54:00
1718981700000,3.153,3.154,3.132,3.14,12671.42,2024-06-21 14:55:00
1718981760000,3.141,3.144,3.128,3.136,20910.8,2024-06-21 14:56:00
1718981820000,3.137,3.146,3.137,3.145,4608.47,2024-06-21 14:57:00
1718981880000,3.145,3.149,3.135,3.139,6645.82,2024-06-21 14:58:00
1718981940000,3.141,3.144,3.138,3.138,4069.69,2024-06-21 14:59:00
1718982000000,3.139,3.149,3.139,3.148,4225.56,2024-06-21 15:00:00
1718982060000,3.148,3.168,3.148,3.161,26301.79,2024-06-21 15:01:00
1718982120000,3.163,3.167,3.155,3.162,11069.53,2024-06-21 15:02:00
1718982180000,3.161,3.167,3.155,3.162,9221.62,2024-06-21 15:03:00
1718982240000,3.162,3.166,3.141,3.157,43312.79,2024-06-21 15:04:00
1718982300000,3.158,3.158,3.143,3.144,9993.51,2024-06-21 15:05:00
1718982360000,3.144,3.144,3.121,3.124,15309.57,2024-06-21 15:06:00
1718982420000,3.124,3.132,3.118,3.122,34736.74,2024-06-21 15:07:00
1718982480000,3.121,3.143,3.114,3.136,46731.99,2024-06-21 15:08:00
1718982540000,3.137,3.14,3.13,3.131,12003.41,2024-06-21 15:09:00
1718982600000,3.13,3.136,3.121,3.124,24631.35,2024-06-21 15:10:00
1718982660000,3.123,3.127,3.115,3.124,16652.04,2024-06-21 15:11:00
1718982720000,3.124,3.135,3.118,3.121,29602.26,2024-06-21 15:12:00
1718982780000,3.12,3.124,3.118,3.12,7285.86,2024-06-21 15:13:00
1718982840000,3.121,3.124,3.115,3.118,4791.4,2024-06-21 15:14:00
1718982900000,3.118,3.119,3.098,3.104,34689.92,2024-06-21 15:15:00
1718982960000,3.104,3.12,3.098,3.111,26431.01,2024-06-21 15:16:00
1718983020000,3.11,3.111,3.101,3.11,8165.3,2024-06-21 15:17:00
1718983080000,3.109,3.112,3.103,3.105,8003.3,2024-06-21 15:18:00
1718983140000,3.105,3.105,3.09,3.093,24815.73,2024-06-21 15:19:00
1718983200000,3.093,3.1,3.089,3.1,28619.69,2024-06-21 15:20:00
1718983260000,3.099,3.101,3.089,3.099,18652.05,2024-06-21 15:21:00
1718983320000,3.098,3.098,3.085,3.09,11273.99,2024-06-21 15:22:00
1718983380000,3.09,3.09,3.071,3.081,28863.24,2024-06-21 15:23:00
1718983440000,3.08,3.085,3.064,3.069,42901.67,2024-06-21 15:24:00
1718983500000,3.07,3.08,3.063,3.072,53191.28,2024-06-21 15:25:00
1718983560000,3.071,3.075,3.066,3.066,21230.34,2024-06-21 15:26:00
1718983620000,3.066,3.067,3.054,3.055,37106.79,2024-06-21 15:27:00
1718983680000,3.055,3.062,3.05,3.056,52313.32,2024-06-21 15:28:00
1718983740000,3.056,3.066,3.052,3.064,23256.5,2024-06-21 15:29:00
1718983800000,3.064,3.078,3.057,3.068,35433.68,2024-06-21 15:30:00
1718983860000,3.067,3.07,3.06,3.061,15071.25,2024-06-21 15:31:00
1718983920000,3.061,3.062,3.05,3.051,21501.85,2024-06-21 15:32:00
1718983980000,3.051,3.053,3.038,3.053,33865.65,2024-06-21 15:33:00
1718984040000,3.053,3.053,3.033,3.04,41554.06,2024-06-21 15:34:00
1718984100000,3.041,3.043,3.013,3.027,126978.09,2024-06-21 15:35:00
1718984160000,3.026,3.03,3.015,3.016,49192.46,2024-06-21 15:36:00
1718984220000,3.014,3.029,3.012,3.025,50102.84,2024-06-21 15:37:00
1718984280000,3.026,3.043,3.026,3.034,58980.95,2024-06-21 15:38:00
1718984340000,3.034,3.034,3.013,3.02,63886.88,2024-06-21 15:39:00
1718984400000,3.019,3.032,3.015,3.028,29941.91,2024-06-21 15:40:00
1718984460000,3.028,3.028,3.015,3.018,30796.39,2024-06-21 15:41:00
1718984520000,3.019,3.035,3.015,3.032,49586.3,2024-06-21 15:42:00
1718984580000,3.031,3.033,3.019,3.026,20811.12,2024-06-21 15:43:00
1718984640000,3.027,3.033,3.005,3.03,126779.16,2024-06-21 15:44:00
1718984700000,3.03,3.032,3.015,3.031,41109.8,2024-06-21 15:45:00
1718984760000,3.032,3.035,3.017,3.018,14119.54,2024-06-21 15:46:00
1718984820000,3.019,3.043,3.018,3.034,32603.41,2024-06-21 15:47:00
1718984880000,3.034,3.051,3.031,3.038,23380.39,2024-06-21 15:48:00
1718984940000,3.038,3.039,3.02,3.027,18900.71,2024-06-21 15:49:00
1718985000000,3.026,3.035,3.025,3.033,18325.89,2024-06-21 15:50:00
1718985060000,3.033,3.038,3.027,3.036,10985.61,2024-06-21 15:51:00
1718985120000,3.035,3.045,3.027,3.029,25983.09,2024-06-21 15:52:00
1718985180000,3.029,3.05,3.027,3.05,24464.65,2024-06-21 15:53:00
1718985240000,3.046,3.054,3.027,3.03,31834.48,2024-06-21 15:54:00
1718985300000,3.03,3.032,3.022,3.029,16275.94,2024-06-21 15:55:00
1718985360000,3.029,3.04,3.021,3.038,34488.24,2024-06-21 15:56:00
1718985420000,3.038,3.039,3.025,3.032,23884.71,2024-06-21 15:57:00
1718985480000,3.031,3.032,3.0,3.009,94254.58,2024-06-21 15:58:00
1718985540000,3.007,3.025,3.007,3.024,15873.13,2024-06-21 15:59:00
1718985600000,3.023,3.039,3.021,3.035,37102.67,2024-06-21 16:00:00
1718985660000,3.035,3.035,3.026,3.03,15112.98,2024-06-21 16:01:00
1718985720000,3.03,3.035,3.022,3.023,16374.88,2024-06-21 16:02:00
1718985780000,3.023,3.038,3.02,3.036,19974.26,2024-06-21 16:03:00
1718985840000,3.032,3.038,3.022,3.026,26792.79,2024-06-21 16:04:00
1718985900000,3.025,3.028,3.013,3.016,22476.58,2024-06-21 16:05:00
1718985960000,3.017,3.02,3.011,3.012,16104.29,2024-06-21 16:06:00
1718986020000,3.011,3.018,2.957,2.981,149315.79,2024-06-21 16:07:00
1718986080000,2.981,3.004,2.98,2.997,54832.72,2024-06-21 16:08:00
1718986140000,2.996,3.014,2.994,3.012,32860.83,2024-06-21 16:09:00
1718986200000,3.011,3.026,3.003,3.024,69135.45,2024-06-21 16:10:00
1718986260000,3.025,3.039,3.023,3.025,35432.56,2024-06-21 16:11:00
1718986320000,3.025,3.035,3.025,3.03,25140.29,2024-06-21 16:12:00
1718986380000,3.031,3.044,3.031,3.035,47009.98,2024-06-21 16:13:00
1718986440000,3.033,3.038,3.021,3.029,17452.07,2024-06-21 16:14:00
1718986500000,3.029,3.055,3.028,3.044,43365.34,2024-06-21 16:15:00
1718986560000,3.045,3.054,3.04,3.042,14349.49,2024-06-21 16:16:00
1718986620000,3.042,3.052,3.04,3.045,14600.54,2024-06-21 16:17:00
1718986680000,3.044,3.055,3.039,3.048,44234.91,2024-06-21 16:18:00
1718986740000,3.048,3.052,3.036,3.046,32798.77,2024-06-21 16:19:00
1718986800000,3.046,3.055,3.046,3.054,6168.05,2024-06-21 16:20:00
1718986860000,3.054,3.068,3.054,3.066,27577.82,2024-06-21 16:21:00
1718986920000,3.066,3.073,3.063,3.068,24475.29,2024-06-21 16:22:00
1718986980000,3.068,3.075,3.065,3.066,22645.24,2024-06-21 16:23:00
1718987040000,3.067,3.075,3.045,3.045,23063.91,2024-06-21 16:24:00
1718987100000,3.045,3.065,3.044,3.059,28110.09,2024-06-21 16:25:00
1718987160000,3.059,3.073,3.057,3.072,22246.25,2024-06-21 16:26:00
1718987220000,3.072,3.076,3.062,3.071,21570.65,2024-06-21 16:27:00
1718987280000,3.072,3.107,3.072,3.098,83172.0,2024-06-21 16:28:00
1718987340000,3.098,3.113,3.091,3.104,54909.28,2024-06-21 16:29:00
1718987400000,3.104,3.115,3.097,3.097,74513.71,2024-06-21 16:30:00
1718987460000,3.098,3.123,3.098,3.122,23352.9,2024-06-21 16:31:00
1718987520000,3.122,3.144,3.122,3.136,71804.1,2024-06-21 16:32:00
1718987580000,3.136,3.141,3.108,3.111,35002.16,2024-06-21 16:33:00
1718987640000,3.112,3.131,3.106,3.122,22161.0,2024-06-21 16:34:00
1718987700000,3.121,3.127,3.106,3.112,21668.31,2024-06-21 16:35:00
1718987760000,3.114,3.119,3.094,3.095,33688.77,2024-06-21 16:36:00
1718987820000,3.096,3.13,3.096,3.122,42180.49,2024-06-21 16:37:00
1718987880000,3.122,3.13,3.118,3.127,16683.49,2024-06-21 16:38:00
1718987940000,3.124,3.135,3.12,3.134,13502.89,2024-06-21 16:39:00
1718988000000,3.133,3.136,3.124,3.13,35932.67,2024-06-21 16:40:00
1718988060000,3.13,3.144,3.128,3.132,37679.33,2024-06-21 16:41:00
1718988120000,3.132,3.142,3.122,3.125,56700.14,2024-06-21 16:42:00
1718988180000,3.125,3.139,3.121,3.128,15650.55,2024-06-21 16:43:00
1718988240000,3.129,3.14,3.127,3.128,15134.24,2024-06-21 16:44:00
1718988300000,3.129,3.13,3.106,3.114,29623.73,2024-06-21 16:45:00
1718988360000,3.113,3.127,3.109,3.118,26366.22,2024-06-21 16:46:00
1718988420000,3.119,3.119,3.086,3.099,47713.14,2024-06-21 16:47:00
1718988480000,3.101,3.112,3.097,3.097,18444.53,2024-06-21 16:48:00
1718988540000,3.097,3.114,3.091,3.113,33603.91,2024-06-21 16:49:00
1718988600000,3.112,3.118,3.103,3.104,21133.88,2024-06-21 16:50:00
1718988660000,3.104,3.104,3.089,3.101,14441.2,2024-06-21 16:51:00
1718988720000,3.1,3.107,3.091,3.094,17877.38,2024-06-21 16:52:00
1718988780000,3.092,3.098,3.073,3.088,44170.72,2024-06-21 16:53:00
1718988840000,3.087,3.097,3.081,3.083,18782.81,2024-06-21 16:54:00
1718988900000,3.082,3.101,3.082,3.099,32474.78,2024-06-21 16:55:00
1718988960000,3.099,3.101,3.086,3.089,14368.11,2024-06-21 16:56:00
1718989020000,3.087,3.089,3.066,3.073,57973.49,2024-06-21 16:57:00
1718989080000,3.073,3.08,3.06,3.071,24184.9,2024-06-21 16:58:00
1718989140000,3.071,3.084,3.07,3.082,5487.86,2024-06-21 16:59:00
1718989200000,3.081,3.081,3.063,3.07,24048.16,2024-06-21 17:00:00
1718989260000,3.069,3.072,3.054,3.063,15410.18,2024-06-21 17:01:00
1718989320000,3.062,3.066,3.055,3.057,14257.88,2024-06-21 17:02:00
1718989380000,3.057,3.059,3.042,3.051,46226.36,2024-06-21 17:03:00
1718989440000,3.051,3.058,3.043,3.058,8011.04,2024-06-21 17:04:00
1718989500000,3.056,3.066,3.052,3.063,6860.27,2024-06-21 17:05:00
1718989560000,3.065,3.065,3.049,3.051,11325.93,2024-06-21 17:06:00
1718989620000,3.05,3.053,3.043,3.051,18111.29,2024-06-21 17:07:00
1718989680000,3.051,3.085,3.051,3.084,20278.26,2024-06-21 17:08:00
1718989740000,3.085,3.104,3.084,3.09,41773.72,2024-06-21 17:09:00
1718989800000,3.09,3.094,3.079,3.091,9598.28,2024-06-21 17:10:00
1718989860000,3.092,3.095,3.09,3.095,11357.53,2024-06-21 17:11:00
1718989920000,3.095,3.095,3.084,3.095,9982.73,2024-06-21 17:12:00
1718989980000,3.094,3.095,3.083,3.084,12339.93,2024-06-21 17:13:00
1718990040000,3.085,3.085,3.073,3.075,24342.95,2024-06-21 17:14:00
1718990100000,3.075,3.075,3.059,3.061,10226.95,2024-06-21 17:15:00
1718990160000,3.06,3.091,3.055,3.088,25011.07,2024-06-21 17:16:00
1718990220000,3.088,3.089,3.071,3.072,23973.9,2024-06-21 17:17:00
1718990280000,3.073,3.076,3.061,3.062,14455.94,2024-06-21 17:18:00
1718990340000,3.062,3.078,3.062,3.076,29844.12,2024-06-21 17:19:00
1718990400000,3.075,3.075,3.054,3.061,17825.43,2024-06-21 17:20:00
1718990460000,3.061,3.074,3.061,3.072,7065.59,2024-06-21 17:21:00
1718990520000,3.072,3.072,3.052,3.054,8911.75,2024-06-21 17:22:00
1718990580000,3.055,3.06,3.012,3.042,67277.58,2024-06-21 17:23:00
1718990640000,3.04,3.047,3.033,3.037,18393.78,2024-06-21 17:24:00
1718990700000,3.039,3.046,3.028,3.033,21904.31,2024-06-21 17:25:00
1718990760000,3.031,3.043,3.027,3.042,9029.5,2024-06-21 17:26:00
1718990820000,3.041,3.047,3.034,3.036,20545.17,2024-06-21 17:27:00
1718990880000,3.035,3.038,3.023,3.027,14304.22,2024-06-21 17:28:00
1718990940000,3.026,3.026,3.016,3.019,13514.28,2024-06-21 17:29:00
1718991000000,3.019,3.047,3.018,3.047,21066.44,2024-06-21 17:30:00
1718991060000,3.045,3.049,3.028,3.034,29250.96,2024-06-21 17:31:00
1718991120000,3.032,3.047,3.021,3.027,41019.52,2024-06-21 17:32:00
1718991180000,3.026,3.034,3.02,3.02,12784.14,2024-06-21 17:33:00
1718991240000,3.02,3.038,3.018,3.036,35561.59,2024-06-21 17:34:00
1718991300000,3.037,3.04,3.028,3.038,11161.47,2024-06-21 17:35:00
1718991360000,3.038,3.041,3.015,3.018,19884.33,2024-06-21 17:36:00
1718991420000,3.019,3.026,3.008,3.02,17565.1,2024-06-21 17:37:00
1718991480000,3.018,3.018,2.991,3.004,54056.5,2024-06-21 17:38:00
1718991540000,3.005,3.02,3.002,3.011,34883.84,2024-06-21 17:39:00
1718991600000,3.011,3.017,3.003,3.007,12749.06,2024-06-21 17:40:00
1718991660000,3.007,3.027,3.007,3.027,24909.7,2024-06-21 17:41:00
1718991720000,3.025,3.031,3.016,3.028,36383.72,2024-06-21 17:42:00
1718991780000,3.029,3.033,3.02,3.024,41578.24,2024-06-21 17:43:00
1718991840000,3.024,3.032,3.022,3.03,7460.2,2024-06-21 17:44:00
1718991900000,3.03,3.044,3.024,3.044,23422.12,2024-06-21 17:45:00
1718991960000,3.043,3.048,3.039,3.044,13527.86,2024-06-21 17:46:00
1718992020000,3.045,3.055,3.042,3.052,12948.81,2024-06-21 17:47:00
1718992080000,3.052,3.052,3.031,3.035,12960.34,2024-06-21 17:48:00
1718992140000,3.035,3.041,3.031,3.037,7866.77,2024-06-21 17:49:00
1718992200000,3.039,3.046,3.031,3.034,20516.86,2024-06-21 17:50:00
1718992260000,3.033,3.044,3.028,3.043,13827.76,2024-06-21 17:51:00
1718992320000,3.043,3.056,3.043,3.049,27064.88,2024-06-21 17:52:00
1718992380000,3.049,3.052,3.044,3.047,6265.44,2024-06-21 17:53:00
1718992440000,3.047,3.052,3.036,3.039,10656.47,2024-06-21 17:54:00
1718992500000,3.039,3.047,3.035,3.035,15541.41,2024-06-21 17:55:00
1718992560000,3.037,3.045,3.034,3.034,5955.12,2024-06-21 17:56:00
1718992620000,3.034,3.035,3.02,3.024,11550.95,2024-06-21 17:57:00
1718992680000,3.022,3.022,3.006,3.014,27813.29,2024-06-21 17:58:00
1718992740000,3.015,3.023,3.002,3.017,76767.6,2024-06-21 17:59:00
1718992800000,3.017,3.027,3.013,3.027,12342.26,2024-06-21 18:00:00
1718992860000,3.026,3.029,3.019,3.026,10985.29,2024-06-21 18:01:00
1718992920000,3.024,3.024,3.014,3.014,18229.95,2024-06-21 18:02:00
1718992980000,3.014,3.014,3.005,3.009,9789.09,2024-06-21 18:03:00
1718993040000,3.01,3.03,3.01,3.022,34202.15,2024-06-21 18:04:00
1718993100000,3.022,3.022,2.98,2.988,69928.16,2024-06-21 18:05:00
1718993160000,2.988,2.998,2.974,2.976,32438.86,2024-06-21 18:06:00
1718993220000,2.976,2.987,2.975,2.981,22245.57,2024-06-21 18:07:00
1718993280000,2.98,2.984,2.976,2.981,14981.31,2024-06-21 18:08:00
1718993340000,2.98,2.994,2.98,2.989,9759.29,2024-06-21 18:09:00
1718993400000,2.989,3.006,2.989,3.005,24774.74,2024-06-21 18:10:00
1718993460000,3.006,3.009,3.0,3.007,8708.12,2024-06-21 18:11:00
1718993520000,3.007,3.009,2.992,2.995,15006.48,2024-06-21 18:12:00
1718993580000,2.995,3.002,2.988,2.992,19183.62,2024-06-21 18:13:00
1718993640000,2.991,3.003,2.986,2.997,14282.1,2024-06-21 18:14:00
1718993700000,2.996,2.997,2.982,2.991,19658.52,2024-06-21 18:15:00
1718993760000,2.99,3.006,2.989,3.001,12528.1,2024-06-21 18:16:00
1718993820000,3.004,3.007,2.999,3.002,15504.71,2024-06-21 18:17:00
1718993880000,3.001,3.007,3.001,3.005,2338.84,2024-06-21 18:18:00
1718993940000,3.005,3.01,2.994,3.0,36804.96,2024-06-21 18:19:00
1718994000000,3.0,3.0,2.993,2.993,7270.96,2024-06-21 18:20:00
1718994060000,2.992,2.992,2.982,2.988,22256.31,2024-06-21 18:21:00
1718994120000,2.988,2.989,2.98,2.982,16381.61,2024-06-21 18:22:00
1718994180000,2.982,2.988,2.974,2.981,16245.15,2024-06-21 18:23:00
1718994240000,2.981,2.981,2.962,2.975,29462.4,2024-06-21 18:24:00
1718994300000,2.975,2.982,2.968,2.982,13689.09,2024-06-21 18:25:00
1718994360000,2.981,2.988,2.98,2.986,10338.51,2024-06-21 18:26:00
1718994420000,2.985,2.987,2.979,2.986,8900.18,2024-06-21 18:27:00
1718994480000,2.987,2.991,2.982,2.985,24113.73,2024-06-21 18:28:00
1718994540000,2.985,2.989,2.974,2.977,22897.41,2024-06-21 18:29:00
1718994600000,2.978,2.98,2.97,2.974,24980.56,2024-06-21 18:30:00
1718994660000,2.975,2.985,2.972,2.982,26770.34,2024-06-21 18:31:00
1718994720000,2.982,2.994,2.982,2.991,10339.31,2024-06-21 18:32:00
1718994780000,2.992,2.998,2.978,2.986,21617.91,2024-06-21 18:33:00
1718994840000,2.985,2.998,2.984,2.995,7246.46,2024-06-21 18:34:00
1718994900000,2.998,3.011,2.995,3.0,35545.39,2024-06-21 18:35:00
1718994960000,3.002,3.009,2.984,3.0,33021.92,2024-06-21 18:36:00
1718995020000,3.002,3.007,2.991,2.999,11542.08,2024-06-21 18:37:00
1718995080000,2.999,3.005,2.994,2.995,7037.85,2024-06-21 18:38:00
1718995140000,2.995,3.001,2.984,2.984,4773.14,2024-06-21 18:39:00
1718995200000,2.984,2.995,2.978,2.994,11027.84,2024-06-21 18:40:00
1718995260000,2.993,2.998,2.987,2.992,10830.85,2024-06-21 18:41:00
1718995320000,2.991,3.002,2.991,3.0,8593.62,2024-06-21 18:42:00
1718995380000,3.001,3.002,2.995,2.996,9842.34,2024-06-21 18:43:00
1718995440000,2.996,3.002,2.994,3.0,9216.58,2024-06-21 18:44:00
1718995500000,3.002,3.002,2.987,2.99,9964.85,2024-06-21 18:45:00
1718995560000,2.99,3.015,2.988,3.002,45632.44,2024-06-21 18:46:00
1718995620000,3.002,3.007,2.999,3.003,7961.66,2024-06-21 18:47:00
1718995680000,3.002,3.012,2.991,2.995,16087.49,2024-06-21 18:48:00
1718995740000,2.996,3.003,2.996,3.0,3469.11,2024-06-21 18:49:00
1718995800000,3.001,3.02,3.001,3.018,22212.79,2024-06-21 18:50:00
1718995860000,3.017,3.027,3.015,3.025,22216.14,2024-06-21 18:51:00
1718995920000,3.026,3.036,3.023,3.031,26931.96,2024-06-21 18:52:00
1718995980000,3.031,3.037,3.021,3.025,13350.31,2024-06-21 18:53:00
1718996040000,3.025,3.039,3.023,3.023,6080.42,2024-06-21 18:54:00
1718996100000,3.025,3.072,3.025,3.066,48255.86,2024-06-21 18:55:00
1718996160000,3.066,3.081,3.051,3.072,34086.91,2024-06-21 18:56:00
1718996220000,3.072,3.093,3.068,3.076,36080.48,2024-06-21 18:57:00
1718996280000,3.077,3.095,3.077,3.093,36412.99,2024-06-21 18:58:00
1718996340000,3.095,3.11,3.092,3.092,58187.75,2024-06-21 18:59:00
1718996400000,3.093,3.096,3.073,3.083,33364.68,2024-06-21 19:00:00
1718996460000,3.081,3.092,3.081,3.082,9343.38,2024-06-21 19:01:00
1718996520000,3.082,3.085,3.064,3.067,15204.15,2024-06-21 19:02:00
1718996580000,3.069,3.077,3.063,3.075,10617.06,2024-06-21 19:03:00
1718996640000,3.074,3.086,3.074,3.084,21054.16,2024-06-21 19:04:00
1718996700000,3.084,3.105,3.079,3.105,17659.59,2024-06-21 19:05:00
1718996760000,3.104,3.114,3.087,3.088,38604.92,2024-06-21 19:06:00
1718996820000,3.087,3.092,3.081,3.091,9808.32,2024-06-21 19:07:00
1718996880000,3.091,3.094,3.082,3.089,12916.43,2024-06-21 19:08:00
1718996940000,3.087,3.088,3.074,3.079,4429.13,2024-06-21 19:09:00
1718997000000,3.079,3.093,3.079,3.087,11521.87,2024-06-21 19:10:00
1718997060000,3.088,3.097,3.086,3.087,11485.72,2024-06-21 19:11:00
1718997120000,3.087,3.109,3.086,3.104,44266.13,2024-06-21 19:12:00
1718997180000,3.102,3.104,3.093,3.101,15612.39,2024-06-21 19:13:00
1718997240000,3.102,3.103,3.094,3.1,14897.4,2024-06-21 19:14:00
1718997300000,3.1,3.121,3.099,3.111,28952.01,2024-06-21 19:15:00
1718997360000,3.111,3.113,3.091,3.097,13886.94,2024-06-21 19:16:00
1718997420000,3.097,3.1,3.08,3.084,22246.98,2024-06-21 19:17:00
1718997480000,3.085,3.108,3.084,3.101,15218.6,2024-06-21 19:18:00
1718997540000,3.101,3.112,3.1,3.103,25263.87,2024-06-21 19:19:00
1718997600000,3.102,3.105,3.089,3.095,10343.5,2024-06-21 19:20:00
1718997660000,3.095,3.104,3.094,3.102,9413.54,2024-06-21 19:21:00
1718997720000,3.102,3.113,3.102,3.108,17680.37,2024-06-21 19:22:00
1718997780000,3.106,3.114,3.101,3.114,28136.19,2024-06-21 19:23:00
1718997840000,3.114,3.124,3.107,3.117,16480.18,2024-06-21 19:24:00
1718997900000,3.12,3.13,3.113,3.119,12756.98,2024-06-21 19:25:00
1718997960000,3.117,3.127,3.116,3.117,19390.36,2024-06-21 19:26:00
1718998020000,3.118,3.123,3.108,3.11,6753.65,2024-06-21 19:27:00
1718998080000,3.11,3.118,3.108,3.11,6875.22,2024-06-21 19:28:00
1718998140000,3.11,3.119,3.104,3.116,7190.99,2024-06-21 19:29:00
1718998200000,3.116,3.135,3.116,3.124,25496.62,2024-06-21 19:30:00
1718998260000,3.124,3.134,3.124,3.134,3810.95,2024-06-21 19:31:00
1718998320000,3.135,3.141,3.112,3.123,24589.39,2024-06-21 19:32:00
1718998380000,3.125,3.132,3.122,3.126,8250.47,2024-06-21 19:33:00
1718998440000,3.125,3.133,3.123,3.131,9550.53,2024-06-21 19:34:00
1718998500000,3.132,3.141,3.129,3.129,7030.39,2024-06-21 19:35:00
1718998560000,3.129,3.139,3.126,3.126,4061.32,2024-06-21 19:36:00
1718998620000,3.128,3.14,3.123,3.133,10668.21,2024-06-21 19:37:00
1718998680000,3.136,3.138,3.127,3.129,5454.34,2024-06-21 19:38:00
1718998740000,3.13,3.133,3.116,3.116,3417.95,2024-06-21 19:39:00
1718998800000,3.116,3.122,3.089,3.091,44764.52,2024-06-21 19:40:00
1718998860000,3.092,3.099,3.071,3.085,55266.22,2024-06-21 19:41:00
1718998920000,3.085,3.106,3.085,3.1,10272.78,2024-06-21 19:42:00
1718998980000,3.103,3.106,3.095,3.096,24479.38,2024-06-21 19:43:00
1718999040000,3.099,3.1,3.09,3.1,8341.99,2024-06-21 19:44:00
1718999100000,3.1,3.112,3.1,3.102,12325.74,2024-06-21 19:45:00
1718999160000,3.102,3.105,3.091,3.093,6050.52,2024-06-21 19:46:00
1718999220000,3.095,3.097,3.084,3.091,3565.54,2024-06-21 19:47:00
1718999280000,3.092,3.114,3.092,3.11,17501.72,2024-06-21 19:48:00
1718999340000,3.109,3.11,3.098,3.102,12148.08,2024-06-21 19:49:00
1718999400000,3.104,3.11,3.098,3.11,5231.62,2024-06-21 19:50:00
1718999460000,3.111,3.111,3.094,3.097,3644.79,2024-06-21 19:51:00
1718999520000,3.097,3.107,3.095,3.107,9774.1,2024-06-21 19:52:00
1718999580000,3.107,3.118,3.107,3.115,6519.15,2024-06-21 19:53:00
1718999640000,3.116,3.117,3.106,3.113,4377.54,2024-06-21 19:54:00
1718999700000,3.112,3.119,3.103,3.105,13775.83,2024-06-21 19:55:00
1718999760000,3.103,3.104,3.097,3.099,4354.23,2024-06-21 19:56:00
1718999820000,3.099,3.107,3.099,3.106,5762.58,2024-06-21 19:57:00
1718999880000,3.107,3.109,3.096,3.099,5107.45,2024-06-21 19:58:00
1718999940000,3.099,3.111,3.096,3.11,3515.44,2024-06-21 19:59:00
1719000000000,3.11,3.126,3.102,3.126,8730.35,2024-06-21 20:00:00
1719000060000,3.125,3.134,3.121,3.131,20851.48,2024-06-21 20:01:00
1719000120000,3.131,3.134,3.098,3.1,14821.42,2024-06-21 20:02:00
1719000180000,3.101,3.106,3.092,3.106,14814.85,2024-06-21 20:03:00
1719000240000,3.106,3.113,3.102,3.109,10135.68,2024-06-21 20:04:00
1719000300000,3.109,3.111,3.101,3.104,9838.83,2024-06-21 20:05:00
1719000360000,3.105,3.111,3.102,3.105,2792.21,2024-06-21 20:06:00
1719000420000,3.104,3.104,3.092,3.098,9921.81,2024-06-21 20:07:00
1719000480000,3.097,3.106,3.094,3.102,8319.15,2024-06-21 20:08:00
1719000540000,3.103,3.108,3.091,3.096,12276.99,2024-06-21 20:09:00
1719000600000,3.096,3.099,3.084,3.085,20467.19,2024-06-21 20:10:00
1719000660000,3.086,3.095,3.083,3.084,26410.11,2024-06-21 20:11:00
1719000720000,3.084,3.084,3.074,3.078,19587.92,2024-06-21 20:12:00
1719000780000,3.077,3.08,3.075,3.08,1448.73,2024-06-21 20:13:00
1719000840000,3.08,3.083,3.075,3.077,14553.06,2024-06-21 20:14:00
1719000900000,3.075,3.08,3.07,3.075,9187.15,2024-06-21 20:15:00
1719000960000,3.075,3.075,3.065,3.068,30009.84,2024-06-21 20:16:00
1719001020000,3.068,3.075,3.066,3.072,5068.31,2024-06-21 20:17:00
1719001080000,3.071,3.082,3.071,3.076,10463.04,2024-06-21 20:18:00
1719001140000,3.076,3.082,3.072,3.078,18485.0,2024-06-21 20:19:00
1719001200000,3.078,3.111,3.078,3.095,20391.35,2024-06-21 20:20:00
1719001260000,3.096,3.098,3.082,3.082,4653.8,2024-06-21 20:21:00
1719001320000,3.082,3.083,3.074,3.08,9975.55,2024-06-21 20:22:00
1719001380000,3.081,3.082,3.072,3.079,7764.37,2024-06-21 20:23:00
1719001440000,3.08,3.084,3.067,3.071,9015.98,2024-06-21 20:24:00
1719001500000,3.069,3.083,3.068,3.078,9009.33,2024-06-21 20:25:00
1719001560000,3.077,3.077,3.067,3.075,4652.9,2024-06-21 20:26:00
1719001620000,3.074,3.08,3.069,3.07,10005.55,2024-06-21 20:27:00
1719001680000,3.069,3.077,3.064,3.072,13253.65,2024-06-21 20:28:00
1719001740000,3.072,3.072,3.057,3.06,10865.27,2024-06-21 20:29:00
1719001800000,3.059,3.064,3.053,3.059,5819.73,2024-06-21 20:30:00
1719001860000,3.065,3.073,3.054,3.058,16763.17,2024-06-21 20:31:00
1719001920000,3.056,3.064,3.053,3.064,12022.79,2024-06-21 20:32:00
1719001980000,3.064,3.067,3.058,3.061,16085.53,2024-06-21 20:33:00
1719002040000,3.062,3.063,3.056,3.056,2981.54,2024-06-21 20:34:00
1719002100000,3.056,3.059,3.052,3.052,8083.4,2024-06-21 20:35:00
1719002160000,3.052,3.06,3.052,3.059,15452.4,2024-06-21 20:36:00
1719002220000,3.06,3.062,3.056,3.058,6196.38,2024-06-21 20:37:00
1719002280000,3.058,3.064,3.055,3.061,7400.01,2024-06-21 20:38:00
1719002340000,3.061,3.061,3.052,3.055,16998.95,2024-06-21 20:39:00
1719002400000,3.055,3.068,3.052,3.068,15797.01,2024-06-21 20:40:00
1719002460000,3.065,3.065,3.056,3.056,1219.69,2024-06-21 20:41:00
1719002520000,3.057,3.062,3.048,3.062,24503.6,2024-06-21 20:42:00
1719002580000,3.063,3.07,3.059,3.068,5211.48,2024-06-21 20:43:00
1719002640000,3.068,3.076,3.064,3.076,4440.13,2024-06-21 20:44:00
1719002700000,3.077,3.078,3.06,3.064,4548.17,2024-06-21 20:45:00
1719002760000,3.064,3.064,3.056,3.061,3341.24,2024-06-21 20:46:00
1719002820000,3.06,3.064,3.054,3.054,7238.46,2024-06-21 20:47:00
1719002880000,3.054,3.054,3.047,3.053,12186.92,2024-06-21 20:48:00
1719002940000,3.054,3.064,3.054,3.058,5450.55,2024-06-21 20:49:00
1719003000000,3.058,3.072,3.058,3.068,4967.22,2024-06-21 20:50:00
1719003060000,3.065,3.065,3.037,3.042,15797.65,2024-06-21 20:51:00
1719003120000,3.042,3.051,3.038,3.049,2751.77,2024-06-21 20:52:00
1719003180000,3.051,3.051,3.041,3.047,5645.86,2024-06-21 20:53:00
1719003240000,3.047,3.053,3.041,3.041,6505.5,2024-06-21 20:54:00
1719003300000,3.042,3.046,3.035,3.037,15287.51,2024-06-21 20:55:00
1719003360000,3.037,3.063,3.037,3.055,12862.62,2024-06-21 20:56:00
1719003420000,3.057,3.061,3.053,3.058,7676.96,2024-06-21 20:57:00
1719003480000,3.058,3.062,3.052,3.053,5441.79,2024-06-21 20:58:00
1719003540000,3.053,3.056,3.048,3.051,4068.1,2024-06-21 20:59:00
1719003600000,3.051,3.057,3.044,3.054,9682.17,2024-06-21 21:00:00
1719003660000,3.053,3.053,3.043,3.044,3987.8,2024-06-21 21:01:00
1719003720000,3.044,3.048,3.036,3.042,10106.35,2024-06-21 21:02:00
1719003780000,3.044,3.044,3.034,3.038,5093.09,2024-06-21 21:03:00
1719003840000,3.037,3.058,3.034,3.055,13851.41,2024-06-21 21:04:00
1719003900000,3.055,3.059,3.045,3.049,6115.08,2024-06-21 21:05:00
1719003960000,3.047,3.047,3.034,3.038,5719.35,2024-06-21 21:06:00
1719004020000,3.037,3.037,3.024,3.028,10895.77,2024-06-21 21:07:00
1719004080000,3.028,3.033,3.023,3.025,7451.87,2024-06-21 21:08:00
1719004140000,3.025,3.036,3.025,3.028,9765.09,2024-06-21 21:09:00
1719004200000,3.027,3.027,3.023,3.026,2141.83,2024-06-21 21:10:00
1719004260000,3.027,3.035,3.026,3.03,8779.94,2024-06-21 21:11:00
1719004320000,3.03,3.034,3.029,3.033,4099.52,2024-06-21 21:12:00
1719004380000,3.034,3.038,3.026,3.026,6986.37,2024-06-21 21:13:00
1719004440000,3.027,3.036,3.027,3.032,5056.73,2024-06-21 21:14:00
1719004500000,3.034,3.043,3.031,3.035,11445.38,2024-06-21 21:15:00
1719004560000,3.035,3.037,3.028,3.035,3546.08,2024-06-21 21:16:00
1719004620000,3.035,3.044,3.033,3.033,3976.64,2024-06-21 21:17:00
1719004680000,3.033,3.034,3.025,3.033,5503.98,2024-06-21 21:18:00
1719004740000,3.035,3.037,3.025,3.027,8500.73,2024-06-21 21:19:00
1719004800000,3.026,3.032,3.014,3.017,23377.45,2024-06-21 21:20:00
1719004860000,3.019,3.029,3.019,3.023,4539.04,2024-06-21 21:21:00
1719004920000,3.022,3.03,3.021,3.025,7444.56,2024-06-21 21:22:00
1719004980000,3.025,3.025,3.017,3.019,6333.85,2024-06-21 21:23:00
1719005040000,3.018,3.022,3.008,3.022,12958.17,2024-06-21 21:24:00
1719005100000,3.023,3.023,3.0,3.003,16659.92,2024-06-21 21:25:00
1719005160000,3.003,3.019,2.989,3.011,33662.94,2024-06-21 21:26:00
1719005220000,3.011,3.016,3.005,3.016,11279.85,2024-06-21 21:27:00
1719005280000,3.016,3.026,3.014,3.02,11260.01,2024-06-21 21:28:00
1719005340000,3.021,3.027,3.021,3.027,4677.43,2024-06-21 21:29:00
1719005400000,3.027,3.029,3.008,3.015,34710.16,2024-06-21 21:30:00
1719005460000,3.012,3.013,3.007,3.013,2660.61,2024-06-21 21:31:00
1719005520000,3.012,3.012,2.998,2.998,11571.06,2024-06-21 21:32:00
1719005580000,2.998,3.004,2.992,2.998,12318.2,2024-06-21 21:33:00
1719005640000,2.999,3.014,2.999,3.007,15516.97,2024-06-21 21:34:00
1719005700000,3.008,3.015,3.006,3.01,14973.75,2024-06-21 21:35:00
1719005760000,3.012,3.015,3.009,3.015,3170.92,2024-06-21 21:36:00
1719005820000,3.014,3.014,3.003,3.005,5684.03,2024-06-21 21:37:00
1719005880000,3.006,3.021,3.006,3.02,8216.21,2024-06-21 21:38:00
1719005940000,3.02,3.025,3.017,3.025,3963.1,2024-06-21 21:39:00
1719006000000,3.025,3.029,3.022,3.025,4082.16,2024-06-21 21:40:00
1719006060000,3.025,3.037,3.025,3.033,5841.37,2024-06-21 21:41:00
1719006120000,3.033,3.049,3.033,3.034,11017.03,2024-06-21 21:42:00
1719006180000,3.034,3.039,3.034,3.037,6128.52,2024-06-21 21:43:00
1719006240000,3.037,3.038,3.022,3.022,6114.64,2024-06-21 21:44:00
1719006300000,3.021,3.031,3.019,3.031,3676.47,2024-06-21 21:45:00
1719006360000,3.032,3.033,3.023,3.024,3846.12,2024-06-21 21:46:00
1719006420000,3.024,3.033,3.022,3.033,4566.03,2024-06-21 21:47:00
1719006480000,3.033,3.056,3.033,3.051,15696.79,2024-06-21 21:48:00
1719006540000,3.051,3.054,3.051,3.054,797.91,2024-06-21 21:49:00
1719006600000,3.053,3.063,3.053,3.059,7022.83,2024-06-21 21:50:00
1719006660000,3.059,3.067,3.059,3.065,5272.05,2024-06-21 21:51:00
1719006720000,3.065,3.069,3.062,3.067,3003.7,2024-06-21 21:52:00
1719006780000,3.068,3.085,3.067,3.084,17227.04,2024-06-21 21:53:00
1719006840000,3.084,3.085,3.079,3.08,9051.22,2024-06-21 21:54:00
1719006900000,3.078,3.079,3.068,3.071,4430.57,2024-06-21 21:55:00
1719006960000,3.071,3.082,3.071,3.076,6007.83,2024-06-21 21:56:00
1719007020000,3.076,3.082,3.075,3.08,2502.47,2024-06-21 21:57:00
1719007080000,3.076,3.076,3.061,3.065,15668.81,2024-06-21 21:58:00
1719007140000,3.064,3.068,3.064,3.065,1438.9,2024-06-21 21:59:00
1719007200000,3.064,3.064,3.052,3.057,4845.22,2024-06-21 22:00:00
1719007260000,3.06,3.063,3.052,3.055,6181.9,2024-06-21 22:01:00
1719007320000,3.057,3.058,3.055,3.055,584.56,2024-06-21 22:02:00
1719007380000,3.054,3.071,3.054,3.069,3400.84,2024-06-21 22:03:00
1719007440000,3.069,3.07,3.054,3.054,3476.68,2024-06-21 22:04:00
1719007500000,3.054,3.056,3.046,3.056,8351.46,2024-06-21 22:05:00
1719007560000,3.057,3.06,3.056,3.056,2224.57,2024-06-21 22:06:00
1719007620000,3.057,3.057,3.048,3.049,7071.89,2024-06-21 22:07:00
1719007680000,3.05,3.05,3.042,3.042,4689.76,2024-06-21 22:08:00
1719007740000,3.042,3.055,3.042,3.052,8443.71,2024-06-21 22:09:00
1719007800000,3.053,3.07,3.053,3.062,20558.14,2024-06-21 22:10:00
1719007860000,3.061,3.062,3.042,3.049,12606.69,2024-06-21 22:11:00
1719007920000,3.048,3.058,3.047,3.052,8305.03,2024-06-21 22:12:00
1719007980000,3.052,3.063,3.052,3.056,8432.58,2024-06-21 22:13:00
1719008040000,3.054,3.054,3.044,3.052,13321.55,2024-06-21 22:14:00
1719008100000,3.052,3.052,3.046,3.048,4075.39,2024-06-21 22:15:00
1719008160000,3.048,3.054,3.047,3.054,1982.77,2024-06-21 22:16:00
1719008220000,3.054,3.057,3.047,3.053,9103.65,2024-06-21 22:17:00
1719008280000,3.052,3.052,3.048,3.052,2468.32,2024-06-21 22:18:00
1719008340000,3.053,3.053,3.049,3.052,1003.26,2024-06-21 22:19:00
1719008400000,3.051,3.062,3.051,3.062,3504.05,2024-06-21 22:20:00
1719008460000,3.062,3.063,3.059,3.059,654.66,2024-06-21 22:21:00
1719008520000,3.059,3.06,3.058,3.06,1715.4,2024-06-21 22:22:00
1719008580000,3.059,3.061,3.053,3.054,4155.05,2024-06-21 22:23:00
1719008640000,3.055,3.066,3.055,3.065,1917.32,2024-06-21 22:24:00
1719008700000,3.065,3.074,3.063,3.072,7886.79,2024-06-21 22:25:00
1719008760000,3.072,3.075,3.071,3.073,3907.08,2024-06-21 22:26:00
1719008820000,3.073,3.077,3.073,3.073,3541.66,2024-06-21 22:27:00
1719008880000,3.075,3.08,3.075,3.078,3304.88,2024-06-21 22:28:00
1719008940000,3.078,3.079,3.07,3.07,16663.53,2024-06-21 22:29:00
1719009000000,3.07,3.073,3.062,3.065,24023.09,2024-06-21 22:30:00
1719009060000,3.064,3.067,3.063,3.065,5949.07,2024-06-21 22:31:00
1719009120000,3.065,3.077,3.064,3.076,5680.31,2024-06-21 22:32:00
1719009180000,3.076,3.079,3.075,3.076,3417.48,2024-06-21 22:33:00
1719009240000,3.075,3.076,3.065,3.067,6828.76,2024-06-21 22:34:00
1719009300000,3.067,3.076,3.067,3.074,10002.6,2024-06-21 22:35:00
1719009360000,3.075,3.08,3.075,3.078,4818.33,2024-06-21 22:36:00
1719009420000,3.078,3.079,3.078,3.078,1047.83,2024-06-21 22:37:00
1719009480000,3.079,3.079,3.075,3.078,9663.73,2024-06-21 22:38:00
1719009540000,3.078,3.081,3.078,3.08,4993.15,2024-06-21 22:39:00
1719009600000,3.081,3.083,3.08,3.08,3201.02,2024-06-21 22:40:00
1719009660000,3.08,3.082,3.079,3.079,6678.78,2024-06-21 22:41:00
1719009720000,3.079,3.079,3.071,3.071,4725.06,2024-06-21 22:42:00
1719009780000,3.071,3.084,3.071,3.082,8990.19,2024-06-21 22:43:00
1719009840000,3.082,3.084,3.082,3.083,1086.03,2024-06-21 22:44:00
1719009900000,3.084,3.086,3.081,3.082,7560.65,2024-06-21 22:45:00
1719009960000,3.083,3.086,3.082,3.082,4498.86,2024-06-21 22:46:00
1719010020000,3.082,3.083,3.077,3.081,11873.1,2024-06-21 22:47:00
1719010080000,3.082,3.087,3.082,3.087,5655.55,2024-06-21 22:48:00
1719010140000,3.087,3.087,3.085,3.085,3520.87,2024-06-21 22:49:00
1719010200000,3.085,3.085,3.061,3.072,30138.85,2024-06-21 22:50:00
1719010260000,3.072,3.074,3.055,3.055,3493.46,2024-06-21 22:51:00
1719010320000,3.054,3.065,3.052,3.064,5542.81,2024-06-21 22:52:00
1719010380000,3.065,3.069,3.065,3.068,2119.64,2024-06-21 22:53:00
1719010440000,3.068,3.071,3.061,3.065,5202.29,2024-06-21 22:54:00
1719010500000,3.064,3.066,3.058,3.058,4406.91,2024-06-21 22:55:00
1719010560000,3.059,3.059,3.058,3.059,4478.27,2024-06-21 22:56:00
1719010620000,3.06,3.067,3.06,3.066,2234.95,2024-06-21 22:57:00
1719010680000,3.065,3.065,3.059,3.061,3030.67,2024-06-21 22:58:00
1719010740000,3.061,3.061,3.059,3.06,1531.2,2024-06-21 22:59:00
1719010800000,3.061,3.065,3.06,3.064,4860.47,2024-06-21 23:00:00
1719010860000,3.063,3.065,3.061,3.062,1905.16,2024-06-21 23:01:00
1719010920000,3.061,3.061,3.059,3.059,9353.16,2024-06-21 23:02:00
1719010980000,3.06,3.065,3.059,3.063,9657.16,2024-06-21 23:03:00
1719011040000,3.063,3.063,3.046,3.049,14755.58,2024-06-21 23:04:00
1719011100000,3.05,3.05,3.03,3.037,33274.23,2024-06-21 23:05:00
1719011160000,3.038,3.051,3.038,3.044,7886.24,2024-06-21 23:06:00
1719011220000,3.042,3.048,3.042,3.044,4428.73,2024-06-21 23:07:00
1719011280000,3.043,3.046,3.041,3.043,3182.03,2024-06-21 23:08:00
1719011340000,3.043,3.044,3.039,3.039,6376.74,2024-06-21 23:09:00
1719011400000,3.04,3.051,3.04,3.051,5290.84,2024-06-21 23:10:00
1719011460000,3.051,3.051,3.047,3.049,3967.32,2024-06-21 23:11:00
1719011520000,3.049,3.053,3.048,3.048,2925.8,2024-06-21 23:12:00
1719011580000,3.048,3.048,3.04,3.041,3230.58,2024-06-21 23:13:00
1719011640000,3.041,3.044,3.04,3.042,2271.96,2024-06-21 23:14:00
1719011700000,3.041,3.047,3.035,3.046,5032.11,2024-06-21 23:15:00
1719011760000,3.048,3.048,3.038,3.042,5607.58,2024-06-21 23:16:00
1719011820000,3.041,3.042,3.032,3.037,7362.28,2024-06-21 23:17:00
1719011880000,3.037,3.038,3.032,3.033,3134.52,2024-06-21 23:18:00
1719011940000,3.032,3.038,3.031,3.034,5921.55,2024-06-21 23:19:00
1719012000000,3.034,3.035,3.023,3.029,8788.48,2024-06-21 23:20:00
1719012060000,3.029,3.029,3.021,3.022,4621.66,2024-06-21 23:21:00
1719012120000,3.022,3.033,3.022,3.023,10466.38,2024-06-21 23:22:00
1719012180000,3.024,3.034,3.024,3.028,7104.04,2024-06-21 23:23:00
1719012240000,3.026,3.028,3.024,3.025,2685.18,2024-06-21 23:24:00
1719012300000,3.025,3.034,3.023,3.034,4039.73,2024-06-21 23:25:00
1719012360000,3.033,3.033,3.023,3.024,4031.62,2024-06-21 23:26:00
1719012420000,3.025,3.025,3.017,3.021,6469.95,2024-06-21 23:27:00
1719012480000,3.021,3.026,3.015,3.017,8768.09,2024-06-21 23:28:00
1719012540000,3.018,3.029,3.017,3.029,2618.75,2024-06-21 23:29:00
1719012600000,3.029,3.029,3.021,3.026,5914.2,2024-06-21 23:30:00
1719012660000,3.027,3.027,3.014,3.018,6215.04,2024-06-21 23:31:00
1719012720000,3.016,3.019,3.008,3.019,12309.44,2024-06-21 23:32:00
1719012780000,3.019,3.029,3.019,3.026,6761.88,2024-06-21 23:33:00
1719012840000,3.026,3.027,3.021,3.025,4801.04,2024-06-21 23:34:00
1719012900000,3.024,3.024,3.017,3.02,2401.24,2024-06-21 23:35:00
1719012960000,3.019,3.02,3.016,3.018,675.0,2024-06-21 23:36:00
1719013020000,3.018,3.02,3.015,3.015,2865.28,2024-06-21 23:37:00
1719013080000,3.017,3.02,3.013,3.02,4705.64,2024-06-21 23:38:00
1719013140000,3.018,3.02,3.017,3.017,1347.2,2024-06-21 23:39:00
1719013200000,3.017,3.028,3.017,3.027,17592.63,2024-06-21 23:40:00
1719013260000,3.027,3.029,3.022,3.024,2781.24,2024-06-21 23:41:00
1719013320000,3.023,3.026,3.022,3.023,2149.47,2024-06-21 23:42:00
1719013380000,3.022,3.026,3.021,3.025,8914.35,2024-06-21 23:43:00
1719013440000,3.024,3.028,3.019,3.027,5617.74,2024-06-21 23:44:00
1719013500000,3.026,3.027,3.014,3.019,13448.22,2024-06-21 23:45:00
1719013560000,3.019,3.019,3.014,3.017,2259.99,2024-06-21 23:46:00
1719013620000,3.018,3.018,3.016,3.016,488.17,2024-06-21 23:47:00
1719013680000,3.017,3.017,3.016,3.017,1675.82,2024-06-21 23:48:00
1719013740000,3.016,3.019,3.016,3.018,516.64,2024-06-21 23:49:00
1719013800000,3.019,3.026,3.018,3.026,6744.77,2024-06-21 23:50:00
1719013860000,3.025,3.027,3.02,3.023,2902.12,2024-06-21 23:51:00
1719013920000,3.023,3.023,3.015,3.019,7308.23,2024-06-21 23:52:00
1719013980000,3.018,3.023,3.015,3.022,2527.66,2024-06-21 23:53:00
1719014040000,3.024,3.029,3.019,3.025,10250.15,2024-06-21 23:54:00
1719014100000,3.024,3.024,3.018,3.018,8273.32,2024-06-21 23:55:00
1719014160000,3.019,3.026,3.017,3.025,7598.12,2024-06-21 23:56:00
1719014220000,3.023,3.029,3.021,3.029,5440.97,2024-06-21 23:57:00
1719014280000,3.029,3.034,3.027,3.032,6515.52,2024-06-21 23:58:00
1719014340000,3.033,3.042,3.033,3.04,12767.39,2024-06-21 23:59:00
1719014400000,3.038,3.041,3.006,3.009,21071.9,2024-06-22 00:00:00
1719014460000,3.008,3.008,2.994,3.003,22289.89,2024-06-22 00:01:00
1719014520000,3.005,3.01,2.974,2.989,55550.94,2024-06-22 00:02:00
1719014580000,2.989,2.99,2.984,2.985,11128.3,2024-06-22 00:03:00
1719014640000,2.985,2.986,2.978,2.984,7297.57,2024-06-22 00:04:00
1719014700000,2.985,2.997,2.985,2.994,9578.91,2024-06-22 00:05:00
1719014760000,2.994,3.001,2.992,2.992,6278.36,2024-06-22 00:06:00
1719014820000,2.992,2.992,2.978,2.98,13521.29,2024-06-22 00:07:00
1719014880000,2.98,2.983,2.905,2.925,179978.36,2024-06-22 00:08:00
1719014940000,2.926,2.946,2.926,2.943,30744.98,2024-06-22 00:09:00
1719015000000,2.943,2.947,2.939,2.94,15408.37,2024-06-22 00:10:00
1719015060000,2.941,2.942,2.913,2.928,30298.84,2024-06-22 00:11:00
1719015120000,2.929,2.936,2.924,2.927,19079.01,2024-06-22 00:12:00
1719015180000,2.928,2.929,2.914,2.92,16560.19,2024-06-22 00:13:00
1719015240000,2.919,2.932,2.916,2.93,13179.12,2024-06-22 00:14:00
1719015300000,2.929,2.936,2.916,2.934,15940.41,2024-06-22 00:15:00
1719015360000,2.935,2.941,2.919,2.919,16067.64,2024-06-22 00:16:00
1719015420000,2.918,2.918,2.877,2.894,140835.88,2024-06-22 00:17:00
1719015480000,2.894,2.902,2.893,2.897,19688.77,2024-06-22 00:18:00
1719015540000,2.897,2.899,2.889,2.896,9762.94,2024-06-22 00:19:00
1719015600000,2.895,2.899,2.892,2.896,16516.77,2024-06-22 00:20:00
1719015660000,2.895,2.902,2.892,2.902,20734.38,2024-06-22 00:21:00
1719015720000,2.902,2.918,2.898,2.899,40184.87,2024-06-22 00:22:00
1719015780000,2.899,2.918,2.898,2.91,22782.53,2024-06-22 00:23:00
1719015840000,2.91,2.912,2.903,2.907,12005.68,2024-06-22 00:24:00
1719015900000,2.906,2.907,2.901,2.903,8329.31,2024-06-22 00:25:00
1719015960000,2.903,2.905,2.886,2.886,13280.14,2024-06-22 00:26:00
1719016020000,2.887,2.899,2.887,2.897,13951.92,2024-06-22 00:27:00
1719016080000,2.897,2.898,2.857,2.874,43558.32,2024-06-22 00:28:00
1719016140000,2.872,2.883,2.872,2.88,17503.73,2024-06-22 00:29:00
1719016200000,2.88,2.896,2.88,2.888,26954.15,2024-06-22 00:30:00
1719016260000,2.886,2.892,2.88,2.884,13933.28,2024-06-22 00:31:00
1719016320000,2.885,2.886,2.851,2.864,99495.48,2024-06-22 00:32:00
1719016380000,2.864,2.877,2.862,2.876,28439.35,2024-06-22 00:33:00
1719016440000,2.876,2.89,2.876,2.888,18557.01,2024-06-22 00:34:00
1719016500000,2.887,2.894,2.885,2.893,6581.05,2024-06-22 00:35:00
1719016560000,2.891,2.897,2.885,2.894,14255.36,2024-06-22 00:36:00
1719016620000,2.895,2.896,2.875,2.878,13072.36,2024-06-22 00:37:00
1719016680000,2.877,2.88,2.876,2.876,3362.98,2024-06-22 00:38:00
1719016740000,2.875,2.879,2.874,2.875,6116.22,2024-06-22 00:39:00
1719016800000,2.874,2.882,2.874,2.882,6496.11,2024-06-22 00:40:00
1719016860000,2.884,2.888,2.853,2.853,30043.38,2024-06-22 00:41:00
1719016920000,2.858,2.868,2.855,2.86,15149.4,2024-06-22 00:42:00
1719016980000,2.859,2.865,2.855,2.856,12024.75,2024-06-22 00:43:00
1719017040000,2.857,2.864,2.857,2.862,5785.52,2024-06-22 00:44:00
1719017100000,2.86,2.869,2.855,2.868,20031.44,2024-06-22 00:45:00
1719017160000,2.869,2.876,2.869,2.876,6188.26,2024-06-22 00:46:00
1719017220000,2.876,2.899,2.876,2.885,46029.33,2024-06-22 00:47:00
1719017280000,2.884,2.892,2.883,2.886,18255.18,2024-06-22 00:48:00
1719017340000,2.885,2.889,2.88,2.888,8885.19,2024-06-22 00:49:00
1719017400000,2.889,2.897,2.86,2.866,23299.87,2024-06-22 00:50:00
1719017460000,2.865,2.876,2.863,2.876,21514.56,2024-06-22 00:51:00
1719017520000,2.874,2.877,2.862,2.864,8606.94,2024-06-22 00:52:00
1719017580000,2.861,2.866,2.813,2.825,168970.85,2024-06-22 00:53:00
1719017640000,2.828,2.845,2.826,2.84,82799.6,2024-06-22 00:54:00
1719017700000,2.84,2.858,2.839,2.849,26554.18,2024-06-22 00:55:00
1719017760000,2.848,2.863,2.845,2.858,35586.91,2024-06-22 00:56:00
1719017820000,2.859,2.864,2.856,2.859,5478.68,2024-06-22 00:57:00
1719017880000,2.858,2.873,2.858,2.87,13955.9,2024-06-22 00:58:00
1719017940000,2.867,2.874,2.863,2.87,9806.47,2024-06-22 00:59:00
1719018000000,2.872,2.873,2.857,2.858,15743.11,2024-06-22 01:00:00
1719018060000,2.857,2.857,2.846,2.85,17387.51,2024-06-22 01:01:00
1719018120000,2.848,2.853,2.845,2.853,5704.17,2024-06-22 01:02:00
1719018180000,2.854,2.858,2.847,2.858,8563.49,2024-06-22 01:03:00
1719018240000,2.858,2.861,2.854,2.86,10150.42,2024-06-22 01:04:00
1719018300000,2.861,2.861,2.845,2.856,37814.61,2024-06-22 01:05:00
1719018360000,2.86,2.862,2.82,2.843,197755.36,2024-06-22 01:06:00
1719018420000,2.842,2.852,2.84,2.845,18026.19,2024-06-22 01:07:00
1719018480000,2.841,2.856,2.84,2.849,35902.14,2024-06-22 01:08:00
1719018540000,2.85,2.85,2.838,2.841,16319.04,2024-06-22 01:09:00
1719018600000,2.84,2.844,2.825,2.843,24221.83,2024-06-22 01:10:00
1719018660000,2.843,2.847,2.835,2.845,12839.44,2024-06-22 01:11:00
1719018720000,2.844,2.85,2.84,2.84,8113.73,2024-06-22 01:12:00
1719018780000,2.841,2.841,2.824,2.828,29218.5,2024-06-22 01:13:00
1719018840000,2.829,2.843,2.826,2.833,82087.75,2024-06-22 01:14:00
1719018900000,2.834,2.835,2.824,2.832,22034.19,2024-06-22 01:15:00
1719018960000,2.832,2.835,2.825,2.831,6733.38,2024-06-22 01:16:00
1719019020000,2.828,2.832,2.825,2.83,3939.78,2024-06-22 01:17:00
1719019080000,2.83,2.838,2.83,2.831,14631.22,2024-06-22 01:18:00
1719019140000,2.832,2.832,2.805,2.823,54151.61,2024-06-22 01:19:00
1719019200000,2.822,2.826,2.816,2.822,14962.83,2024-06-22 01:20:00
1719019260000,2.821,2.821,2.813,2.814,13135.43,2024-06-22 01:21:00
1719019320000,2.814,2.816,2.807,2.81,41056.98,2024-06-22 01:22:00
1719019380000,2.81,2.829,2.8,2.824,66412.89,2024-06-22 01:23:00
1719019440000,2.826,2.828,2.817,2.828,15932.58,2024-06-22 01:24:00
1719019500000,2.828,2.833,2.822,2.829,10863.49,2024-06-22 01:25:00
1719019560000,2.828,2.831,2.822,2.831,9504.66,2024-06-22 01:26:00
1719019620000,2.831,2.845,2.83,2.84,29782.71,2024-06-22 01:27:00
1719019680000,2.839,2.84,2.817,2.834,25363.75,2024-06-22 01:28:00
1719019740000,2.834,2.84,2.833,2.838,4519.54,2024-06-22 01:29:00
1719019800000,2.838,2.85,2.836,2.849,14963.99,2024-06-22 01:30:00
1719019860000,2.849,2.85,2.839,2.843,12945.34,2024-06-22 01:31:00
1719019920000,2.841,2.844,2.835,2.837,7183.92,2024-06-22 01:32:00
1719019980000,2.838,2.849,2.837,2.838,13094.38,2024-06-22 01:33:00
1719020040000,2.84,2.843,2.835,2.841,8276.86,2024-06-22 01:34:00
1719020100000,2.842,2.849,2.841,2.847,3468.57,2024-06-22 01:35:00
1719020160000,2.847,2.847,2.835,2.835,3108.65,2024-06-22 01:36:00
1719020220000,2.835,2.846,2.832,2.843,9257.0,2024-06-22 01:37:00
1719020280000,2.844,2.863,2.844,2.862,26702.99,2024-06-22 01:38:00
1719020340000,2.863,2.87,2.852,2.854,13261.49,2024-06-22 01:39:00
1719020400000,2.855,2.855,2.843,2.849,10293.48,2024-06-22 01:40:00
1719020460000,2.847,2.858,2.845,2.858,9248.1,2024-06-22 01:41:00
1719020520000,2.86,2.868,2.859,2.865,15290.52,2024-06-22 01:42:00
1719020580000,2.865,2.866,2.853,2.859,9280.13,2024-06-22 01:43:00
1719020640000,2.859,2.869,2.859,2.862,13860.28,2024-06-22 01:44:00
1719020700000,2.863,2.867,2.846,2.85,28888.53,2024-06-22 01:45:00
1719020760000,2.85,2.867,2.85,2.864,23848.31,2024-06-22 01:46:00
1719020820000,2.866,2.869,2.861,2.865,9785.54,2024-06-22 01:47:00
1719020880000,2.866,2.866,2.857,2.858,2723.09,2024-06-22 01:48:00
1719020940000,2.857,2.864,2.854,2.864,15038.29,2024-06-22 01:49:00
1719021000000,2.864,2.869,2.862,2.868,10956.71,2024-06-22 01:50:00
1719021060000,2.867,2.872,2.861,2.87,17102.59,2024-06-22 01:51:00
1719021120000,2.871,2.884,2.866,2.883,16347.85,2024-06-22 01:52:00
1719021180000,2.884,2.887,2.876,2.886,19749.46,2024-06-22 01:53:00
1719021240000,2.887,2.887,2.878,2.883,6731.86,2024-06-22 01:54:00
1719021300000,2.881,2.881,2.868,2.873,28786.27,2024-06-22 01:55:00
1719021360000,2.872,2.872,2.866,2.868,14144.35,2024-06-22 01:56:00
1719021420000,2.868,2.872,2.862,2.865,9231.03,2024-06-22 01:57:00
1719021480000,2.865,2.865,2.847,2.849,18273.31,2024-06-22 01:58:00
1719021540000,2.849,2.858,2.841,2.849,27621.77,2024-06-22 01:59:00
1719021600000,2.851,2.851,2.831,2.839,21313.13,2024-06-22 02:00:00
1719021660000,2.84,2.867,2.838,2.867,13276.21,2024-06-22 02:01:00
1719021720000,2.868,2.872,2.855,2.855,9843.73,2024-06-22 02:02:00
1719021780000,2.854,2.86,2.854,2.859,5443.07,2024-06-22 02:03:00
1719021840000,2.86,2.868,2.856,2.859,10263.66,2024-06-22 02:04:00
1719021900000,2.858,2.865,2.855,2.865,6405.51,2024-06-22 02:05:00
1719021960000,2.862,2.871,2.862,2.864,9066.58,2024-06-22 02:06:00
1719022020000,2.865,2.87,2.862,2.868,6791.36,2024-06-22 02:07:00
1719022080000,2.867,2.871,2.853,2.856,14166.25,2024-06-22 02:08:00
1719022140000,2.857,2.863,2.852,2.854,8600.23,2024-06-22 02:09:00
1719022200000,2.854,2.868,2.853,2.864,6808.48,2024-06-22 02:10:00
1719022260000,2.866,2.866,2.856,2.86,9511.98,2024-06-22 02:11:00
1719022320000,2.861,2.862,2.851,2.856,8936.91,2024-06-22 02:12:00
1719022380000,2.858,2.862,2.852,2.852,11981.24,2024-06-22 02:13:00
1719022440000,2.853,2.859,2.848,2.85,15627.45,2024-06-22 02:14:00
1719022500000,2.849,2.857,2.848,2.854,2276.89,2024-06-22 02:15:00
1719022560000,2.855,2.86,2.85,2.857,15808.65,2024-06-22 02:16:00
1719022620000,2.857,2.857,2.844,2.844,30182.68,2024-06-22 02:17:00
1719022680000,2.846,2.853,2.844,2.844,7891.11,2024-06-22 02:18:00
1719022740000,2.843,2.85,2.836,2.841,10830.37,2024-06-22 02:19:00
1719022800000,2.841,2.851,2.841,2.851,6523.81,2024-06-22 02:20:00
1719022860000,2.85,2.856,2.849,2.852,7993.78,2024-06-22 02:21:00
1719022920000,2.854,2.863,2.854,2.859,7052.65,2024-06-22 02:22:00
1719022980000,2.86,2.865,2.86,2.865,4328.86,2024-06-22 02:23:00
1719023040000,2.864,2.864,2.85,2.851,10861.09,2024-06-22 02:24:00
1719023100000,2.851,2.855,2.84,2.846,9390.82,2024-06-22 02:25:00
1719023160000,2.845,2.851,2.841,2.841,5795.49,2024-06-22 02:26:00
1719023220000,2.842,2.857,2.842,2.856,4181.24,2024-06-22 02:27:00
1719023280000,2.855,2.855,2.842,2.845,9015.32,2024-06-22 02:28:00
1719023340000,2.847,2.851,2.843,2.851,9257.06,2024-06-22 02:29:00
1719023400000,2.852,2.853,2.847,2.851,5075.37,2024-06-22 02:30:00
1719023460000,2.851,2.866,2.851,2.866,15708.17,2024-06-22 02:31:00
1719023520000,2.864,2.867,2.858,2.862,5608.8,2024-06-22 02:32:00
1719023580000,2.862,2.862,2.857,2.86,7081.76,2024-06-22 02:33:00
1719023640000,2.861,2.869,2.86,2.868,15720.93,2024-06-22 02:34:00
1719023700000,2.866,2.869,2.864,2.868,6166.81,2024-06-22 02:35:00
1719023760000,2.868,2.873,2.867,2.873,1695.66,2024-06-22 02:36:00
1719023820000,2.873,2.878,2.872,2.877,3290.02,2024-06-22 02:37:00
1719023880000,2.878,2.879,2.871,2.871,7241.05,2024-06-22 02:38:00
1719023940000,2.872,2.88,2.872,2.88,5180.36,2024-06-22 02:39:00
1719024000000,2.879,2.88,2.872,2.877,3749.53,2024-06-22 02:40:00
1719024060000,2.876,2.88,2.876,2.878,4805.04,2024-06-22 02:41:00
1719024120000,2.878,2.879,2.871,2.874,6843.6,2024-06-22 02:42:00
1719024180000,2.873,2.88,2.871,2.877,12261.34,2024-06-22 02:43:00
1719024240000,2.878,2.885,2.878,2.883,3801.84,2024-06-22 02:44:00
1719024300000,2.882,2.889,2.88,2.886,13499.68,2024-06-22 02:45:00
1719024360000,2.885,2.887,2.88,2.886,20771.02,2024-06-22 02:46:00
1719024420000,2.887,2.887,2.881,2.885,3877.62,2024-06-22 02:47:00
1719024480000,2.886,2.886,2.874,2.879,22313.61,2024-06-22 02:48:00
1719024540000,2.877,2.877,2.867,2.87,7740.88,2024-06-22 02:49:00
1719024600000,2.87,2.872,2.864,2.869,8825.05,2024-06-22 02:50:00
1719024660000,2.87,2.87,2.866,2.868,1955.06,2024-06-22 02:51:00
1719024720000,2.869,2.871,2.867,2.868,664.43,2024-06-22 02:52:00
1719024780000,2.87,2.874,2.869,2.87,3782.58,2024-06-22 02:53:00
1719024840000,2.87,2.871,2.856,2.86,22495.9,2024-06-22 02:54:00
1719024900000,2.858,2.865,2.857,2.863,4361.08,2024-06-22 02:55:00
1719024960000,2.864,2.866,2.859,2.861,6362.58,2024-06-22 02:56:00
1719025020000,2.863,2.866,2.862,2.862,1890.99,2024-06-22 02:57:00
1719025080000,2.862,2.869,2.862,2.863,3056.05,2024-06-22 02:58:00
1719025140000,2.862,2.865,2.86,2.865,696.73,2024-06-22 02:59:00
1719025200000,2.865,2.871,2.847,2.85,29434.67,2024-06-22 03:00:00
1719025260000,2.849,2.854,2.837,2.846,23595.73,2024-06-22 03:01:00
1719025320000,2.845,2.845,2.84,2.845,10885.63,2024-06-22 03:02:00
1719025380000,2.846,2.849,2.841,2.845,7187.2,2024-06-22 03:03:00
1719025440000,2.845,2.848,2.84,2.845,4965.88,2024-06-22 03:04:00
1719025500000,2.843,2.855,2.841,2.852,6018.74,2024-06-22 03:05:00
1719025560000,2.852,2.857,2.848,2.849,5742.02,2024-06-22 03:06:00
1719025620000,2.849,2.849,2.842,2.844,2483.95,2024-06-22 03:07:00
1719025680000,2.843,2.845,2.836,2.84,4592.24,2024-06-22 03:08:00
1719025740000,2.842,2.842,2.835,2.84,2677.74,2024-06-22 03:09:00
1719025800000,2.84,2.844,2.829,2.836,8991.17,2024-06-22 03:10:00
1719025860000,2.837,2.847,2.837,2.847,2483.8,2024-06-22 03:11:00
1719025920000,2.847,2.851,2.847,2.85,2134.83,2024-06-22 03:12:00
1719025980000,2.85,2.853,2.85,2.852,1103.79,2024-06-22 03:13:00
1719026040000,2.852,2.859,2.852,2.854,3309.17,2024-06-22 03:14:00
1719026100000,2.854,2.855,2.847,2.849,5623.77,2024-06-22 03:15:00
1719026160000,2.847,2.848,2.836,2.84,8436.28,2024-06-22 03:16:00
1719026220000,2.838,2.848,2.838,2.848,3878.67,2024-06-22 03:17:00
1719026280000,2.846,2.846,2.837,2.844,20047.21,2024-06-22 03:18:00
1719026340000,2.844,2.846,2.826,2.829,13324.6,2024-06-22 03:19:00
1719026400000,2.83,2.834,2.821,2.825,14036.09,2024-06-22 03:20:00
1719026460000,2.825,2.835,2.823,2.823,38713.46,2024-06-22 03:21:00
1719026520000,2.823,2.827,2.819,2.824,12178.25,2024-06-22 03:22:00
1719026580000,2.825,2.829,2.821,2.821,9410.65,2024-06-22 03:23:00
1719026640000,2.822,2.858,2.798,2.843,221829.94,2024-06-22 03:24:00
1719026700000,2.842,2.842,2.827,2.832,19966.24,2024-06-22 03:25:00
1719026760000,2.83,2.846,2.83,2.844,8699.75,2024-06-22 03:26:00
1719026820000,2.844,2.844,2.835,2.839,5633.58,2024-06-22 03:27:00
1719026880000,2.84,2.84,2.832,2.836,2766.18,2024-06-22 03:28:00
1719026940000,2.836,2.839,2.829,2.833,6655.77,2024-06-22 03:29:00
1719027000000,2.831,2.833,2.825,2.827,9505.57,2024-06-22 03:30:00
1719027060000,2.827,2.828,2.82,2.824,10804.18,2024-06-22 03:31:00
1719027120000,2.824,2.824,2.809,2.823,31905.05,2024-06-22 03:32:00
1719027180000,2.821,2.825,2.813,2.82,11685.99,2024-06-22 03:33:00
1719027240000,2.821,2.825,2.82,2.82,13088.18,2024-06-22 03:34:00
1719027300000,2.82,2.821,2.815,2.815,11022.9,2024-06-22 03:35:00
1719027360000,2.816,2.836,2.816,2.829,13540.46,2024-06-22 03:36:00
1719027420000,2.829,2.834,2.827,2.831,7590.67,2024-06-22 03:37:00
1719027480000,2.83,2.834,2.828,2.83,5668.08,2024-06-22 03:38:00
1719027540000,2.831,2.834,2.827,2.829,2956.49,2024-06-22 03:39:00
1719027600000,2.827,2.83,2.824,2.827,8955.88,2024-06-22 03:40:00
1719027660000,2.826,2.828,2.825,2.828,3124.84,2024-06-22 03:41:00
1719027720000,2.828,2.837,2.827,2.832,10545.81,2024-06-22 03:42:00
1719027780000,2.832,2.838,2.832,2.837,4350.49,2024-06-22 03:43:00
1719027840000,2.837,2.84,2.836,2.839,4419.25,2024-06-22 03:44:00
1719027900000,2.838,2.838,2.833,2.835,5074.33,2024-06-22 03:45:00
1719027960000,2.834,2.845,2.83,2.842,15835.1,2024-06-22 03:46:00
1719028020000,2.843,2.844,2.838,2.841,6361.4,2024-06-22 03:47:00
1719028080000,2.841,2.85,2.841,2.841,18662.33,2024-06-22 03:48:00
1719028140000,2.842,2.849,2.842,2.844,2973.54,2024-06-22 03:49:00
1719028200000,2.843,2.844,2.84,2.842,5472.6,2024-06-22 03:50:00
1719028260000,2.841,2.851,2.841,2.848,8029.77,2024-06-22 03:51:00
1719028320000,2.85,2.85,2.841,2.842,4355.17,2024-06-22 03:52:00
1719028380000,2.842,2.856,2.842,2.855,21236.8,2024-06-22 03:53:00
1719028440000,2.854,2.86,2.851,2.857,20257.06,2024-06-22 03:54:00
1719028500000,2.858,2.862,2.854,2.862,18042.8,2024-06-22 03:55:00
1719028560000,2.862,2.867,2.86,2.86,6540.32,2024-06-22 03:56:00
1719028620000,2.861,2.867,2.861,2.863,5331.48,2024-06-22 03:57:00
1719028680000,2.864,2.873,2.863,2.871,57474.13,2024-06-22 03:58:00
1719028740000,2.871,2.877,2.87,2.87,17078.68,2024-06-22 03:59:00
1719028800000,2.87,2.87,2.858,2.858,24155.6,2024-06-22 04:00:00
1719028860000,2.861,2.869,2.861,2.864,5770.95,2024-06-22 04:01:00
1719028920000,2.866,2.867,2.858,2.86,22677.74,2024-06-22 04:02:00
1719028980000,2.86,2.866,2.858,2.86,15576.07,2024-06-22 04:03:00
1719029040000,2.86,2.86,2.85,2.851,12977.31,2024-06-22 04:04:00
1719029100000,2.85,2.85,2.846,2.848,7270.36,2024-06-22 04:05:00
1719029160000,2.851,2.854,2.846,2.849,18588.32,2024-06-22 04:06:00
1719029220000,2.85,2.85,2.84,2.843,11800.91,2024-06-22 04:07:00
1719029280000,2.842,2.844,2.839,2.844,2932.14,2024-06-22 04:08:00
1719029340000,2.842,2.845,2.836,2.842,8435.54,2024-06-22 04:09:00
1719029400000,2.844,2.846,2.835,2.835,10320.1,2024-06-22 04:10:00
1719029460000,2.836,2.842,2.836,2.842,10806.58,2024-06-22 04:11:00
1719029520000,2.841,2.841,2.822,2.826,27726.93,2024-06-22 04:12:00
1719029580000,2.827,2.837,2.825,2.83,7875.97,2024-06-22 04:13:00
1719029640000,2.83,2.83,2.825,2.828,7034.71,2024-06-22 04:14:00
1719029700000,2.83,2.832,2.822,2.825,9791.93,2024-06-22 04:15:00
1719029760000,2.825,2.834,2.824,2.833,9468.73,2024-06-22 04:16:00
1719029820000,2.833,2.837,2.829,2.837,10670.75,2024-06-22 04:17:00
1719029880000,2.838,2.842,2.834,2.834,10431.6,2024-06-22 04:18:00
1719029940000,2.834,2.836,2.832,2.833,2797.86,2024-06-22 04:19:00
1719030000000,2.835,2.838,2.828,2.837,14051.02,2024-06-22 04:20:00
1719030060000,2.838,2.838,2.831,2.834,9746.86,2024-06-22 04:21:00
1719030120000,2.835,2.838,2.834,2.837,4617.04,2024-06-22 04:22:00
1719030180000,2.837,2.842,2.836,2.841,4843.56,2024-06-22 04:23:00
1719030240000,2.842,2.844,2.841,2.843,8909.3,2024-06-22 04:24:00
1719030300000,2.842,2.858,2.842,2.854,29554.46,2024-06-22 04:25:00
1719030360000,2.857,2.859,2.85,2.85,8983.1,2024-06-22 04:26:00
1719030420000,2.85,2.855,2.846,2.847,4713.13,2024-06-22 04:27:00
1719030480000,2.847,2.849,2.843,2.846,2830.77,2024-06-22 04:28:00
1719030540000,2.848,2.85,2.837,2.837,4313.75,2024-06-22 04:29:00
1719030600000,2.836,2.84,2.831,2.838,15865.58,2024-06-22 04:30:00
1719030660000,2.84,2.84,2.836,2.838,2999.84,2024-06-22 04:31:00
1719030720000,2.838,2.839,2.831,2.833,6918.27,2024-06-22 04:32:00
1719030780000,2.833,2.836,2.83,2.833,7687.18,2024-06-22 04:33:00
1719030840000,2.832,2.834,2.829,2.832,10918.5,2024-06-22 04:34:00
1719030900000,2.834,2.838,2.828,2.838,7682.94,2024-06-22 04:35:00
1719030960000,2.836,2.838,2.836,2.837,3977.12,2024-06-22 04:36:00
1719031020000,2.836,2.836,2.829,2.829,5462.41,2024-06-22 04:37:00
1719031080000,2.829,2.833,2.823,2.832,10586.15,2024-06-22 04:38:00
1719031140000,2.832,2.832,2.826,2.828,3445.02,2024-06-22 04:39:00
1719031200000,2.827,2.831,2.823,2.83,6247.81,2024-06-22 04:40:00
1719031260000,2.831,2.834,2.824,2.826,8296.81,2024-06-22 04:41:00
1719031320000,2.827,2.83,2.824,2.824,9881.5,2024-06-22 04:42:00
1719031380000,2.824,2.825,2.819,2.822,10799.72,2024-06-22 04:43:00
1719031440000,2.823,2.823,2.813,2.816,18029.24,2024-06-22 04:44:00
1719031500000,2.816,2.817,2.791,2.812,81793.32,2024-06-22 04:45:00
1719031560000,2.811,2.817,2.809,2.814,11789.49,2024-06-22 04:46:00
1719031620000,2.813,2.819,2.813,2.818,6211.38,2024-06-22 04:47:00
1719031680000,2.819,2.837,2.819,2.83,15923.44,2024-06-22 04:48:00
1719031740000,2.83,2.831,2.825,2.825,6173.99,2024-06-22 04:49:00
1719031800000,2.824,2.839,2.822,2.836,34893.73,2024-06-22 04:50:00
1719031860000,2.837,2.842,2.834,2.836,17649.41,2024-06-22 04:51:00
1719031920000,2.836,2.842,2.836,2.84,7376.04,2024-06-22 04:52:00
1719031980000,2.839,2.84,2.837,2.838,2176.61,2024-06-22 04:53:00
1719032040000,2.838,2.843,2.838,2.841,6300.27,2024-06-22 04:54:00
1719032100000,2.842,2.843,2.838,2.838,2784.98,2024-06-22 04:55:00
1719032160000,2.838,2.842,2.838,2.84,2619.69,2024-06-22 04:56:00
1719032220000,2.843,2.845,2.84,2.841,2400.54,2024-06-22 04:57:00
1719032280000,2.841,2.85,2.84,2.844,12168.64,2024-06-22 04:58:00
1719032340000,2.845,2.851,2.843,2.844,10551.57,2024-06-22 04:59:00
1719032400000,2.844,2.845,2.836,2.837,7848.98,2024-06-22 05:00:00
1719032460000,2.836,2.838,2.833,2.837,4564.61,2024-06-22 05:01:00
1719032520000,2.838,2.838,2.833,2.834,4675.4,2024-06-22 05:02:00
1719032580000,2.834,2.838,2.832,2.834,3265.32,2024-06-22 05:03:00
1719032640000,2.835,2.837,2.83,2.832,6788.12,2024-06-22 05:04:00
1719032700000,2.831,2.831,2.83,2.831,27076.11,2024-06-22 05:05:00
1719032760000,2.831,2.839,2.831,2.839,9377.89,2024-06-22 05:06:00
1719032820000,2.839,2.843,2.838,2.839,4750.71,2024-06-22 05:07:00
1719032880000,2.839,2.839,2.828,2.828,10828.18,2024-06-22 05:08:00
1719032940000,2.827,2.827,2.812,2.822,19545.92,2024-06-22 05:09:00
1719033000000,2.821,2.824,2.815,2.823,15574.42,2024-06-22 05:10:00
1719033060000,2.824,2.827,2.822,2.827,1948.29,2024-06-22 05:11:00
1719033120000,2.827,2.835,2.826,2.83,8607.37,2024-06-22 05:12:00
1719033180000,2.829,2.829,2.821,2.821,4862.25,2024-06-22 05:13:00
1719033240000,2.822,2.827,2.815,2.821,11991.05,2024-06-22 05:14:00
1719033300000,2.821,2.824,2.813,2.819,19726.66,2024-06-22 05:15:00
1719033360000,2.821,2.822,2.807,2.81,22227.94,2024-06-22 05:16:00
1719033420000,2.81,2.822,2.807,2.82,15597.0,2024-06-22 05:17:00
1719033480000,2.822,2.822,2.808,2.813,19485.48,2024-06-22 05:18:00
1719033540000,2.813,2.821,2.811,2.82,11854.65,2024-06-22 05:19:00
1719033600000,2.819,2.844,2.817,2.842,31402.16,2024-06-22 05:20:00
1719033660000,2.843,2.847,2.837,2.845,19004.62,2024-06-22 05:21:00
1719033720000,2.845,2.85,2.841,2.842,5331.24,2024-06-22 05:22:00
1719033780000,2.842,2.853,2.842,2.85,6839.25,2024-06-22 05:23:00
1719033840000,2.85,2.855,2.845,2.851,12836.61,2024-06-22 05:24:00
1719033900000,2.851,2.853,2.846,2.85,8089.71,2024-06-22 05:25:00
1719033960000,2.851,2.855,2.85,2.854,2873.18,2024-06-22 05:26:00
1719034020000,2.852,2.858,2.85,2.858,4650.2,2024-06-22 05:27:00
1719034080000,2.858,2.863,2.857,2.859,6138.8,2024-06-22 05:28:00
1719034140000,2.858,2.862,2.853,2.858,10544.56,2024-06-22 05:29:00
1719034200000,2.857,2.866,2.857,2.86,9964.9,2024-06-22 05:30:00
1719034260000,2.86,2.866,2.859,2.866,4020.36,2024-06-22 05:31:00
1719034320000,2.866,2.868,2.858,2.859,6039.68,2024-06-22 05:32:00
1719034380000,2.858,2.863,2.854,2.856,8837.03,2024-06-22 05:33:00
1719034440000,2.857,2.862,2.856,2.858,5681.32,2024-06-22 05:34:00
1719034500000,2.857,2.857,2.846,2.85,29985.45,2024-06-22 05:35:00
1719034560000,2.849,2.869,2.848,2.865,18984.72,2024-06-22 05:36:00
1719034620000,2.864,2.867,2.85,2.857,15257.93,2024-06-22 05:37:00
1719034680000,2.857,2.862,2.857,2.861,1619.49,2024-06-22 05:38:00
1719034740000,2.862,2.863,2.851,2.851,18280.5,2024-06-22 05:39:00
1719034800000,2.851,2.852,2.843,2.845,9165.21,2024-06-22 05:40:00
1719034860000,2.844,2.848,2.842,2.847,9022.38,2024-06-22 05:41:00
1719034920000,2.847,2.847,2.833,2.836,17867.27,2024-06-22 05:42:00
1719034980000,2.835,2.844,2.834,2.843,7087.6,2024-06-22 05:43:00
1719035040000,2.843,2.845,2.829,2.831,6803.14,2024-06-22 05:44:00
1719035100000,2.831,2.836,2.825,2.836,5253.47,2024-06-22 05:45:00
1719035160000,2.836,2.836,2.83,2.831,9921.82,2024-06-22 05:46:00
1719035220000,2.83,2.85,2.83,2.849,6432.91,2024-06-22 05:47:00
1719035280000,2.848,2.849,2.839,2.847,11621.55,2024-06-22 05:48:00
1719035340000,2.847,2.849,2.84,2.843,7801.62,2024-06-22 05:49:00
1719035400000,2.843,2.845,2.838,2.845,6001.75,2024-06-22 05:50:00
1719035460000,2.844,2.844,2.836,2.836,3582.61,2024-06-22 05:51:00
1719035520000,2.837,2.841,2.818,2.824,17110.76,2024-06-22 05:52:00
1719035580000,2.824,2.828,2.821,2.828,8302.57,2024-06-22 05:53:00
1719035640000,2.827,2.83,2.818,2.821,10913.76,2024-06-22 05:54:00
1719035700000,2.823,2.83,2.818,2.827,18840.12,2024-06-22 05:55:00
1719035760000,2.827,2.834,2.826,2.831,26135.95,2024-06-22 05:56:00
1719035820000,2.832,2.832,2.822,2.829,13608.94,2024-06-22 05:57:00
1719035880000,2.829,2.829,2.822,2.824,4662.76,2024-06-22 05:58:00
1719035940000,2.826,2.845,2.822,2.839,85892.26,2024-06-22 05:59:00
1719036000000,2.837,2.837,2.821,2.823,11564.34,2024-06-22 06:00:00
1719036060000,2.823,2.829,2.823,2.829,3292.78,2024-06-22 06:01:00
1719036120000,2.828,2.832,2.828,2.83,3068.41,2024-06-22 06:02:00
1719036180000,2.829,2.843,2.826,2.84,11994.58,2024-06-22 06:03:00
1719036240000,2.84,2.852,2.84,2.846,10113.0,2024-06-22 06:04:00
1719036300000,2.846,2.851,2.844,2.851,6201.14,2024-06-22 06:05:00
1719036360000,2.849,2.849,2.839,2.841,6992.89,2024-06-22 06:06:00
1719036420000,2.842,2.842,2.838,2.839,3730.87,2024-06-22 06:07:00
1719036480000,2.838,2.84,2.838,2.84,900.77,2024-06-22 06:08:00
1719036540000,2.84,2.848,2.84,2.848,7384.14,2024-06-22 06:09:00
1719036600000,2.848,2.859,2.848,2.852,14775.57,2024-06-22 06:10:00
1719036660000,2.854,2.859,2.85,2.85,10763.53,2024-06-22 06:11:00
1719036720000,2.852,2.86,2.852,2.86,11656.08,2024-06-22 06:12:00
1719036780000,2.859,2.86,2.858,2.86,3883.97,2024-06-22 06:13:00
1719036840000,2.86,2.867,2.86,2.865,7290.97,2024-06-22 06:14:00
1719036900000,2.864,2.869,2.861,2.867,11876.9,2024-06-22 06:15:00
1719036960000,2.867,2.872,2.866,2.868,5430.19,2024-06-22 06:16:00
1719037020000,2.869,2.87,2.866,2.867,5414.28,2024-06-22 06:17:00
1719037080000,2.866,2.874,2.866,2.869,4315.63,2024-06-22 06:18:00
1719037140000,2.868,2.873,2.868,2.87,2601.04,2024-06-22 06:19:00
1719037200000,2.871,2.872,2.867,2.868,6894.26,2024-06-22 06:20:00
1719037260000,2.868,2.868,2.858,2.861,21643.3,2024-06-22 06:21:00
1719037320000,2.86,2.866,2.854,2.859,14292.97,2024-06-22 06:22:00
1719037380000,2.86,2.865,2.858,2.863,9571.59,2024-06-22 06:23:00
1719037440000,2.863,2.863,2.856,2.858,3134.32,2024-06-22 06:24:00
1719037500000,2.858,2.861,2.857,2.859,5590.92,2024-06-22 06:25:00
1719037560000,2.859,2.86,2.854,2.858,8940.47,2024-06-22 06:26:00
1719037620000,2.859,2.862,2.858,2.862,2325.05,2024-06-22 06:27:00
1719037680000,2.861,2.866,2.859,2.864,3800.86,2024-06-22 06:28:00
1719037740000,2.864,2.867,2.864,2.865,5421.02,2024-06-22 06:29:00
1719037800000,2.865,2.867,2.863,2.867,6761.53,2024-06-22 06:30:00
1719037860000,2.866,2.866,2.851,2.851,8468.6,2024-06-22 06:31:00
1719037920000,2.851,2.857,2.845,2.846,8825.9,2024-06-22 06:32:00
1719037980000,2.846,2.849,2.84,2.842,4685.2,2024-06-22 06:33:00
1719038040000,2.842,2.85,2.835,2.848,15665.35,2024-06-22 06:34:00
1719038100000,2.848,2.849,2.843,2.846,5356.16,2024-06-22 06:35:00
1719038160000,2.846,2.846,2.838,2.843,9186.08,2024-06-22 06:36:00
1719038220000,2.843,2.862,2.839,2.859,58207.99,2024-06-22 06:37:00
1719038280000,2.859,2.861,2.845,2.851,25615.33,2024-06-22 06:38:00
1719038340000,2.851,2.861,2.851,2.858,7151.23,2024-06-22 06:39:00
1719038400000,2.859,2.866,2.858,2.864,10384.23,2024-06-22 06:40:00
1719038460000,2.865,2.87,2.865,2.868,7966.11,2024-06-22 06:41:00
1719038520000,2.868,2.868,2.867,2.867,4003.24,2024-06-22 06:42:00
1719038580000,2.867,2.867,2.864,2.864,1405.68,2024-06-22 06:43:00
1719038640000,2.865,2.867,2.861,2.861,6409.49,2024-06-22 06:44:00
1719038700000,2.86,2.864,2.857,2.862,3605.02,2024-06-22 06:45:00
1719038760000,2.861,2.865,2.861,2.865,818.86,2024-06-22 06:46:00
1719038820000,2.865,2.869,2.863,2.868,2487.01,2024-06-22 06:47:00
1719038880000,2.868,2.872,2.867,2.87,4516.13,2024-06-22 06:48:00
1719038940000,2.871,2.874,2.866,2.872,14500.91,2024-06-22 06:49:00
1719039000000,2.873,2.874,2.867,2.869,2309.58,2024-06-22 06:50:00
1719039060000,2.868,2.868,2.857,2.863,7840.77,2024-06-22 06:51:00
1719039120000,2.863,2.863,2.858,2.858,2481.01,2024-06-22 06:52:00
1719039180000,2.858,2.866,2.858,2.863,3452.15,2024-06-22 06:53:00
1719039240000,2.863,2.868,2.863,2.865,3633.23,2024-06-22 06:54:00
1719039300000,2.865,2.865,2.854,2.856,4182.06,2024-06-22 06:55:00
1719039360000,2.856,2.859,2.853,2.854,13356.71,2024-06-22 06:56:00
1719039420000,2.854,2.855,2.851,2.852,5395.67,2024-06-22 06:57:00
1719039480000,2.851,2.857,2.849,2.857,7515.91,2024-06-22 06:58:00
1719039540000,2.858,2.86,2.851,2.86,9836.21,2024-06-22 06:59:00
1719039600000,2.859,2.861,2.854,2.861,3836.25,2024-06-22 07:00:00
1719039660000,2.86,2.862,2.855,2.86,4058.34,2024-06-22 07:01:00
1719039720000,2.859,2.868,2.859,2.866,6044.68,2024-06-22 07:02:00
1719039780000,2.867,2.87,2.864,2.867,6686.16,2024-06-22 07:03:00
1719039840000,2.867,2.87,2.867,2.867,3467.39,2024-06-22 07:04:00
1719039900000,2.869,2.875,2.868,2.873,5722.62,2024-06-22 07:05:00
1719039960000,2.874,2.877,2.87,2.874,10469.63,2024-06-22 07:06:00
1719040020000,2.875,2.879,2.875,2.878,3020.38,2024-06-22 07:07:00
1719040080000,2.878,2.88,2.875,2.876,9680.06,2024-06-22 07:08:00
1719040140000,2.876,2.877,2.87,2.87,7178.66,2024-06-22 07:09:00
1719040200000,2.87,2.87,2.861,2.865,6513.12,2024-06-22 07:10:00
1719040260000,2.867,2.872,2.857,2.86,5251.93,2024-06-22 07:11:00
1719040320000,2.859,2.863,2.856,2.858,3977.39,2024-06-22 07:12:00
1719040380000,2.857,2.859,2.852,2.855,6008.28,2024-06-22 07:13:00
1719040440000,2.856,2.868,2.856,2.866,8108.44,2024-06-22 07:14:00
1719040500000,2.866,2.867,2.859,2.861,10573.71,2024-06-22 07:15:00
1719040560000,2.861,2.861,2.855,2.855,2741.61,2024-06-22 07:16:00
1719040620000,2.855,2.86,2.855,2.859,3708.81,2024-06-22 07:17:00
1719040680000,2.858,2.861,2.856,2.86,2667.82,2024-06-22 07:18:00
1719040740000,2.86,2.863,2.855,2.856,8859.42,2024-06-22 07:19:00
1719040800000,2.856,2.861,2.85,2.851,12194.28,2024-06-22 07:20:00
1719040860000,2.853,2.861,2.853,2.859,6449.16,2024-06-22 07:21:00
1719040920000,2.859,2.864,2.858,2.863,1768.59,2024-06-22 07:22:00
1719040980000,2.863,2.868,2.862,2.867,6804.35,2024-06-22 07:23:00
1719041040000,2.87,2.871,2.867,2.87,5823.08,2024-06-22 07:24:00
1719041100000,2.87,2.873,2.87,2.871,5731.2,2024-06-22 07:25:00
1719041160000,2.871,2.871,2.867,2.87,4765.72,2024-06-22 07:26:00
1719041220000,2.87,2.871,2.863,2.866,23044.77,2024-06-22 07:27:00
1719041280000,2.866,2.871,2.865,2.869,2562.57,2024-06-22 07:28:00
1719041340000,2.87,2.878,2.87,2.874,7460.52,2024-06-22 07:29:00
1719041400000,2.874,2.883,2.87,2.883,13415.74,2024-06-22 07:30:00
1719041460000,2.882,2.883,2.878,2.878,5742.9,2024-06-22 07:31:00
1719041520000,2.878,2.88,2.874,2.88,5577.5,2024-06-22 07:32:00
1719041580000,2.88,2.881,2.878,2.88,2266.1,2024-06-22 07:33:00
1719041640000,2.88,2.882,2.879,2.881,6146.85,2024-06-22 07:34:00
1719041700000,2.881,2.881,2.873,2.876,15278.11,2024-06-22 07:35:00
1719041760000,2.877,2.935,2.876,2.923,89347.46,2024-06-22 07:36:00
1719041820000,2.923,2.975,2.909,2.972,116052.74,2024-06-22 07:37:00
1719041880000,2.974,2.989,2.951,2.969,135563.24,2024-06-22 07:38:00
1719041940000,2.969,2.969,2.926,2.943,151591.57,2024-06-22 07:39:00
1719042000000,2.944,2.95,2.929,2.935,65313.19,2024-06-22 07:40:00
1719042060000,2.936,2.964,2.936,2.961,39227.0,2024-06-22 07:41:00
1719042120000,2.959,2.966,2.952,2.956,22743.65,2024-06-22 07:42:00
1719042180000,2.955,2.988,2.953,2.98,67786.36,2024-06-22 07:43:00
1719042240000,2.98,2.98,2.965,2.969,61373.77,2024-06-22 07:44:00
1719042300000,2.97,2.998,2.967,2.994,57779.27,2024-06-22 07:45:00
1719042360000,2.993,3.007,2.973,3.005,85289.08,2024-06-22 07:46:00
1719042420000,3.004,3.008,2.973,2.977,84287.25,2024-06-22 07:47:00
1719042480000,2.977,2.987,2.972,2.973,18723.36,2024-06-22 07:48:00
1719042540000,2.973,2.977,2.954,2.954,43546.59,2024-06-22 07:49:00
1719042600000,2.956,2.98,2.956,2.98,41264.22,2024-06-22 07:50:00
1719042660000,2.979,2.98,2.968,2.97,19383.96,2024-06-22 07:51:00
1719042720000,2.971,2.98,2.971,2.979,13168.31,2024-06-22 07:52:00
1719042780000,2.977,2.977,2.94,2.945,54342.02,2024-06-22 07:53:00
1719042840000,2.947,2.962,2.947,2.949,19491.25,2024-06-22 07:54:00
1719042900000,2.951,2.97,2.951,2.963,28415.69,2024-06-22 07:55:00
1719042960000,2.962,2.963,2.955,2.955,11684.22,2024-06-22 07:56:00
1719043020000,2.954,2.958,2.954,2.954,8675.66,2024-06-22 07:57:00
1719043080000,2.954,2.966,2.954,2.963,15793.7,2024-06-22 07:58:00
1719043140000,2.964,2.969,2.956,2.959,7461.68,2024-06-22 07:59:00
1719043200000,2.958,2.967,2.946,2.948,18739.51,2024-06-22 08:00:00
1719043260000,2.948,2.956,2.942,2.955,11110.16,2024-06-22 08:01:00
1719043320000,2.956,2.99,2.956,2.98,29999.86,2024-06-22 08:02:00
1719043380000,2.98,2.984,2.971,2.973,11136.42,2024-06-22 08:03:00
1719043440000,2.972,2.976,2.964,2.971,21756.05,2024-06-22 08:04:00
1719043500000,2.972,2.972,2.955,2.966,15681.48,2024-06-22 08:05:00
1719043560000,2.964,2.966,2.962,2.965,3676.15,2024-06-22 08:06:00
1719043620000,2.965,2.982,2.959,2.977,13046.96,2024-06-22 08:07:00
1719043680000,2.977,2.981,2.971,2.977,10750.57,2024-06-22 08:08:00
1719043740000,2.976,2.977,2.96,2.965,10091.75,2024-06-22 08:09:00
1719043800000,2.965,2.967,2.958,2.964,5018.66,2024-06-22 08:10:00
1719043860000,2.964,2.978,2.964,2.976,7217.66,2024-06-22 08:11:00
1719043920000,2.976,2.989,2.967,2.98,19383.88,2024-06-22 08:12:00
1719043980000,2.981,2.99,2.978,2.989,15365.05,2024-06-22 08:13:00
1719044040000,2.989,2.989,2.971,2.987,34735.21,2024-06-22 08:14:00
1719044100000,2.986,3.023,2.984,3.023,57347.79,2024-06-22 08:15:00
1719044160000,3.025,3.048,2.995,3.03,67951.83,2024-06-22 08:16:00
1719044220000,3.03,3.032,3.011,3.024,37316.74,2024-06-22 08:17:00
1719044280000,3.025,3.1,3.018,3.095,321735.46,2024-06-22 08:18:00
1719044340000,3.095,3.096,3.072,3.088,133587.85,2024-06-22 08:19:00
1719044400000,3.085,3.089,3.055,3.067,59417.76,2024-06-22 08:20:00
1719044460000,3.066,3.076,3.056,3.076,40082.05,2024-06-22 08:21:00
1719044520000,3.075,3.075,3.055,3.055,69526.04,2024-06-22 08:22:00
1719044580000,3.056,3.056,3.036,3.052,67329.96,2024-06-22 08:23:00
1719044640000,3.054,3.059,3.044,3.047,26006.91,2024-06-22 08:24:00
1719044700000,3.046,3.046,3.025,3.029,37404.04,2024-06-22 08:25:00
1719044760000,3.029,3.046,3.028,3.036,37189.01,2024-06-22 08:26:00
1719044820000,3.037,3.038,3.012,3.016,30476.25,2024-06-22 08:27:00
1719044880000,3.017,3.022,3.007,3.011,19499.52,2024-06-22 08:28:00
1719044940000,3.01,3.02,3.006,3.015,21159.59,2024-06-22 08:29:00
1719045000000,3.014,3.014,2.988,2.997,49018.99,2024-06-22 08:30:00
1719045060000,2.996,3.001,2.986,2.998,53314.91,2024-06-22 08:31:00
1719045120000,2.994,3.01,2.981,3.003,19984.46,2024-06-22 08:32:00
1719045180000,3.003,3.006,2.99,2.992,10790.64,2024-06-22 08:33:00
1719045240000,2.992,3.016,2.992,3.013,15909.05,2024-06-22 08:34:00
1719045300000,3.008,3.029,3.004,3.011,24479.2,2024-06-22 08:35:00
1719045360000,3.011,3.015,3.004,3.004,12107.91,2024-06-22 08:36:00
1719045420000,3.004,3.005,2.985,2.99,15047.95,2024-06-22 08:37:00
1719045480000,2.99,2.995,2.984,2.991,15868.64,2024-06-22 08:38:00
1719045540000,2.989,2.989,2.967,2.971,26208.95,2024-06-22 08:39:00
1719045600000,2.975,2.978,2.95,2.963,176485.26,2024-06-22 08:40:00
1719045660000,2.964,2.969,2.959,2.959,22564.75,2024-06-22 08:41:00
1719045720000,2.96,2.978,2.959,2.972,11135.06,2024-06-22 08:42:00
1719045780000,2.972,2.985,2.97,2.983,18528.51,2024-06-22 08:43:00
1719045840000,2.982,2.982,2.97,2.976,11069.43,2024-06-22 08:44:00
1719045900000,2.974,2.992,2.974,2.992,9963.48,2024-06-22 08:45:00
1719045960000,2.992,2.992,2.975,2.976,6858.28,2024-06-22 08:46:00
1719046020000,2.975,2.984,2.973,2.977,9256.6,2024-06-22 08:47:00
1719046080000,2.978,2.986,2.978,2.983,4783.37,2024-06-22 08:48:00
1719046140000,2.983,2.983,2.977,2.979,1184.86,2024-06-22 08:49:00
1719046200000,2.979,2.98,2.965,2.966,11853.36,2024-06-22 08:50:00
1719046260000,2.965,2.966,2.959,2.964,9958.4,2024-06-22 08:51:00
1719046320000,2.964,2.97,2.957,2.958,9954.69,2024-06-22 08:52:00
1719046380000,2.958,2.96,2.953,2.955,8873.26,2024-06-22 08:53:00
1719046440000,2.958,2.966,2.958,2.966,3427.18,2024-06-22 08:54:00
1719046500000,2.964,2.966,2.957,2.966,7792.06,2024-06-22 08:55:00
1719046560000,2.966,2.968,2.907,2.921,66879.54,2024-06-22 08:56:00
1719046620000,2.921,2.943,2.921,2.933,41315.85,2024-06-22 08:57:00
1719046680000,2.934,2.948,2.929,2.944,11367.15,2024-06-22 08:58:00
1719046740000,2.946,2.946,2.936,2.941,11372.01,2024-06-22 08:59:00
1719046800000,2.941,2.952,2.94,2.95,6855.35,2024-06-22 09:00:00
1719046860000,2.95,2.952,2.938,2.941,8824.92,2024-06-22 09:01:00
1719046920000,2.942,2.953,2.939,2.953,9778.13,2024-06-22 09:02:00
1719046980000,2.952,2.952,2.942,2.949,14055.52,2024-06-22 09:03:00
1719047040000,2.951,2.951,2.939,2.941,6166.99,2024-06-22 09:04:00
1719047100000,2.942,2.95,2.942,2.948,4079.04,2024-06-22 09:05:00
1719047160000,2.949,2.949,2.939,2.945,7769.78,2024-06-22 09:06:00
1719047220000,2.944,2.944,2.918,2.93,21462.86,2024-06-22 09:07:00
1719047280000,2.93,2.946,2.93,2.94,5776.92,2024-06-22 09:08:00
1719047340000,2.941,2.949,2.938,2.942,8823.54,2024-06-22 09:09:00
1719047400000,2.942,2.944,2.935,2.944,2355.96,2024-06-22 09:10:00
1719047460000,2.944,2.955,2.938,2.955,4575.34,2024-06-22 09:11:00
1719047520000,2.954,2.956,2.945,2.952,12252.39,2024-06-22 09:12:00
1719047580000,2.949,2.949,2.945,2.946,1010.81,2024-06-22 09:13:00
1719047640000,2.947,2.95,2.942,2.95,10556.39,2024-06-22 09:14:00
1719047700000,2.952,2.954,2.92,2.93,42997.27,2024-06-22 09:15:00
1719047760000,2.931,2.938,2.93,2.93,3574.94,2024-06-22 09:16:00
1719047820000,2.931,2.934,2.924,2.929,5750.78,2024-06-22 09:17:00
1719047880000,2.928,2.937,2.925,2.926,11173.16,2024-06-22 09:18:00
1719047940000,2.927,2.936,2.923,2.936,7966.9,2024-06-22 09:19:00
1719048000000,2.936,2.936,2.914,2.921,24413.59,2024-06-22 09:20:00
1719048060000,2.921,2.934,2.921,2.93,13193.21,2024-06-22 09:21:00
1719048120000,2.93,2.936,2.927,2.933,2847.87,2024-06-22 09:22:00
1719048180000,2.932,2.932,2.922,2.923,3104.15,2024-06-22 09:23:00
1719048240000,2.923,2.926,2.917,2.917,2999.61,2024-06-22 09:24:00
1719048300000,2.918,2.924,2.916,2.92,3398.71,2024-06-22 09:25:00
1719048360000,2.92,2.921,2.916,2.919,2985.6,2024-06-22 09:26:00
1719048420000,2.919,2.919,2.911,2.919,8652.88,2024-06-22 09:27:00
1719048480000,2.918,2.919,2.916,2.919,8669.42,2024-06-22 09:28:00
1719048540000,2.919,2.935,2.918,2.93,13284.86,2024-06-22 09:29:00
1719048600000,2.929,2.929,2.922,2.928,3404.91,2024-06-22 09:30:00
1719048660000,2.928,2.929,2.918,2.921,6135.97,2024-06-22 09:31:00
1719048720000,2.92,2.926,2.92,2.924,7633.93,2024-06-22 09:32:00
1719048780000,2.923,2.934,2.923,2.929,5714.21,2024-06-22 09:33:00
1719048840000,2.929,2.941,2.927,2.932,6075.51,2024-06-22 09:34:00
1719048900000,2.931,2.936,2.927,2.935,5157.53,2024-06-22 09:35:00
1719048960000,2.936,2.947,2.93,2.947,24322.06,2024-06-22 09:36:00
1719049020000,2.947,2.947,2.933,2.937,14311.86,2024-06-22 09:37:00
1719049080000,2.937,2.94,2.93,2.935,11489.45,2024-06-22 09:38:00
1719049140000,2.935,2.935,2.926,2.928,11095.91,2024-06-22 09:39:00
1719049200000,2.928,2.928,2.916,2.922,28333.51,2024-06-22 09:40:00
1719049260000,2.921,2.923,2.915,2.916,5043.85,2024-06-22 09:41:00
1719049320000,2.916,2.925,2.915,2.924,7130.37,2024-06-22 09:42:00
1719049380000,2.923,2.926,2.921,2.924,4227.37,2024-06-22 09:43:00
1719049440000,2.923,2.932,2.922,2.931,6454.04,2024-06-22 09:44:00
1719049500000,2.931,2.932,2.92,2.932,14324.68,2024-06-22 09:45:00
1719049560000,2.933,2.941,2.93,2.94,6534.75,2024-06-22 09:46:00
1719049620000,2.939,2.939,2.932,2.933,8473.94,2024-06-22 09:47:00
1719049680000,2.933,2.942,2.933,2.94,4284.17,2024-06-22 09:48:00
1719049740000,2.94,2.949,2.94,2.949,5101.88,2024-06-22 09:49:00
1719049800000,2.947,2.947,2.94,2.943,12856.35,2024-06-22 09:50:00
1719049860000,2.943,2.949,2.943,2.948,5838.13,2024-06-22 09:51:00
1719049920000,2.948,2.971,2.947,2.949,43089.25,2024-06-22 09:52:00
1719049980000,2.948,2.966,2.948,2.963,9750.19,2024-06-22 09:53:00
1719050040000,2.966,2.968,2.959,2.96,7318.8,2024-06-22 09:54:00
1719050100000,2.96,2.982,2.96,2.981,20319.49,2024-06-22 09:55:00
1719050160000,2.981,2.992,2.975,2.987,16556.9,2024-06-22 09:56:00
1719050220000,2.988,2.988,2.978,2.982,7145.68,2024-06-22 09:57:00
1719050280000,2.984,2.991,2.973,2.978,15099.81,2024-06-22 09:58:00
1719050340000,2.978,2.989,2.975,2.983,9724.1,2024-06-22 09:59:00
1719050400000,2.982,2.985,2.973,2.98,11920.92,2024-06-22 10:00:00
1719050460000,2.982,2.998,2.982,2.997,14598.43,2024-06-22 10:01:00
1719050520000,2.997,2.998,2.98,2.991,9924.54,2024-06-22 10:02:00
1719050580000,2.992,3.024,2.992,3.009,41113.54,2024-06-22 10:03:00
1719050640000,3.007,3.018,2.987,2.994,27768.46,2024-06-22 10:04:00
1719050700000,2.994,2.999,2.979,2.992,12392.17,2024-06-22 10:05:00
1719050760000,2.992,3.02,2.992,3.014,25518.46,2024-06-22 10:06:00
1719050820000,3.014,3.067,3.013,3.045,209652.9,2024-06-22 10:07:00
1719050880000,3.044,3.045,3.019,3.03,26240.97,2024-06-22 10:08:00
1719050940000,3.032,3.058,3.03,3.038,42803.26,2024-06-22 10:09:00
1719051000000,3.039,3.045,3.012,3.032,58153.75,2024-06-22 10:10:00
1719051060000,3.033,3.036,3.018,3.027,28918.51,2024-06-22 10:11:00
1719051120000,3.026,3.048,3.026,3.039,22037.77,2024-06-22 10:12:00
1719051180000,3.039,3.047,3.039,3.042,7071.49,2024-06-22 10:13:00
1719051240000,3.044,3.061,3.042,3.052,39671.23,2024-06-22 10:14:00
1719051300000,3.052,3.052,3.035,3.039,19855.47,2024-06-22 10:15:00
1719051360000,3.038,3.088,3.038,3.07,59835.24,2024-06-22 10:16:00
1719051420000,3.068,3.073,3.054,3.056,44811.91,2024-06-22 10:17:00
1719051480000,3.056,3.078,3.055,3.074,17009.3,2024-06-22 10:18:00
1719051540000,3.077,3.079,3.04,3.048,38448.68,2024-06-22 10:19:00
1719051600000,3.048,3.061,3.028,3.029,50748.29,2024-06-22 10:20:00
1719051660000,3.031,3.053,3.028,3.044,23364.49,2024-06-22 10:21:00
1719051720000,3.044,3.044,3.032,3.032,4879.4,2024-06-22 10:22:00
1719051780000,3.033,3.042,3.031,3.031,7886.81,2024-06-22 10:23:00
1719051840000,3.031,3.044,3.03,3.034,9067.03,2024-06-22 10:24:00
1719051900000,3.033,3.035,3.015,3.023,26762.03,2024-06-22 10:25:00
1719051960000,3.022,3.025,3.012,3.024,19347.22,2024-06-22 10:26:00
1719052020000,3.024,3.037,3.023,3.03,6383.03,2024-06-22 10:27:00
1719052080000,3.03,3.042,3.03,3.041,9662.01,2024-06-22 10:28:00
1719052140000,3.04,3.042,3.029,3.031,10175.26,2024-06-22 10:29:00
1719052200000,3.03,3.036,3.022,3.028,7092.83,2024-06-22 10:30:00
1719052260000,3.028,3.044,3.028,3.042,5464.98,2024-06-22 10:31:00
1719052320000,3.042,3.042,3.032,3.035,7275.44,2024-06-22 10:32:00
1719052380000,3.035,3.042,3.034,3.041,3572.41,2024-06-22 10:33:00
1719052440000,3.041,3.041,3.034,3.035,6608.97,2024-06-22 10:34:00
1719052500000,3.034,3.068,3.032,3.061,32560.95,2024-06-22 10:35:00
1719052560000,3.061,3.064,3.05,3.053,10305.4,2024-06-22 10:36:00
1719052620000,3.053,3.061,3.048,3.06,11729.2,2024-06-22 10:37:00
1719052680000,3.062,3.078,3.054,3.066,17534.57,2024-06-22 10:38:00
1719052740000,3.068,3.073,3.059,3.07,12698.66,2024-06-22 10:39:00
1719052800000,3.07,3.071,3.059,3.069,18070.89,2024-06-22 10:40:00
1719052860000,3.069,3.095,3.067,3.088,26369.86,2024-06-22 10:41:00
1719052920000,3.09,3.1,3.078,3.097,26387.86,2024-06-22 10:42:00
1719052980000,3.097,3.097,3.081,3.083,20263.73,2024-06-22 10:43:00
1719053040000,3.083,3.084,3.076,3.08,6523.39,2024-06-22 10:44:00
1719053100000,3.079,3.079,3.062,3.071,45024.0,2024-06-22 10:45:00
1719053160000,3.071,3.071,3.061,3.067,6126.71,2024-06-22 10:46:00
1719053220000,3.068,3.092,3.066,3.089,14581.28,2024-06-22 10:47:00
1719053280000,3.091,3.091,3.068,3.07,21653.24,2024-06-22 10:48:00
1719053340000,3.069,3.078,3.063,3.065,11580.04,2024-06-22 10:49:00
1719053400000,3.064,3.074,3.063,3.068,7496.0,2024-06-22 10:50:00
1719053460000,3.068,3.072,3.067,3.068,2609.99,2024-06-22 10:51:00
1719053520000,3.068,3.073,3.067,3.07,4391.55,2024-06-22 10:52:00
1719053580000,3.07,3.078,3.07,3.077,4193.75,2024-06-22 10:53:00
1719053640000,3.076,3.076,3.042,3.049,33762.72,2024-06-22 10:54:00
1719053700000,3.048,3.058,3.046,3.057,4206.97,2024-06-22 10:55:00
1719053760000,3.058,3.059,3.05,3.051,1890.39,2024-06-22 10:56:00
1719053820000,3.05,3.059,3.047,3.059,3707.72,2024-06-22 10:57:00
1719053880000,3.058,3.061,3.052,3.052,2728.32,2024-06-22 10:58:00
1719053940000,3.054,3.06,3.049,3.056,10830.38,2024-06-22 10:59:00
1719054000000,3.058,3.067,3.057,3.064,9606.16,2024-06-22 11:00:00
1719054060000,3.062,3.062,3.052,3.053,10597.82,2024-06-22 11:01:00
1719054120000,3.055,3.056,3.04,3.044,12248.24,2024-06-22 11:02:00
1719054180000,3.042,3.059,3.038,3.059,10362.12,2024-06-22 11:03:00
1719054240000,3.058,3.058,3.037,3.038,7787.46,2024-06-22 11:04:00
1719054300000,3.038,3.041,3.027,3.034,22608.95,2024-06-22 11:05:00
1719054360000,3.033,3.04,3.029,3.036,7615.41,2024-06-22 11:06:00
1719054420000,3.036,3.037,3.034,3.035,625.36,2024-06-22 11:07:00
1719054480000,3.034,3.036,3.032,3.035,6134.19,2024-06-22 11:08:00
1719054540000,3.033,3.034,3.025,3.028,6224.78,2024-06-22 11:09:00
1719054600000,3.028,3.039,3.027,3.033,5786.89,2024-06-22 11:10:00
1719054660000,3.033,3.035,3.028,3.035,6146.89,2024-06-22 11:11:00
1719054720000,3.034,3.039,3.026,3.027,5092.47,2024-06-22 11:12:00
1719054780000,3.027,3.041,3.027,3.04,4578.03,2024-06-22 11:13:00
1719054840000,3.041,3.041,3.033,3.037,3236.8,2024-06-22 11:14:00
1719054900000,3.037,3.037,3.026,3.027,9766.5,2024-06-22 11:15:00
1719054960000,3.027,3.027,3.021,3.021,7015.41,2024-06-22 11:16:00
1719055020000,3.022,3.027,3.019,3.02,5644.05,2024-06-22 11:17:00
1719055080000,3.019,3.026,3.014,3.023,7871.55,2024-06-22 11:18:00
1719055140000,3.024,3.024,2.998,3.004,27417.37,2024-06-22 11:19:00
1719055200000,3.007,3.017,3.007,3.009,5325.57,2024-06-22 11:20:00
1719055260000,3.008,3.009,3.004,3.006,5710.7,2024-06-22 11:21:00
1719055320000,3.007,3.018,2.999,3.017,53296.07,2024-06-22 11:22:00
1719055380000,3.017,3.017,3.01,3.014,4182.0,2024-06-22 11:23:00
1719055440000,3.013,3.016,3.008,3.013,3460.53,2024-06-22 11:24:00
1719055500000,3.012,3.012,3.002,3.002,2884.47,2024-06-22 11:25:00
1719055560000,3.002,3.005,2.998,3.0,3276.41,2024-06-22 11:26:00
1719055620000,3.0,3.007,3.0,3.004,3813.79,2024-06-22 11:27:00
1719055680000,3.004,3.004,2.998,3.0,5436.48,2024-06-22 11:28:00
1719055740000,3.002,3.006,2.999,3.004,4944.33,2024-06-22 11:29:00
1719055800000,3.003,3.029,3.002,3.023,20355.35,2024-06-22 11:30:00
1719055860000,3.024,3.025,3.01,3.019,6194.29,2024-06-22 11:31:00
1719055920000,3.019,3.022,3.012,3.02,6023.29,2024-06-22 11:32:00
1719055980000,3.019,3.021,3.016,3.019,4514.97,2024-06-22 11:33:00
1719056040000,3.018,3.021,3.016,3.02,1662.28,2024-06-22 11:34:00
1719056100000,3.02,3.039,3.018,3.035,26630.13,2024-06-22 11:35:00
1719056160000,3.035,3.035,3.026,3.031,3673.94,2024-06-22 11:36:00
1719056220000,3.033,3.035,3.027,3.031,8089.55,2024-06-22 11:37:00
1719056280000,3.029,3.044,3.028,3.044,7419.77,2024-06-22 11:38:00
1719056340000,3.044,3.057,3.04,3.057,27275.02,2024-06-22 11:39:00
1719056400000,3.057,3.057,3.042,3.051,12448.71,2024-06-22 11:40:00
1719056460000,3.051,3.057,3.051,3.054,2383.42,2024-06-22 11:41:00
1719056520000,3.055,3.057,3.051,3.053,2060.99,2024-06-22 11:42:00
1719056580000,3.052,3.064,3.046,3.06,12162.02,2024-06-22 11:43:00
1719056640000,3.061,3.071,3.053,3.055,17816.06,2024-06-22 11:44:00
1719056700000,3.055,3.068,3.055,3.066,9408.76,2024-06-22 11:45:00
1719056760000,3.066,3.072,3.042,3.044,18096.82,2024-06-22 11:46:00
1719056820000,3.045,3.06,3.045,3.06,11274.91,2024-06-22 11:47:00
1719056880000,3.06,3.06,3.05,3.054,8875.49,2024-06-22 11:48:00
1719056940000,3.054,3.06,3.054,3.059,1938.77,2024-06-22 11:49:00
1719057000000,3.059,3.059,3.055,3.058,4650.46,2024-06-22 11:50:00
1719057060000,3.059,3.075,3.059,3.063,17231.62,2024-06-22 11:51:00
1719057120000,3.063,3.066,3.056,3.059,6229.74,2024-06-22 11:52:00
1719057180000,3.058,3.065,3.058,3.06,5254.51,2024-06-22 11:53:00
1719057240000,3.061,3.071,3.061,3.062,1882.92,2024-06-22 11:54:00
1719057300000,3.062,3.062,3.047,3.054,9473.65,2024-06-22 11:55:00
1719057360000,3.054,3.061,3.054,3.056,2979.94,2024-06-22 11:56:00
1719057420000,3.057,3.066,3.057,3.064,4068.34,2024-06-22 11:57:00
1719057480000,3.064,3.07,3.059,3.059,3761.38,2024-06-22 11:58:00
1719057540000,3.059,3.059,3.049,3.05,9919.77,2024-06-22 11:59:00
1719057600000,3.05,3.051,3.023,3.034,27613.93,2024-06-22 12:00:00
1719057660000,3.032,3.043,3.032,3.034,9826.0,2024-06-22 12:01:00
1719057720000,3.032,3.036,3.027,3.033,8055.98,2024-06-22 12:02:00
1719057780000,3.033,3.037,3.028,3.034,4656.8,2024-06-22 12:03:00
1719057840000,3.035,3.042,3.034,3.035,7221.36,2024-06-22 12:04:00
1719057900000,3.037,3.037,3.026,3.029,5655.94,2024-06-22 12:05:00
1719057960000,3.029,3.033,3.027,3.027,3913.21,2024-06-22 12:06:00
1719058020000,3.029,3.029,3.024,3.025,3470.82,2024-06-22 12:07:00
1719058080000,3.024,3.034,3.023,3.029,8783.59,2024-06-22 12:08:00
1719058140000,3.03,3.03,3.023,3.028,9969.44,2024-06-22 12:09:00
1719058200000,3.027,3.027,3.015,3.026,8139.4,2024-06-22 12:10:00
1719058260000,3.025,3.037,3.019,3.036,7468.02,2024-06-22 12:11:00
1719058320000,3.037,3.04,3.026,3.028,3730.0,2024-06-22 12:12:00
1719058380000,3.029,3.033,3.02,3.021,11759.62,2024-06-22 12:13:00
1719058440000,3.02,3.026,3.02,3.023,4244.79,2024-06-22 12:14:00
1719058500000,3.022,3.027,3.015,3.027,5619.47,2024-06-22 12:15:00
1719058560000,3.027,3.036,3.023,3.036,17203.31,2024-06-22 12:16:00
1719058620000,3.035,3.039,3.029,3.033,4334.84,2024-06-22 12:17:00
1719058680000,3.034,3.04,3.034,3.037,3575.04,2024-06-22 12:18:00
1719058740000,3.037,3.037,3.025,3.025,3915.51,2024-06-22 12:19:00
1719058800000,3.024,3.028,3.017,3.018,3250.98,2024-06-22 12:20:00
1719058860000,3.017,3.029,3.016,3.024,6182.12,2024-06-22 12:21:00
1719058920000,3.026,3.031,3.018,3.026,8859.5,2024-06-22 12:22:00
1719058980000,3.024,3.031,3.024,3.028,1370.49,2024-06-22 12:23:00
1719059040000,3.028,3.028,3.018,3.022,12186.72,2024-06-22 12:24:00
1719059100000,3.02,3.02,3.006,3.009,10416.05,2024-06-22 12:25:00
1719059160000,3.009,3.015,3.002,3.005,12207.42,2024-06-22 12:26:00
1719059220000,3.006,3.015,2.996,3.002,36549.53,2024-06-22 12:27:00
1719059280000,3.002,3.016,3.001,3.013,7562.46,2024-06-22 12:28:00
1719059340000,3.013,3.013,3.007,3.01,3817.53,2024-06-22 12:29:00
1719059400000,3.01,3.018,3.003,3.018,19367.15,2024-06-22 12:30:00
1719059460000,3.017,3.022,3.011,3.02,4756.67,2024-06-22 12:31:00
1719059520000,3.019,3.023,3.018,3.022,2491.4,2024-06-22 12:32:00
1719059580000,3.022,3.028,3.022,3.027,1527.92,2024-06-22 12:33:00
1719059640000,3.027,3.027,3.013,3.015,5107.71,2024-06-22 12:34:00
1719059700000,3.014,3.019,3.012,3.017,1716.95,2024-06-22 12:35:00
1719059760000,3.016,3.016,3.01,3.01,1386.31,2024-06-22 12:36:00
1719059820000,3.01,3.018,3.008,3.017,1917.1,2024-06-22 12:37:00
1719059880000,3.018,3.019,3.013,3.014,4992.01,2024-06-22 12:38:00
1719059940000,3.015,3.022,3.004,3.017,27720.23,2024-06-22 12:39:00
1719060000000,3.02,3.022,3.017,3.022,3185.34,2024-06-22 12:40:00
1719060060000,3.022,3.022,3.015,3.019,9168.26,2024-06-22 12:41:00
1719060120000,3.019,3.025,3.018,3.02,3457.96,2024-06-22 12:42:00
1719060180000,3.018,3.023,3.015,3.017,8347.74,2024-06-22 12:43:00
1719060240000,3.016,3.017,3.013,3.013,1506.04,2024-06-22 12:44:00
1719060300000,3.013,3.013,3.001,3.004,9552.87,2024-06-22 12:45:00
1719060360000,3.004,3.018,3.003,3.014,11589.02,2024-06-22 12:46:00
1719060420000,3.015,3.016,3.008,3.011,2922.5,2024-06-22 12:47:00
1719060480000,3.012,3.02,3.01,3.018,9639.47,2024-06-22 12:48:00
1719060540000,3.017,3.022,3.014,3.021,2230.18,2024-06-22 12:49:00
1719060600000,3.022,3.023,3.015,3.021,5807.93,2024-06-22 12:50:00
1719060660000,3.021,3.029,3.021,3.029,3975.71,2024-06-22 12:51:00
1719060720000,3.028,3.028,3.018,3.024,3268.07,2024-06-22 12:52:00
1719060780000,3.024,3.024,3.016,3.022,3047.99,2024-06-22 12:53:00
1719060840000,3.022,3.023,3.017,3.023,3449.33,2024-06-22 12:54:00
1719060900000,3.022,3.027,3.011,3.012,8946.07,2024-06-22 12:55:00
1719060960000,3.012,3.016,3.007,3.016,3205.67,2024-06-22 12:56:00
1719061020000,3.018,3.024,3.017,3.023,5499.07,2024-06-22 12:57:00
1719061080000,3.022,3.03,3.02,3.027,7108.47,2024-06-22 12:58:00
1719061140000,3.027,3.033,3.02,3.031,5581.11,2024-06-22 12:59:00
1719061200000,3.031,3.031,3.018,3.021,5291.3,2024-06-22 13:00:00
1719061260000,3.019,3.023,3.011,3.023,11781.53,2024-06-22 13:01:00
1719061320000,3.021,3.026,3.016,3.026,4414.06,2024-06-22 13:02:00
1719061380000,3.026,3.03,3.024,3.028,2831.98,2024-06-22 13:03:00
1719061440000,3.028,3.046,3.027,3.046,13714.01,2024-06-22 13:04:00
1719061500000,3.048,3.057,3.041,3.051,40194.06,2024-06-22 13:05:00
1719061560000,3.051,3.056,3.042,3.052,11756.27,2024-06-22 13:06:00
1719061620000,3.052,3.056,3.047,3.056,4022.07,2024-06-22 13:07:00
1719061680000,3.056,3.07,3.056,3.068,27580.29,2024-06-22 13:08:00
1719061740000,3.07,3.092,3.065,3.073,45660.67,2024-06-22 13:09:00
1719061800000,3.075,3.076,3.066,3.067,9338.76,2024-06-22 13:10:00
1719061860000,3.067,3.067,3.054,3.061,11876.26,2024-06-22 13:11:00
1719061920000,3.06,3.062,3.051,3.054,18597.4,2024-06-22 13:12:00
1719061980000,3.054,3.058,3.05,3.058,5034.38,2024-06-22 13:13:00
1719062040000,3.058,3.058,3.043,3.043,10416.22,2024-06-22 13:14:00
1719062100000,3.043,3.052,3.038,3.051,17147.33,2024-06-22 13:15:00
1719062160000,3.052,3.068,3.051,3.068,14575.09,2024-06-22 13:16:00
1719062220000,3.07,3.079,3.063,3.077,15280.36,2024-06-22 13:17:00
1719062280000,3.078,3.082,3.069,3.079,12879.43,2024-06-22 13:18:00
1719062340000,3.079,3.084,3.074,3.077,16307.12,2024-06-22 13:19:00
1719062400000,3.074,3.078,3.066,3.067,9225.31,2024-06-22 13:20:00
1719062460000,3.067,3.073,3.065,3.072,4289.16,2024-06-22 13:21:00
1719062520000,3.073,3.129,3.073,3.115,127477.98,2024-06-22 13:22:00
1719062580000,3.113,3.113,3.088,3.097,30126.04,2024-06-22 13:23:00
1719062640000,3.096,3.108,3.091,3.097,17153.94,2024-06-22 13:24:00
1719062700000,3.096,3.1,3.081,3.099,33937.49,2024-06-22 13:25:00
1719062760000,3.098,3.115,3.09,3.1,34666.72,2024-06-22 13:26:00
1719062820000,3.103,3.108,3.089,3.09,6509.58,2024-06-22 13:27:00
1719062880000,3.089,3.098,3.084,3.093,11943.93,2024-06-22 13:28:00
1719062940000,3.093,3.095,3.084,3.093,23526.42,2024-06-22 13:29:00
1719063000000,3.093,3.093,3.076,3.086,18443.81,2024-06-22 13:30:00
1719063060000,3.086,3.086,3.067,3.08,15160.89,2024-06-22 13:31:00
1719063120000,3.08,3.082,3.07,3.08,12076.16,2024-06-22 13:32:00
1719063180000,3.079,3.09,3.075,3.086,13008.16,2024-06-22 13:33:00
1719063240000,3.086,3.086,3.069,3.07,11430.73,2024-06-22 13:34:00
1719063300000,3.07,3.077,3.066,3.076,10936.33,2024-06-22 13:35:00
1719063360000,3.077,3.083,3.07,3.082,8858.01,2024-06-22 13:36:00
1719063420000,3.083,3.087,3.071,3.082,13179.65,2024-06-22 13:37:00
1719063480000,3.082,3.088,3.075,3.079,17554.58,2024-06-22 13:38:00
1719063540000,3.08,3.08,3.067,3.074,20607.61,2024-06-22 13:39:00
1719063600000,3.073,3.078,3.068,3.072,17285.38,2024-06-22 13:40:00
1719063660000,3.071,3.077,3.067,3.074,8130.79,2024-06-22 13:41:00
1719063720000,3.076,3.077,3.041,3.049,59414.22,2024-06-22 13:42:00
1719063780000,3.05,3.06,3.044,3.059,7955.5,2024-06-22 13:43:00
1719063840000,3.06,3.061,3.048,3.051,5403.92,2024-06-22 13:44:00
1719063900000,3.054,3.054,3.034,3.035,22428.2,2024-06-22 13:45:00
1719063960000,3.035,3.042,3.034,3.038,5595.05,2024-06-22 13:46:00
1719064020000,3.039,3.044,3.031,3.035,8871.31,2024-06-22 13:47:00
1719064080000,3.035,3.062,3.035,3.057,27043.41,2024-06-22 13:48:00
1719064140000,3.058,3.059,3.045,3.053,9994.27,2024-06-22 13:49:00
1719064200000,3.051,3.054,3.042,3.054,6194.8,2024-06-22 13:50:00
1719064260000,3.053,3.053,3.04,3.04,5668.62,2024-06-22 13:51:00
1719064320000,3.041,3.049,3.04,3.049,2852.36,2024-06-22 13:52:00
1719064380000,3.048,3.048,3.04,3.043,3387.17,2024-06-22 13:53:00
1719064440000,3.043,3.043,3.038,3.039,7007.84,2024-06-22 13:54:00
1719064500000,3.042,3.048,3.039,3.046,6650.53,2024-06-22 13:55:00
1719064560000,3.045,3.05,3.039,3.05,4966.21,2024-06-22 13:56:00
1719064620000,3.047,3.047,3.042,3.044,1302.92,2024-06-22 13:57:00
1719064680000,3.045,3.046,3.034,3.037,4154.71,2024-06-22 13:58:00
1719064740000,3.038,3.05,3.038,3.05,3808.3,2024-06-22 13:59:00
1719064800000,3.048,3.061,3.046,3.05,14724.72,2024-06-22 14:00:00
1719064860000,3.05,3.053,3.043,3.047,16207.36,2024-06-22 14:01:00
1719064920000,3.047,3.05,3.033,3.037,19804.44,2024-06-22 14:02:00
1719064980000,3.034,3.047,3.034,3.039,10350.8,2024-06-22 14:03:00
1719065040000,3.038,3.052,3.038,3.045,4163.07,2024-06-22 14:04:00
1719065100000,3.045,3.058,3.044,3.057,6407.1,2024-06-22 14:05:00
1719065160000,3.059,3.066,3.054,3.065,4994.97,2024-06-22 14:06:00
1719065220000,3.065,3.084,3.065,3.072,45296.09,2024-06-22 14:07:00
1719065280000,3.073,3.087,3.071,3.085,22859.21,2024-06-22 14:08:00
1719065340000,3.086,3.096,3.086,3.094,46703.46,2024-06-22 14:09:00
1719065400000,3.095,3.109,3.09,3.091,45634.89,2024-06-22 14:10:00
1719065460000,3.092,3.101,3.09,3.092,18176.82,2024-06-22 14:11:00
1719065520000,3.092,3.1,3.09,3.091,11144.92,2024-06-22 14:12:00
1719065580000,3.092,3.094,3.084,3.085,15309.21,2024-06-22 14:13:00
1719065640000,3.085,3.098,3.085,3.093,16919.87,2024-06-22 14:14:00
1719065700000,3.09,3.095,3.075,3.092,43751.64,2024-06-22 14:15:00
1719065760000,3.094,3.106,3.09,3.103,27593.43,2024-06-22 14:16:00
1719065820000,3.103,3.117,3.103,3.113,23876.5,2024-06-22 14:17:00
1719065880000,3.112,3.121,3.106,3.12,13822.28,2024-06-22 14:18:00
1719065940000,3.12,3.138,3.118,3.133,59294.63,2024-06-22 14:19:00
1719066000000,3.134,3.14,3.125,3.136,32809.46,2024-06-22 14:20:00
1719066060000,3.137,3.18,3.132,3.175,138605.27,2024-06-22 14:21:00
1719066120000,3.174,3.193,3.165,3.193,94027.17,2024-06-22 14:22:00
1719066180000,3.19,3.193,3.167,3.172,43408.89,2024-06-22 14:23:00
1719066240000,3.171,3.172,3.157,3.16,31277.61,2024-06-22 14:24:00
1719066300000,3.164,3.23,3.164,3.226,403590.79,2024-06-22 14:25:00
1719066360000,3.226,3.239,3.198,3.219,165554.97,2024-06-22 14:26:00
1719066420000,3.219,3.219,3.194,3.205,37861.94,2024-06-22 14:27:00
1719066480000,3.206,3.209,3.181,3.184,52909.82,2024-06-22 14:28:00
1719066540000,3.184,3.185,3.166,3.181,44905.41,2024-06-22 14:29:00
1719066600000,3.181,3.189,3.163,3.171,23711.2,2024-06-22 14:30:00
1719066660000,3.171,3.176,3.16,3.167,26099.85,2024-06-22 14:31:00
1719066720000,3.169,3.172,3.164,3.166,22947.94,2024-06-22 14:32:00
1719066780000,3.167,3.171,3.153,3.159,57871.79,2024-06-22 14:33:00
1719066840000,3.158,3.171,3.141,3.163,49243.93,2024-06-22 14:34:00
1719066900000,3.164,3.17,3.154,3.163,20997.14,2024-06-22 14:35:00
1719066960000,3.164,3.164,3.152,3.158,16431.25,2024-06-22 14:36:00
1719067020000,3.155,3.163,3.151,3.155,9763.76,2024-06-22 14:37:00
1719067080000,3.155,3.163,3.152,3.162,18319.93,2024-06-22 14:38:00
1719067140000,3.162,3.172,3.151,3.171,17354.17,2024-06-22 14:39:00
1719067200000,3.17,3.182,3.164,3.175,25901.92,2024-06-22 14:40:00
1719067260000,3.176,3.176,3.154,3.161,21015.34,2024-06-22 14:41:00
1719067320000,3.163,3.171,3.155,3.156,12769.65,2024-06-22 14:42:00
1719067380000,3.157,3.161,3.147,3.15,26007.13,2024-06-22 14:43:00
1719067440000,3.148,3.151,3.14,3.146,14743.85,2024-06-22 14:44:00
1719067500000,3.145,3.158,3.145,3.152,32474.92,2024-06-22 14:45:00
1719067560000,3.153,3.156,3.135,3.14,33457.05,2024-06-22 14:46:00
1719067620000,3.14,3.159,3.14,3.158,17191.76,2024-06-22 14:47:00
1719067680000,3.159,3.181,3.159,3.178,21948.08,2024-06-22 14:48:00
1719067740000,3.178,3.183,3.164,3.176,17047.55,2024-06-22 14:49:00
1719067800000,3.176,3.177,3.158,3.17,13712.68,2024-06-22 14:50:00
1719067860000,3.17,3.174,3.159,3.164,23081.18,2024-06-22 14:51:00
1719067920000,3.164,3.165,3.155,3.161,9379.88,2024-06-22 14:52:00
1719067980000,3.161,3.166,3.154,3.156,10264.72,2024-06-22 14:53:00
1719068040000,3.155,3.156,3.129,3.136,35988.04,2024-06-22 14:54:00
1719068100000,3.137,3.147,3.137,3.139,3013.55,2024-06-22 14:55:00
1719068160000,3.139,3.147,3.134,3.137,17044.98,2024-06-22 14:56:00
1719068220000,3.136,3.14,3.125,3.132,14369.41,2024-06-22 14:57:00
1719068280000,3.133,3.155,3.128,3.15,20363.76,2024-06-22 14:58:00
1719068340000,3.151,3.16,3.143,3.146,17367.3,2024-06-22 14:59:00
1719068400000,3.145,3.151,3.12,3.126,16516.08,2024-06-22 15:00:00
1719068460000,3.125,3.135,3.118,3.133,10204.18,2024-06-22 15:01:00
1719068520000,3.133,3.142,3.131,3.137,3598.72,2024-06-22 15:02:00
1719068580000,3.137,3.138,3.126,3.127,4893.91,2024-06-22 15:03:00
1719068640000,3.126,3.136,3.126,3.135,4572.9,2024-06-22 15:04:00
1719068700000,3.137,3.144,3.127,3.131,8109.55,2024-06-22 15:05:00
1719068760000,3.133,3.134,3.126,3.129,8223.9,2024-06-22 15:06:00
1719068820000,3.132,3.144,3.132,3.143,3947.52,2024-06-22 15:07:00
1719068880000,3.143,3.16,3.141,3.16,17257.07,2024-06-22 15:08:00
1719068940000,3.158,3.177,3.151,3.171,25040.5,2024-06-22 15:09:00
1719069000000,3.171,3.171,3.15,3.155,16994.7,2024-06-22 15:10:00
1719069060000,3.155,3.179,3.155,3.171,28253.8,2024-06-22 15:11:00
1719069120000,3.171,3.179,3.164,3.169,7134.98,2024-06-22 15:12:00
1719069180000,3.169,3.17,3.159,3.169,12302.69,2024-06-22 15:13:00
1719069240000,3.168,3.184,3.164,3.176,21407.08,2024-06-22 15:14:00
1719069300000,3.177,3.182,3.154,3.155,19644.9,2024-06-22 15:15:00
1719069360000,3.156,3.181,3.15,3.179,19879.8,2024-06-22 15:16:00
1719069420000,3.179,3.191,3.174,3.188,16315.25,2024-06-22 15:17:00
1719069480000,3.19,3.195,3.182,3.191,12415.37,2024-06-22 15:18:00
1719069540000,3.191,3.198,3.186,3.191,24325.92,2024-06-22 15:19:00
1719069600000,3.189,3.189,3.175,3.179,28729.23,2024-06-22 15:20:00
1719069660000,3.18,3.188,3.179,3.18,22780.96,2024-06-22 15:21:00
1719069720000,3.18,3.19,3.173,3.187,50748.51,2024-06-22 15:22:00
1719069780000,3.19,3.198,3.185,3.193,26150.14,2024-06-22 15:23:00
1719069840000,3.194,3.198,3.178,3.195,29305.96,2024-06-22 15:24:00
1719069900000,3.195,3.232,3.194,3.225,68444.42,2024-06-22 15:25:00
1719069960000,3.225,3.235,3.208,3.216,49232.34,2024-06-22 15:26:00
1719070020000,3.216,3.221,3.204,3.209,41338.54,2024-06-22 15:27:00
1719070080000,3.207,3.219,3.206,3.217,30871.23,2024-06-22 15:28:00
1719070140000,3.216,3.243,3.215,3.241,65435.75,2024-06-22 15:29:00
1719070200000,3.242,3.279,3.221,3.267,105506.82,2024-06-22 15:30:00
1719070260000,3.266,3.268,3.23,3.242,137017.1,2024-06-22 15:31:00
1719070320000,3.243,3.249,3.227,3.242,69657.13,2024-06-22 15:32:00
1719070380000,3.242,3.242,3.219,3.229,29674.22,2024-06-22 15:33:00
1719070440000,3.23,3.26,3.222,3.259,84527.66,2024-06-22 15:34:00
1719070500000,3.259,3.305,3.258,3.301,113968.52,2024-06-22 15:35:00
1719070560000,3.3,3.317,3.281,3.317,206666.24,2024-06-22 15:36:00
1719070620000,3.317,3.32,3.287,3.289,108784.44,2024-06-22 15:37:00
1719070680000,3.288,3.295,3.276,3.287,72532.69,2024-06-22 15:38:00
1719070740000,3.286,3.289,3.273,3.284,25707.77,2024-06-22 15:39:00
1719070800000,3.285,3.285,3.258,3.258,47565.7,2024-06-22 15:40:00
1719070860000,3.259,3.265,3.25,3.257,27892.31,2024-06-22 15:41:00
1719070920000,3.258,3.259,3.231,3.257,95234.63,2024-06-22 15:42:00
1719070980000,3.258,3.259,3.239,3.241,19202.77,2024-06-22 15:43:00
1719071040000,3.241,3.251,3.24,3.251,45222.23,2024-06-22 15:44:00
1719071100000,3.25,3.26,3.241,3.258,37614.25,2024-06-22 15:45:00
1719071160000,3.256,3.274,3.252,3.267,26380.83,2024-06-22 15:46:00
1719071220000,3.267,3.273,3.259,3.271,25571.98,2024-06-22 15:47:00
1719071280000,3.272,3.28,3.267,3.272,19562.31,2024-06-22 15:48:00
1719071340000,3.272,3.275,3.251,3.264,21852.01,2024-06-22 15:49:00
1719071400000,3.262,3.275,3.262,3.273,14685.74,2024-06-22 15:50:00
1719071460000,3.273,3.29,3.273,3.286,29252.35,2024-06-22 15:51:00
1719071520000,3.285,3.289,3.28,3.288,15443.5,2024-06-22 15:52:00
1719071580000,3.287,3.288,3.276,3.283,22976.56,2024-06-22 15:53:00
1719071640000,3.282,3.29,3.282,3.283,17903.74,2024-06-22 15:54:00
1719071700000,3.284,3.288,3.268,3.274,15840.61,2024-06-22 15:55:00
1719071760000,3.273,3.29,3.271,3.287,43007.26,2024-06-22 15:56:00
1719071820000,3.287,3.295,3.287,3.295,35890.94,2024-06-22 15:57:00
1719071880000,3.294,3.3,3.289,3.3,41583.49,2024-06-22 15:58:00
1719071940000,3.299,3.301,3.289,3.298,40381.78,2024-06-22 15:59:00
1719072000000,3.295,3.295,3.261,3.269,48409.93,2024-06-22 16:00:00
1719072060000,3.27,3.288,3.265,3.284,33459.46,2024-06-22 16:01:00
1719072120000,3.285,3.323,3.284,3.32,77634.87,2024-06-22 16:02:00
1719072180000,3.321,3.352,3.315,3.348,108573.54,2024-06-22 16:03:00
1719072240000,3.352,3.376,3.347,3.37,66800.36,2024-06-22 16:04:00
1719072300000,3.37,3.393,3.344,3.347,139995.0,2024-06-22 16:05:00
1719072360000,3.348,3.351,3.335,3.339,52200.13,2024-06-22 16:06:00
1719072420000,3.339,3.382,3.339,3.368,72884.7,2024-06-22 16:07:00
1719072480000,3.369,3.383,3.351,3.38,110819.26,2024-06-22 16:08:00
1719072540000,3.38,3.382,3.358,3.367,69211.96,2024-06-22 16:09:00
1719072600000,3.367,3.367,3.345,3.349,51913.75,2024-06-22 16:10:00
1719072660000,3.35,3.355,3.345,3.351,36347.8,2024-06-22 16:11:00
1719072720000,3.35,3.36,3.345,3.353,40912.6,2024-06-22 16:12:00
1719072780000,3.354,3.354,3.332,3.346,62939.12,2024-06-22 16:13:00
1719072840000,3.347,3.35,3.306,3.314,51340.55,2024-06-22 16:14:00
1719072900000,3.314,3.314,3.297,3.311,50918.28,2024-06-22 16:15:00
1719072960000,3.31,3.347,3.307,3.344,34338.63,2024-06-22 16:16:00
1719073020000,3.344,3.345,3.306,3.321,52144.8,2024-06-22 16:17:00
1719073080000,3.321,3.365,3.312,3.361,65243.4,2024-06-22 16:18:00
1719073140000,3.361,3.363,3.346,3.346,37386.13,2024-06-22 16:19:00
1719073200000,3.346,3.358,3.341,3.355,14406.34,2024-06-22 16:20:00
1719073260000,3.355,3.356,3.313,3.331,46781.88,2024-06-22 16:21:00
1719073320000,3.33,3.34,3.31,3.316,29971.32,2024-06-22 16:22:00
1719073380000,3.314,3.334,3.301,3.307,44421.66,2024-06-22 16:23:00
1719073440000,3.31,3.311,3.293,3.302,40342.49,2024-06-22 16:24:00
1719073500000,3.302,3.311,3.27,3.275,76477.25,2024-06-22 16:25:00
1719073560000,3.276,3.304,3.272,3.294,66490.27,2024-06-22 16:26:00
1719073620000,3.294,3.322,3.288,3.302,40682.07,2024-06-22 16:27:00
1719073680000,3.303,3.303,3.277,3.281,41962.77,2024-06-22 16:28:00
1719073740000,3.282,3.294,3.282,3.292,27777.34,2024-06-22 16:29:00
1719073800000,3.291,3.294,3.24,3.248,106583.73,2024-06-22 16:30:00
1719073860000,3.251,3.263,3.234,3.238,109905.18,2024-06-22 16:31:00
1719073920000,3.238,3.259,3.237,3.255,46352.11,2024-06-22 16:32:00
1719073980000,3.251,3.255,3.243,3.251,21705.57,2024-06-22 16:33:00
1719074040000,3.251,3.251,3.24,3.242,26527.64,2024-06-22 16:34:00
1719074100000,3.241,3.253,3.24,3.244,17203.28,2024-06-22 16:35:00
1719074160000,3.242,3.242,3.232,3.236,24063.78,2024-06-22 16:36:00
1719074220000,3.235,3.24,3.23,3.233,26623.11,2024-06-22 16:37:00
1719074280000,3.234,3.246,3.232,3.245,21508.89,2024-06-22 16:38:00
1719074340000,3.244,3.244,3.23,3.235,19051.38,2024-06-22 16:39:00
1719074400000,3.235,3.242,3.221,3.238,137439.87,2024-06-22 16:40:00
1719074460000,3.239,3.26,3.239,3.256,31689.7,2024-06-22 16:41:00
1719074520000,3.256,3.258,3.24,3.244,31277.39,2024-06-22 16:42:00
1719074580000,3.245,3.252,3.24,3.24,10368.53,2024-06-22 16:43:00
1719074640000,3.24,3.242,3.222,3.225,39749.43,2024-06-22 16:44:00
1719074700000,3.226,3.23,3.212,3.228,46936.26,2024-06-22 16:45:00
1719074760000,3.23,3.245,3.23,3.233,8429.05,2024-06-22 16:46:00
1719074820000,3.233,3.24,3.215,3.225,14908.4,2024-06-22 16:47:00
1719074880000,3.223,3.227,3.21,3.216,24049.18,2024-06-22 16:48:00
1719074940000,3.216,3.219,3.178,3.193,100293.52,2024-06-22 16:49:00
1719075000000,3.194,3.207,3.191,3.205,47365.09,2024-06-22 16:50:00
1719075060000,3.204,3.217,3.201,3.213,23402.43,2024-06-22 16:51:00
1719075120000,3.215,3.223,3.204,3.21,29311.51,2024-06-22 16:52:00
1719075180000,3.209,3.219,3.198,3.219,18402.75,2024-06-22 16:53:00
1719075240000,3.219,3.222,3.211,3.22,17229.58,2024-06-22 16:54:00
1719075300000,3.218,3.227,3.218,3.222,27171.66,2024-06-22 16:55:00
1719075360000,3.222,3.226,3.212,3.222,4188.76,2024-06-22 16:56:00
1719075420000,3.225,3.225,3.215,3.218,2144.27,2024-06-22 16:57:00
1719075480000,3.218,3.228,3.214,3.221,16839.67,2024-06-22 16:58:00
1719075540000,3.222,3.228,3.216,3.217,7311.25,2024-06-22 16:59:00
1719075600000,3.217,3.226,3.212,3.226,3899.8,2024-06-22 17:00:00
1719075660000,3.226,3.244,3.221,3.241,21510.63,2024-06-22 17:01:00
1719075720000,3.241,3.262,3.232,3.237,94702.46,2024-06-22 17:02:00
1719075780000,3.236,3.251,3.232,3.246,13571.48,2024-06-22 17:03:00
1719075840000,3.247,3.249,3.238,3.246,16150.6,2024-06-22 17:04:00
1719075900000,3.245,3.258,3.238,3.24,42770.33,2024-06-22 17:05:00
1719075960000,3.239,3.239,3.223,3.231,10296.5,2024-06-22 17:06:00
1719076020000,3.231,3.239,3.212,3.218,61984.17,2024-06-22 17:07:00
1719076080000,3.217,3.252,3.217,3.238,45261.87,2024-06-22 17:08:00
1719076140000,3.238,3.238,3.211,3.222,22828.12,2024-06-22 17:09:00
1719076200000,3.221,3.234,3.219,3.228,5685.57,2024-06-22 17:10:00
1719076260000,3.229,3.233,3.225,3.225,6874.46,2024-06-22 17:11:00
1719076320000,3.225,3.23,3.223,3.228,7870.13,2024-06-22 17:12:00
1719076380000,3.228,3.23,3.225,3.227,5489.66,2024-06-22 17:13:00
1719076440000,3.227,3.227,3.198,3.216,25578.36,2024-06-22 17:14:00
1719076500000,3.215,3.225,3.212,3.212,8235.44,2024-06-22 17:15:00
1719076560000,3.212,3.222,3.209,3.216,4937.84,2024-06-22 17:16:00
1719076620000,3.215,3.216,3.197,3.2,7916.23,2024-06-22 17:17:00
1719076680000,3.202,3.209,3.194,3.197,18748.88,2024-06-22 17:18:00
1719076740000,3.197,3.202,3.189,3.191,8282.95,2024-06-22 17:19:00
1719076800000,3.191,3.203,3.186,3.197,75410.17,2024-06-22 17:20:00
1719076860000,3.195,3.204,3.194,3.203,5611.37,2024-06-22 17:21:00
1719076920000,3.203,3.204,3.196,3.197,5828.97,2024-06-22 17:22:00
1719076980000,3.196,3.208,3.196,3.207,4064.44,2024-06-22 17:23:00
1719077040000,3.206,3.206,3.195,3.205,6060.74,2024-06-22 17:24:00
1719077100000,3.205,3.213,3.204,3.21,7217.83,2024-06-22 17:25:00
1719077160000,3.21,3.211,3.201,3.202,8788.53,2024-06-22 17:26:00
1719077220000,3.204,3.215,3.204,3.204,5287.39,2024-06-22 17:27:00
1719077280000,3.204,3.217,3.204,3.214,5751.36,2024-06-22 17:28:00
1719077340000,3.214,3.221,3.212,3.212,5684.54,2024-06-22 17:29:00
1719077400000,3.213,3.236,3.213,3.23,15865.48,2024-06-22 17:30:00
1719077460000,3.229,3.237,3.226,3.233,7280.74,2024-06-22 17:31:00
1719077520000,3.233,3.233,3.212,3.224,12500.34,2024-06-22 17:32:00
1719077580000,3.224,3.23,3.219,3.219,6771.58,2024-06-22 17:33:00
1719077640000,3.219,3.233,3.218,3.232,7568.49,2024-06-22 17:34:00
1719077700000,3.231,3.231,3.22,3.22,6154.3,2024-06-22 17:35:00
1719077760000,3.22,3.228,3.214,3.226,2461.74,2024-06-22 17:36:00
1719077820000,3.227,3.231,3.225,3.225,2381.42,2024-06-22 17:37:00
1719077880000,3.225,3.23,3.222,3.229,5755.29,2024-06-22 17:38:00
1719077940000,3.229,3.229,3.216,3.225,7849.42,2024-06-22 17:39:00
1719078000000,3.224,3.232,3.22,3.23,12675.87,2024-06-22 17:40:00
1719078060000,3.228,3.234,3.215,3.218,6443.9,2024-06-22 17:41:00
1719078120000,3.215,3.234,3.213,3.232,29538.13,2024-06-22 17:42:00
1719078180000,3.233,3.263,3.23,3.26,57801.07,2024-06-22 17:43:00
1719078240000,3.264,3.265,3.224,3.227,41444.92,2024-06-22 17:44:00
1719078300000,3.228,3.23,3.216,3.224,12895.82,2024-06-22 17:45:00
1719078360000,3.224,3.242,3.224,3.242,11019.66,2024-06-22 17:46:00
1719078420000,3.242,3.242,3.216,3.221,25931.89,2024-06-22 17:47:00
1719078480000,3.222,3.242,3.222,3.24,19487.33,2024-06-22 17:48:00
1719078540000,3.24,3.247,3.238,3.241,12073.94,2024-06-22 17:49:00
1719078600000,3.24,3.242,3.223,3.242,21001.12,2024-06-22 17:50:00
1719078660000,3.244,3.248,3.239,3.241,5016.43,2024-06-22 17:51:00
1719078720000,3.241,3.249,3.24,3.245,8847.15,2024-06-22 17:52:00
1719078780000,3.246,3.261,3.246,3.258,21984.19,2024-06-22 17:53:00
1719078840000,3.254,3.265,3.25,3.254,69985.03,2024-06-22 17:54:00
1719078900000,3.254,3.267,3.25,3.26,19379.13,2024-06-22 17:55:00
1719078960000,3.261,3.273,3.254,3.26,20456.17,2024-06-22 17:56:00
1719079020000,3.259,3.264,3.244,3.249,18689.4,2024-06-22 17:57:00
1719079080000,3.249,3.26,3.249,3.25,7995.75,2024-06-22 17:58:00
1719079140000,3.253,3.262,3.251,3.261,7832.97,2024-06-22 17:59:00
1719079200000,3.261,3.277,3.261,3.263,22277.35,2024-06-22 18:00:00
1719079260000,3.265,3.272,3.251,3.252,29431.92,2024-06-22 18:01:00
1719079320000,3.253,3.274,3.253,3.271,11621.81,2024-06-22 18:02:00
1719079380000,3.273,3.273,3.259,3.26,6161.81,2024-06-22 18:03:00
1719079440000,3.258,3.29,3.258,3.284,24457.55,2024-06-22 18:04:00
1719079500000,3.285,3.29,3.272,3.284,24986.94,2024-06-22 18:05:00
1719079560000,3.281,3.282,3.259,3.267,12066.59,2024-06-22 18:06:00
1719079620000,3.266,3.266,3.256,3.256,5381.73,2024-06-22 18:07:00
1719079680000,3.256,3.272,3.252,3.27,9403.5,2024-06-22 18:08:00
1719079740000,3.267,3.282,3.261,3.267,18955.33,2024-06-22 18:09:00
1719079800000,3.267,3.274,3.26,3.272,13572.04,2024-06-22 18:10:00
1719079860000,3.272,3.284,3.272,3.28,13282.73,2024-06-22 18:11:00
1719079920000,3.28,3.294,3.276,3.292,33735.4,2024-06-22 18:12:00
1719079980000,3.291,3.299,3.283,3.295,22300.86,2024-06-22 18:13:00
1719080040000,3.294,3.295,3.28,3.285,15222.85,2024-06-22 18:14:00
1719080100000,3.287,3.291,3.273,3.275,16054.63,2024-06-22 18:15:00
1719080160000,3.276,3.29,3.276,3.288,9543.89,2024-06-22 18:16:00
1719080220000,3.288,3.296,3.275,3.281,28335.78,2024-06-22 18:17:00
1719080280000,3.281,3.285,3.274,3.276,23011.44,2024-06-22 18:18:00
1719080340000,3.276,3.277,3.256,3.259,31634.3,2024-06-22 18:19:00
1719080400000,3.262,3.275,3.26,3.26,12908.32,2024-06-22 18:20:00
1719080460000,3.262,3.264,3.25,3.256,11172.87,2024-06-22 18:21:00
1719080520000,3.254,3.264,3.248,3.249,18001.13,2024-06-22 18:22:00
1719080580000,3.248,3.284,3.248,3.28,28588.86,2024-06-22 18:23:00
1719080640000,3.281,3.281,3.254,3.259,20215.22,2024-06-22 18:24:00
1719080700000,3.258,3.263,3.256,3.26,7034.27,2024-06-22 18:25:00
1719080760000,3.26,3.269,3.255,3.258,12375.49,2024-06-22 18:26:00
1719080820000,3.259,3.269,3.259,3.265,6897.32,2024-06-22 18:27:00
1719080880000,3.267,3.267,3.253,3.255,7068.07,2024-06-22 18:28:00
1719080940000,3.256,3.264,3.256,3.264,3785.49,2024-06-22 18:29:00
1719081000000,3.266,3.267,3.252,3.259,7535.62,2024-06-22 18:30:00
1719081060000,3.259,3.259,3.223,3.232,48801.7,2024-06-22 18:31:00
1719081120000,3.233,3.254,3.232,3.249,29362.86,2024-06-22 18:32:00
1719081180000,3.249,3.252,3.242,3.247,5456.44,2024-06-22 18:33:00
1719081240000,3.248,3.252,3.244,3.244,1901.13,2024-06-22 18:34:00
1719081300000,3.243,3.25,3.236,3.244,20786.57,2024-06-22 18:35:00
1719081360000,3.243,3.258,3.243,3.257,21840.91,2024-06-22 18:36:00
1719081420000,3.255,3.268,3.253,3.268,4938.09,2024-06-22 18:37:00
1719081480000,3.267,3.267,3.256,3.261,13833.72,2024-06-22 18:38:00
1719081540000,3.26,3.268,3.259,3.263,4822.2,2024-06-22 18:39:00
1719081600000,3.262,3.262,3.253,3.261,10117.36,2024-06-22 18:40:00
1719081660000,3.261,3.263,3.246,3.263,19176.09,2024-06-22 18:41:00
1719081720000,3.266,3.274,3.261,3.269,14240.37,2024-06-22 18:42:00
1719081780000,3.273,3.292,3.273,3.284,18199.67,2024-06-22 18:43:00
1719081840000,3.285,3.294,3.281,3.284,16555.52,2024-06-22 18:44:00
1719081900000,3.284,3.288,3.268,3.283,17660.58,2024-06-22 18:45:00
1719081960000,3.285,3.285,3.264,3.266,26967.42,2024-06-22 18:46:00
1719082020000,3.267,3.274,3.261,3.267,15904.68,2024-06-22 18:47:00
1719082080000,3.267,3.272,3.249,3.254,77758.34,2024-06-22 18:48:00
1719082140000,3.255,3.258,3.247,3.253,22388.42,2024-06-22 18:49:00
1719082200000,3.254,3.259,3.244,3.245,51820.75,2024-06-22 18:50:00
1719082260000,3.245,3.25,3.244,3.245,8417.82,2024-06-22 18:51:00
1719082320000,3.244,3.265,3.243,3.249,49751.89,2024-06-22 18:52:00
1719082380000,3.249,3.25,3.241,3.25,10553.05,2024-06-22 18:53:00
1719082440000,3.25,3.266,3.247,3.258,16162.66,2024-06-22 18:54:00
1719082500000,3.256,3.256,3.244,3.247,7459.08,2024-06-22 18:55:00
1719082560000,3.246,3.252,3.236,3.237,19952.68,2024-06-22 18:56:00
1719082620000,3.237,3.242,3.223,3.237,24990.09,2024-06-22 18:57:00
1719082680000,3.237,3.247,3.237,3.244,13532.14,2024-06-22 18:58:00
1719082740000,3.244,3.25,3.234,3.238,10836.04,2024-06-22 18:59:00
1719082800000,3.238,3.25,3.234,3.242,4466.11,2024-06-22 19:00:00
1719082860000,3.243,3.248,3.235,3.239,6308.96,2024-06-22 19:01:00
1719082920000,3.236,3.238,3.23,3.236,3929.73,2024-06-22 19:02:00
1719082980000,3.235,3.242,3.234,3.235,4610.47,2024-06-22 19:03:00
1719083040000,3.237,3.248,3.237,3.247,13724.16,2024-06-22 19:04:00
1719083100000,3.247,3.256,3.245,3.255,19536.61,2024-06-22 19:05:00
1719083160000,3.254,3.254,3.241,3.243,6809.02,2024-06-22 19:06:00
1719083220000,3.242,3.242,3.233,3.235,2648.65,2024-06-22 19:07:00
1719083280000,3.234,3.242,3.231,3.234,4684.7,2024-06-22 19:08:00
1719083340000,3.235,3.239,3.235,3.239,4172.11,2024-06-22 19:09:00
1719083400000,3.238,3.238,3.229,3.23,6775.55,2024-06-22 19:10:00
1719083460000,3.23,3.231,3.224,3.23,5918.65,2024-06-22 19:11:00
1719083520000,3.231,3.231,3.216,3.222,38737.59,2024-06-22 19:12:00
1719083580000,3.222,3.225,3.219,3.225,9467.34,2024-06-22 19:13:00
1719083640000,3.225,3.237,3.225,3.231,22454.69,2024-06-22 19:14:00
1719083700000,3.231,3.236,3.229,3.232,3517.56,2024-06-22 19:15:00
1719083760000,3.232,3.234,3.201,3.207,90412.59,2024-06-22 19:16:00
1719083820000,3.207,3.216,3.191,3.207,87369.71,2024-06-22 19:17:00
1719083880000,3.206,3.22,3.201,3.22,9058.95,2024-06-22 19:18:00
1719083940000,3.22,3.228,3.212,3.228,44601.67,2024-06-22 19:19:00
1719084000000,3.228,3.234,3.225,3.231,8999.95,2024-06-22 19:20:00
1719084060000,3.232,3.232,3.202,3.203,12268.3,2024-06-22 19:21:00
1719084120000,3.203,3.217,3.203,3.205,5927.49,2024-06-22 19:22:00
1719084180000,3.206,3.216,3.203,3.208,7158.0,2024-06-22 19:23:00
1719084240000,3.207,3.214,3.202,3.209,14980.07,2024-06-22 19:24:00
1719084300000,3.208,3.214,3.205,3.213,3532.31,2024-06-22 19:25:00
1719084360000,3.211,3.211,3.201,3.201,3433.88,2024-06-22 19:26:00
1719084420000,3.202,3.211,3.2,3.202,10675.58,2024-06-22 19:27:00
1719084480000,3.2,3.205,3.191,3.199,16694.54,2024-06-22 19:28:00
1719084540000,3.199,3.21,3.199,3.209,6269.5,2024-06-22 19:29:00
1719084600000,3.21,3.222,3.208,3.214,12650.23,2024-06-22 19:30:00
1719084660000,3.214,3.215,3.206,3.214,4359.89,2024-06-22 19:31:00
1719084720000,3.213,3.213,3.2,3.202,5552.03,2024-06-22 19:32:00
1719084780000,3.203,3.204,3.197,3.2,5287.81,2024-06-22 19:33:00
1719084840000,3.199,3.219,3.193,3.217,9858.5,2024-06-22 19:34:00
1719084900000,3.216,3.221,3.207,3.22,5262.57,2024-06-22 19:35:00
1719084960000,3.219,3.222,3.208,3.222,6701.83,2024-06-22 19:36:00
1719085020000,3.221,3.227,3.21,3.217,48160.42,2024-06-22 19:37:00
1719085080000,3.217,3.219,3.212,3.215,4583.27,2024-06-22 19:38:00
1719085140000,3.215,3.223,3.214,3.223,7036.67,2024-06-22 19:39:00
1719085200000,3.22,3.224,3.216,3.216,3314.64,2024-06-22 19:40:00
1719085260000,3.217,3.217,3.203,3.205,7263.66,2024-06-22 19:41:00
1719085320000,3.203,3.206,3.199,3.2,5204.15,2024-06-22 19:42:00
1719085380000,3.2,3.213,3.199,3.211,14821.04,2024-06-22 19:43:00
1719085440000,3.21,3.216,3.206,3.216,1422.16,2024-06-22 19:44:00
1719085500000,3.215,3.225,3.207,3.224,24840.96,2024-06-22 19:45:00
1719085560000,3.223,3.23,3.217,3.224,27413.15,2024-06-22 19:46:00
1719085620000,3.224,3.224,3.219,3.22,1513.36,2024-06-22 19:47:00
1719085680000,3.22,3.233,3.22,3.223,5597.16,2024-06-22 19:48:00
1719085740000,3.223,3.227,3.219,3.219,2952.61,2024-06-22 19:49:00
1719085800000,3.219,3.227,3.219,3.225,1292.71,2024-06-22 19:50:00
1719085860000,3.224,3.227,3.223,3.223,2427.16,2024-06-22 19:51:00
1719085920000,3.223,3.235,3.223,3.235,5683.76,2024-06-22 19:52:00
1719085980000,3.234,3.235,3.231,3.235,1573.61,2024-06-22 19:53:00
1719086040000,3.234,3.241,3.233,3.235,6869.99,2024-06-22 19:54:00
1719086100000,3.235,3.245,3.233,3.242,3745.38,2024-06-22 19:55:00
1719086160000,3.24,3.24,3.235,3.235,991.13,2024-06-22 19:56:00
1719086220000,3.234,3.245,3.234,3.242,3620.63,2024-06-22 19:57:00
1719086280000,3.241,3.243,3.24,3.243,375.17,2024-06-22 19:58:00
1719086340000,3.242,3.258,3.242,3.254,22846.74,2024-06-22 19:59:00
1719086400000,3.248,3.248,3.234,3.242,12380.9,2024-06-22 20:00:00
1719086460000,3.24,3.24,3.235,3.236,1292.38,2024-06-22 20:01:00
1719086520000,3.236,3.239,3.232,3.235,3630.23,2024-06-22 20:02:00
1719086580000,3.235,3.236,3.225,3.232,5424.53,2024-06-22 20:03:00
1719086640000,3.232,3.235,3.226,3.234,9004.99,2024-06-22 20:04:00
1719086700000,3.235,3.24,3.234,3.234,2137.05,2024-06-22 20:05:00
1719086760000,3.234,3.236,3.224,3.235,41377.91,2024-06-22 20:06:00
1719086820000,3.234,3.236,3.229,3.234,16777.06,2024-06-22 20:07:00
1719086880000,3.231,3.231,3.215,3.215,9464.66,2024-06-22 20:08:00
1719086940000,3.215,3.222,3.213,3.215,3636.96,2024-06-22 20:09:00
1719087000000,3.215,3.219,3.211,3.212,4217.21,2024-06-22 20:10:00
1719087060000,3.212,3.213,3.203,3.207,6740.79,2024-06-22 20:11:00
1719087120000,3.204,3.205,3.141,3.159,160568.13,2024-06-22 20:12:00
1719087180000,3.163,3.173,3.161,3.171,13324.13,2024-06-22 20:13:00
1719087240000,3.171,3.187,3.171,3.181,11650.71,2024-06-22 20:14:00
1719087300000,3.181,3.199,3.174,3.191,31837.88,2024-06-22 20:15:00
1719087360000,3.19,3.2,3.185,3.196,6863.82,2024-06-22 20:16:00
1719087420000,3.194,3.202,3.191,3.197,3872.69,2024-06-22 20:17:00
1719087480000,3.197,3.204,3.197,3.204,3760.25,2024-06-22 20:18:00
1719087540000,3.205,3.208,3.198,3.198,5465.85,2024-06-22 20:19:00
1719087600000,3.198,3.205,3.19,3.205,10835.62,2024-06-22 20:20:00
1719087660000,3.204,3.21,3.196,3.2,8492.58,2024-06-22 20:21:00
1719087720000,3.199,3.2,3.197,3.198,4013.97,2024-06-22 20:22:00
1719087780000,3.198,3.2,3.192,3.197,4981.6,2024-06-22 20:23:00
1719087840000,3.197,3.197,3.185,3.194,5852.04,2024-06-22 20:24:00
1719087900000,3.196,3.198,3.188,3.197,2982.37,2024-06-22 20:25:00
1719087960000,3.196,3.196,3.176,3.181,9868.55,2024-06-22 20:26:00
1719088020000,3.179,3.189,3.178,3.185,3789.36,2024-06-22 20:27:00
1719088080000,3.185,3.194,3.185,3.193,7865.29,2024-06-22 20:28:00
1719088140000,3.189,3.189,3.184,3.184,854.28,2024-06-22 20:29:00
1719088200000,3.185,3.195,3.185,3.194,1697.84,2024-06-22 20:30:00
1719088260000,3.198,3.198,3.186,3.189,1634.07,2024-06-22 20:31:00
1719088320000,3.188,3.192,3.183,3.184,3472.15,2024-06-22 20:32:00
1719088380000,3.184,3.184,3.161,3.169,9346.08,2024-06-22 20:33:00
1719088440000,3.17,3.194,3.17,3.18,11929.17,2024-06-22 20:34:00
1719088500000,3.18,3.18,3.171,3.179,2236.63,2024-06-22 20:35:00
1719088560000,3.18,3.183,3.165,3.166,21716.26,2024-06-22 20:36:00
1719088620000,3.172,3.18,3.163,3.165,12806.93,2024-06-22 20:37:00
1719088680000,3.166,3.191,3.166,3.186,14281.59,2024-06-22 20:38:00
1719088740000,3.184,3.184,3.162,3.165,10741.97,2024-06-22 20:39:00
1719088800000,3.164,3.179,3.163,3.171,4527.3,2024-06-22 20:40:00
1719088860000,3.171,3.175,3.163,3.167,8284.27,2024-06-22 20:41:00
1719088920000,3.168,3.177,3.168,3.17,2924.82,2024-06-22 20:42:00
1719088980000,3.169,3.179,3.168,3.178,2168.62,2024-06-22 20:43:00
1719089040000,3.177,3.177,3.165,3.165,3446.3,2024-06-22 20:44:00
1719089100000,3.167,3.187,3.166,3.182,12790.0,2024-06-22 20:45:00
1719089160000,3.183,3.185,3.179,3.182,2636.14,2024-06-22 20:46:00
1719089220000,3.181,3.193,3.178,3.186,2718.72,2024-06-22 20:47:00
1719089280000,3.186,3.186,3.177,3.185,4358.62,2024-06-22 20:48:00
1719089340000,3.185,3.185,3.183,3.183,308.34,2024-06-22 20:49:00
1719089400000,3.183,3.183,3.178,3.18,2621.66,2024-06-22 20:50:00
1719089460000,3.179,3.189,3.179,3.189,5318.61,2024-06-22 20:51:00
1719089520000,3.188,3.194,3.183,3.194,6620.12,2024-06-22 20:52:00
1719089580000,3.193,3.197,3.188,3.189,5381.66,2024-06-22 20:53:00
1719089640000,3.19,3.194,3.189,3.189,2877.01,2024-06-22 20:54:00
1719089700000,3.189,3.195,3.187,3.193,767.36,2024-06-22 20:55:00
1719089760000,3.193,3.193,3.174,3.179,49047.22,2024-06-22 20:56:00
1719089820000,3.178,3.191,3.178,3.186,3655.58,2024-06-22 20:57:00
1719089880000,3.188,3.188,3.183,3.184,2899.81,2024-06-22 20:58:00
1719089940000,3.183,3.186,3.178,3.178,2400.11,2024-06-22 20:59:00
1719090000000,3.178,3.178,3.172,3.174,3008.25,2024-06-22 21:00:00
1719090060000,3.176,3.177,3.171,3.173,7966.08,2024-06-22 21:01:00
1719090120000,3.173,3.174,3.166,3.173,2962.61,2024-06-22 21:02:00
1719090180000,3.172,3.172,3.144,3.152,69635.33,2024-06-22 21:03:00
1719090240000,3.152,3.187,3.15,3.183,16643.69,2024-06-22 21:04:00
1719090300000,3.181,3.181,3.17,3.175,11567.33,2024-06-22 21:05:00
1719090360000,3.176,3.182,3.17,3.171,7109.22,2024-06-22 21:06:00
1719090420000,3.171,3.18,3.167,3.18,5383.63,2024-06-22 21:07:00
1719090480000,3.181,3.183,3.17,3.183,22019.19,2024-06-22 21:08:00
1719090540000,3.182,3.182,3.172,3.172,4762.91,2024-06-22 21:09:00
1719090600000,3.174,3.184,3.171,3.181,13263.16,2024-06-22 21:10:00
1719090660000,3.183,3.187,3.18,3.185,2195.99,2024-06-22 21:11:00
1719090720000,3.183,3.186,3.174,3.185,13772.15,2024-06-22 21:12:00
1719090780000,3.185,3.185,3.179,3.183,4317.65,2024-06-22 21:13:00
1719090840000,3.183,3.188,3.183,3.187,9938.64,2024-06-22 21:14:00
1719090900000,3.188,3.191,3.186,3.186,5307.94,2024-06-22 21:15:00
1719090960000,3.189,3.197,3.188,3.191,6915.03,2024-06-22 21:16:00
1719091020000,3.192,3.2,3.192,3.197,5946.81,2024-06-22 21:17:00
1719091080000,3.196,3.196,3.191,3.191,5571.24,2024-06-22 21:18:00
1719091140000,3.192,3.2,3.192,3.199,1405.22,2024-06-22 21:19:00
1719091200000,3.199,3.203,3.194,3.201,6275.96,2024-06-22 21:20:00
1719091260000,3.201,3.203,3.183,3.184,12406.65,2024-06-22 21:21:00
1719091320000,3.183,3.186,3.17,3.179,14543.46,2024-06-22 21:22:00
1719091380000,3.179,3.179,3.171,3.171,2826.78,2024-06-22 21:23:00
1719091440000,3.171,3.175,3.169,3.174,1989.41,2024-06-22 21:24:00
1719091500000,3.175,3.177,3.168,3.17,5230.59,2024-06-22 21:25:00
1719091560000,3.171,3.179,3.17,3.173,4304.62,2024-06-22 21:26:00
1719091620000,3.174,3.175,3.154,3.164,43261.44,2024-06-22 21:27:00
1719091680000,3.165,3.181,3.162,3.176,16599.65,2024-06-22 21:28:00
1719091740000,3.175,3.175,3.163,3.163,4581.73,2024-06-22 21:29:00
1719091800000,3.163,3.17,3.158,3.165,6634.82,2024-06-22 21:30:00
1719091860000,3.165,3.165,3.156,3.16,3428.47,2024-06-22 21:31:00
1719091920000,3.16,3.161,3.154,3.156,4423.27,2024-06-22 21:32:00
1719091980000,3.155,3.166,3.148,3.154,13709.89,2024-06-22 21:33:00
1719092040000,3.155,3.163,3.154,3.156,1240.28,2024-06-22 21:34:00
1719092100000,3.155,3.157,3.152,3.157,2625.41,2024-06-22 21:35:00
1719092160000,3.156,3.158,3.152,3.155,6793.32,2024-06-22 21:36:00
1719092220000,3.157,3.16,3.156,3.16,2489.18,2024-06-22 21:37:00
1719092280000,3.159,3.166,3.158,3.166,836.85,2024-06-22 21:38:00
1719092340000,3.169,3.17,3.148,3.149,11846.24,2024-06-22 21:39:00
1719092400000,3.15,3.162,3.15,3.16,5301.97,2024-06-22 21:40:00
1719092460000,3.159,3.159,3.149,3.155,1879.89,2024-06-22 21:41:00
1719092520000,3.154,3.155,3.147,3.149,2057.36,2024-06-22 21:42:00
1719092580000,3.152,3.154,3.151,3.152,1091.08,2024-06-22 21:43:00
1719092640000,3.151,3.152,3.148,3.151,3882.82,2024-06-22 21:44:00
1719092700000,3.153,3.153,3.15,3.153,913.63,2024-06-22 21:45:00
1719092760000,3.152,3.156,3.151,3.156,1842.6,2024-06-22 21:46:00
1719092820000,3.154,3.158,3.153,3.153,1094.02,2024-06-22 21:47:00
1719092880000,3.152,3.154,3.147,3.148,3001.77,2024-06-22 21:48:00
1719092940000,3.148,3.148,3.146,3.148,1594.38,2024-06-22 21:49:00
1719093000000,3.147,3.148,3.146,3.148,1280.27,2024-06-22 21:50:00
1719093060000,3.148,3.149,3.144,3.149,2121.26,2024-06-22 21:51:00
1719093120000,3.149,3.158,3.149,3.157,4367.98,2024-06-22 21:52:00
1719093180000,3.158,3.167,3.156,3.16,5305.88,2024-06-22 21:53:00
1719093240000,3.16,3.161,3.158,3.159,923.35,2024-06-22 21:54:00
1719093300000,3.158,3.159,3.158,3.158,472.84,2024-06-22 21:55:00
1719093360000,3.158,3.159,3.151,3.154,14254.44,2024-06-22 21:56:00
1719093420000,3.154,3.156,3.154,3.156,609.14,2024-06-22 21:57:00
1719093480000,3.156,3.157,3.154,3.156,977.27,2024-06-22 21:58:00
1719093540000,3.155,3.181,3.154,3.179,30243.3,2024-06-22 21:59:00
1719093600000,3.178,3.181,3.147,3.153,24928.87,2024-06-22 22:00:00
1719093660000,3.154,3.156,3.152,3.152,3192.09,2024-06-22 22:01:00
1719093720000,3.153,3.153,3.147,3.147,2488.91,2024-06-22 22:02:00
1719093780000,3.148,3.152,3.139,3.144,8067.6,2024-06-22 22:03:00
1719093840000,3.142,3.145,3.133,3.143,21242.31,2024-06-22 22:04:00
1719093900000,3.142,3.142,3.121,3.127,44323.67,2024-06-22 22:05:00
1719093960000,3.125,3.137,3.112,3.125,32101.0,2024-06-22 22:06:00
1719094020000,3.124,3.129,3.113,3.116,10152.41,2024-06-22 22:07:00
1719094080000,3.116,3.124,3.107,3.113,20378.19,2024-06-22 22:08:00
1719094140000,3.113,3.119,3.102,3.119,14151.04,2024-06-22 22:09:00
1719094200000,3.119,3.127,3.114,3.124,6561.53,2024-06-22 22:10:00
1719094260000,3.126,3.128,3.125,3.125,1150.52,2024-06-22 22:11:00
1719094320000,3.128,3.129,3.12,3.122,3744.29,2024-06-22 22:12:00
1719094380000,3.121,3.124,3.119,3.12,4194.7,2024-06-22 22:13:00
1719094440000,3.121,3.121,3.116,3.117,3390.15,2024-06-22 22:14:00
1719094500000,3.118,3.118,3.11,3.116,6476.39,2024-06-22 22:15:00
1719094560000,3.118,3.119,3.111,3.111,4815.34,2024-06-22 22:16:00
1719094620000,3.11,3.113,3.092,3.096,41074.01,2024-06-22 22:17:00
1719094680000,3.097,3.106,3.097,3.106,9736.78,2024-06-22 22:18:00
1719094740000,3.106,3.11,3.105,3.11,4298.24,2024-06-22 22:19:00
1719094800000,3.111,3.124,3.109,3.122,5112.66,2024-06-22 22:20:00
1719094860000,3.119,3.119,3.111,3.112,1261.52,2024-06-22 22:21:00
1719094920000,3.113,3.113,3.111,3.113,2110.02,2024-06-22 22:22:00
1719094980000,3.114,3.114,3.097,3.097,6820.87,2024-06-22 22:23:00
1719095040000,3.098,3.104,3.089,3.098,111671.92,2024-06-22 22:24:00
1719095100000,3.098,3.122,3.098,3.115,33181.83,2024-06-22 22:25:00
1719095160000,3.115,3.117,3.111,3.116,2015.42,2024-06-22 22:26:00
1719095220000,3.117,3.117,3.092,3.095,31920.55,2024-06-22 22:27:00
1719095280000,3.095,3.116,3.094,3.113,10242.94,2024-06-22 22:28:00
1719095340000,3.114,3.116,3.103,3.104,3010.92,2024-06-22 22:29:00
1719095400000,3.104,3.115,3.104,3.114,4128.38,2024-06-22 22:30:00
1719095460000,3.113,3.113,3.108,3.11,4953.1,2024-06-22 22:31:00
1719095520000,3.111,3.111,3.103,3.107,9236.35,2024-06-22 22:32:00
1719095580000,3.107,3.112,3.107,3.11,3156.56,2024-06-22 22:33:00
1719095640000,3.111,3.111,3.094,3.094,6512.0,2024-06-22 22:34:00
1719095700000,3.096,3.099,3.087,3.095,14882.12,2024-06-22 22:35:00
1719095760000,3.094,3.096,3.069,3.096,41125.06,2024-06-22 22:36:00
1719095820000,3.095,3.1,3.091,3.097,2987.64,2024-06-22 22:37:00
1719095880000,3.098,3.098,3.086,3.087,6727.9,2024-06-22 22:38:00
1719095940000,3.086,3.099,3.084,3.094,18269.14,2024-06-22 22:39:00
1719096000000,3.096,3.096,3.088,3.092,4978.24,2024-06-22 22:40:00
1719096060000,3.092,3.092,3.088,3.09,7092.54,2024-06-22 22:41:00
1719096120000,3.09,3.094,3.088,3.093,3788.29,2024-06-22 22:42:00
1719096180000,3.093,3.093,3.089,3.091,3279.05,2024-06-22 22:43:00
1719096240000,3.092,3.092,3.089,3.089,656.34,2024-06-22 22:44:00
1719096300000,3.091,3.096,3.091,3.096,2764.15,2024-06-22 22:45:00
1719096360000,3.096,3.099,3.092,3.093,2963.51,2024-06-22 22:46:00
1719096420000,3.094,3.094,3.085,3.087,2877.76,2024-06-22 22:47:00
1719096480000,3.086,3.091,3.085,3.091,4558.98,2024-06-22 22:48:00
1719096540000,3.092,3.092,3.084,3.087,8066.65,2024-06-22 22:49:00
1719096600000,3.087,3.109,3.087,3.109,6768.94,2024-06-22 22:50:00
1719096660000,3.107,3.11,3.097,3.097,6035.99,2024-06-22 22:51:00
1719096720000,3.096,3.097,3.085,3.087,5041.64,2024-06-22 22:52:00
1719096780000,3.088,3.096,3.087,3.092,6027.98,2024-06-22 22:53:00
1719096840000,3.092,3.098,3.088,3.097,5995.77,2024-06-22 22:54:00
1719096900000,3.098,3.098,3.092,3.094,3738.83,2024-06-22 22:55:00
1719096960000,3.095,3.101,3.092,3.092,3760.0,2024-06-22 22:56:00
1719097020000,3.092,3.093,3.091,3.091,1344.41,2024-06-22 22:57:00
1719097080000,3.093,3.094,3.089,3.09,2558.69,2024-06-22 22:58:00
1719097140000,3.089,3.097,3.089,3.097,3775.8,2024-06-22 22:59:00
1719097200000,3.098,3.107,3.094,3.105,2669.46,2024-06-22 23:00:00
1719097260000,3.106,3.11,3.105,3.105,5097.42,2024-06-22 23:01:00
1719097320000,3.107,3.113,3.106,3.11,6599.3,2024-06-22 23:02:00
1719097380000,3.111,3.116,3.11,3.111,4604.23,2024-06-22 23:03:00
1719097440000,3.111,3.111,3.094,3.096,6832.84,2024-06-22 23:04:00
1719097500000,3.098,3.1,3.096,3.1,4764.63,2024-06-22 23:05:00
1719097560000,3.1,3.1,3.09,3.091,11396.22,2024-06-22 23:06:00
1719097620000,3.091,3.098,3.088,3.096,3018.57,2024-06-22 23:07:00
1719097680000,3.096,3.097,3.086,3.091,14282.71,2024-06-22 23:08:00
1719097740000,3.09,3.09,3.082,3.087,5620.23,2024-06-22 23:09:00
1719097800000,3.086,3.095,3.085,3.092,2041.69,2024-06-22 23:10:00
1719097860000,3.091,3.093,3.087,3.093,3643.76,2024-06-22 23:11:00
1719097920000,3.093,3.095,3.092,3.093,451.35,2024-06-22 23:12:00
1719097980000,3.094,3.1,3.094,3.1,1996.52,2024-06-22 23:13:00
1719098040000,3.101,3.111,3.101,3.105,8430.33,2024-06-22 23:14:00
1719098100000,3.104,3.104,3.094,3.094,3697.22,2024-06-22 23:15:00
1719098160000,3.094,3.102,3.094,3.101,2998.44,2024-06-22 23:16:00
1719098220000,3.101,3.101,3.094,3.094,3573.98,2024-06-22 23:17:00
1719098280000,3.093,3.098,3.093,3.098,3386.76,2024-06-22 23:18:00
1719098340000,3.1,3.102,3.096,3.099,1209.23,2024-06-22 23:19:00
1719098400000,3.1,3.116,3.1,3.111,6302.42,2024-06-22 23:20:00
1719098460000,3.113,3.113,3.102,3.11,8243.25,2024-06-22 23:21:00
1719098520000,3.11,3.111,3.105,3.11,2891.42,2024-06-22 23:22:00
1719098580000,3.109,3.132,3.106,3.122,28436.47,2024-06-22 23:23:00
1719098640000,3.123,3.123,3.114,3.116,2022.64,2024-06-22 23:24:00
1719098700000,3.117,3.121,3.117,3.12,12852.08,2024-06-22 23:25:00
1719098760000,3.12,3.122,3.116,3.117,4225.63,2024-06-22 23:26:00
1719098820000,3.115,3.125,3.114,3.122,4105.7,2024-06-22 23:27:00
1719098880000,3.123,3.123,3.109,3.11,4840.07,2024-06-22 23:28:00
1719098940000,3.111,3.113,3.102,3.113,9648.8,2024-06-22 23:29:00
1719099000000,3.113,3.113,3.106,3.107,5954.32,2024-06-22 23:30:00
1719099060000,3.107,3.107,3.104,3.106,1518.19,2024-06-22 23:31:00
1719099120000,3.105,3.106,3.104,3.104,862.55,2024-06-22 23:32:00
1719099180000,3.105,3.11,3.1,3.1,3558.81,2024-06-22 23:33:00
1719099240000,3.1,3.102,3.09,3.093,1779.97,2024-06-22 23:34:00
1719099300000,3.092,3.097,3.089,3.092,4141.79,2024-06-22 23:35:00
1719099360000,3.092,3.092,3.087,3.089,1998.58,2024-06-22 23:36:00
1719099420000,3.089,3.09,3.084,3.087,2672.83,2024-06-22 23:37:00
1719099480000,3.087,3.094,3.087,3.094,2510.64,2024-06-22 23:38:00
1719099540000,3.094,3.094,3.083,3.084,4095.37,2024-06-22 23:39:00
1719099600000,3.083,3.089,3.083,3.084,5271.24,2024-06-22 23:40:00
1719099660000,3.083,3.09,3.082,3.083,9314.83,2024-06-22 23:41:00
1719099720000,3.085,3.091,3.083,3.09,9615.87,2024-06-22 23:42:00
1719099780000,3.091,3.094,3.084,3.087,6151.79,2024-06-22 23:43:00
1719099840000,3.084,3.087,3.071,3.077,34980.96,2024-06-22 23:44:00
1719099900000,3.077,3.093,3.077,3.087,11592.52,2024-06-22 23:45:00
1719099960000,3.086,3.095,3.085,3.092,7318.43,2024-06-22 23:46:00
1719100020000,3.092,3.098,3.089,3.098,6690.34,2024-06-22 23:47:00
1719100080000,3.097,3.097,3.084,3.086,12856.35,2024-06-22 23:48:00
1719100140000,3.086,3.091,3.085,3.088,5206.84,2024-06-22 23:49:00
1719100200000,3.088,3.088,3.078,3.082,23751.01,2024-06-22 23:50:00
1719100260000,3.081,3.084,3.076,3.077,6671.06,2024-06-22 23:51:00
1719100320000,3.078,3.083,3.073,3.079,7935.19,2024-06-22 23:52:00
1719100380000,3.08,3.081,3.072,3.076,10864.71,2024-06-22 23:53:00
1719100440000,3.074,3.086,3.073,3.082,8596.78,2024-06-22 23:54:00
1719100500000,3.084,3.085,3.081,3.083,4890.24,2024-06-22 23:55:00
1719100560000,3.083,3.085,3.081,3.081,4708.15,2024-06-22 23:56:00
1719100620000,3.083,3.09,3.081,3.087,6877.11,2024-06-22 23:57:00
1719100680000,3.088,3.089,3.082,3.083,2527.66,2024-06-22 23:58:00
1719100740000,3.083,3.088,3.08,3.088,6195.1,2024-06-22 23:59:00
1719100800000,3.089,3.089,3.055,3.063,62639.3,2024-06-23 00:00:00
1719100860000,3.064,3.07,3.052,3.056,16861.28,2024-06-23 00:01:00
1719100920000,3.056,3.068,3.056,3.065,9617.41,2024-06-23 00:02:00
1719100980000,3.065,3.073,3.065,3.073,3536.12,2024-06-23 00:03:00
1719101040000,3.073,3.08,3.073,3.08,2673.29,2024-06-23 00:04:00
1719101100000,3.079,3.083,3.079,3.082,4285.73,2024-06-23 00:05:00
1719101160000,3.082,3.102,3.082,3.099,17344.3,2024-06-23 00:06:00
1719101220000,3.1,3.101,3.091,3.091,6863.4,2024-06-23 00:07:00
1719101280000,3.09,3.09,3.081,3.087,2365.9,2024-06-23 00:08:00
1719101340000,3.088,3.094,3.082,3.094,6744.28,2024-06-23 00:09:00
1719101400000,3.094,3.094,3.088,3.094,1599.45,2024-06-23 00:10:00
1719101460000,3.092,3.092,3.081,3.088,2433.57,2024-06-23 00:11:00
1719101520000,3.088,3.088,3.079,3.084,3564.2,2024-06-23 00:12:00
1719101580000,3.085,3.085,3.066,3.073,7814.07,2024-06-23 00:13:00
1719101640000,3.072,3.078,3.069,3.078,3114.39,2024-06-23 00:14:00
1719101700000,3.076,3.081,3.075,3.079,1256.84,2024-06-23 00:15:00
1719101760000,3.077,3.087,3.076,3.085,3877.59,2024-06-23 00:16:00
1719101820000,3.085,3.11,3.085,3.104,22778.22,2024-06-23 00:17:00
1719101880000,3.103,3.105,3.099,3.102,3533.07,2024-06-23 00:18:00
1719101940000,3.1,3.102,3.092,3.095,4179.6,2024-06-23 00:19:00
1719102000000,3.097,3.098,3.084,3.098,10654.27,2024-06-23 00:20:00
1719102060000,3.096,3.096,3.086,3.09,1636.81,2024-06-23 00:21:00
1719102120000,3.09,3.092,3.084,3.09,4033.32,2024-06-23 00:22:00
1719102180000,3.089,3.098,3.086,3.097,10184.89,2024-06-23 00:23:00
1719102240000,3.098,3.111,3.093,3.11,5781.5,2024-06-23 00:24:00
1719102300000,3.111,3.114,3.101,3.104,8456.74,2024-06-23 00:25:00
1719102360000,3.104,3.104,3.096,3.098,4169.45,2024-06-23 00:26:00
1719102420000,3.101,3.11,3.096,3.108,8602.02,2024-06-23 00:27:00
1719102480000,3.108,3.108,3.099,3.103,3557.33,2024-06-23 00:28:00
1719102540000,3.103,3.103,3.094,3.096,3869.63,2024-06-23 00:29:00
1719102600000,3.094,3.096,3.088,3.095,6981.97,2024-06-23 00:30:00
1719102660000,3.093,3.109,3.091,3.101,19347.97,2024-06-23 00:31:00
1719102720000,3.104,3.122,3.104,3.12,16129.37,2024-06-23 00:32:00
1719102780000,3.123,3.125,3.117,3.119,6027.06,2024-06-23 00:33:00
1719102840000,3.121,3.13,3.115,3.13,7223.18,2024-06-23 00:34:00
1719102900000,3.13,3.13,3.12,3.126,6875.03,2024-06-23 00:35:00
1719102960000,3.125,3.125,3.114,3.114,6129.34,2024-06-23 00:36:00
1719103020000,3.114,3.122,3.109,3.122,6546.45,2024-06-23 00:37:00
1719103080000,3.12,3.12,3.112,3.112,1918.09,2024-06-23 00:38:00
1719103140000,3.112,3.112,3.106,3.111,6299.86,2024-06-23 00:39:00
1719103200000,3.11,3.125,3.105,3.124,8166.33,2024-06-23 00:40:00
1719103260000,3.123,3.123,3.111,3.117,4391.3,2024-06-23 00:41:00
1719103320000,3.117,3.117,3.109,3.112,5189.59,2024-06-23 00:42:00
1719103380000,3.11,3.116,3.106,3.115,4461.22,2024-06-23 00:43:00
1719103440000,3.115,3.115,3.107,3.112,4358.85,2024-06-23 00:44:00
1719103500000,3.11,3.11,3.083,3.092,28745.15,2024-06-23 00:45:00
1719103560000,3.093,3.099,3.093,3.096,5315.33,2024-06-23 00:46:00
1719103620000,3.097,3.099,3.09,3.099,6762.94,2024-06-23 00:47:00
1719103680000,3.097,3.097,3.091,3.097,2212.22,2024-06-23 00:48:00
1719103740000,3.097,3.101,3.093,3.1,2143.17,2024-06-23 00:49:00
1719103800000,3.1,3.1,3.093,3.093,1259.93,2024-06-23 00:50:00
1719103860000,3.092,3.094,3.091,3.094,2633.42,2024-06-23 00:51:00
1719103920000,3.093,3.093,3.09,3.091,1123.69,2024-06-23 00:52:00
1719103980000,3.09,3.095,3.089,3.091,2709.02,2024-06-23 00:53:00
1719104040000,3.093,3.093,3.077,3.086,12528.01,2024-06-23 00:54:00
1719104100000,3.086,3.086,3.073,3.077,11816.15,2024-06-23 00:55:00
1719104160000,3.078,3.081,3.076,3.076,5744.67,2024-06-23 00:56:00
1719104220000,3.077,3.081,3.07,3.071,10192.81,2024-06-23 00:57:00
1719104280000,3.07,3.072,3.058,3.069,24058.71,2024-06-23 00:58:00
1719104340000,3.07,3.077,3.07,3.075,5562.19,2024-06-23 00:59:00
1719104400000,3.074,3.078,3.058,3.061,7618.23,2024-06-23 01:00:00
1719104460000,3.063,3.079,3.063,3.079,15975.12,2024-06-23 01:01:00
1719104520000,3.079,3.081,3.076,3.078,32928.61,2024-06-23 01:02:00
1719104580000,3.078,3.079,3.067,3.072,10435.69,2024-06-23 01:03:00
1719104640000,3.07,3.081,3.07,3.081,10726.36,2024-06-23 01:04:00
1719104700000,3.081,3.081,3.076,3.077,10579.18,2024-06-23 01:05:00
1719104760000,3.078,3.081,3.076,3.08,3923.43,2024-06-23 01:06:00
1719104820000,3.079,3.081,3.076,3.079,7375.79,2024-06-23 01:07:00
1719104880000,3.079,3.081,3.076,3.081,13476.48,2024-06-23 01:08:00
1719104940000,3.081,3.088,3.08,3.087,27222.31,2024-06-23 01:09:00
1719105000000,3.089,3.101,3.086,3.089,22612.63,2024-06-23 01:10:00
1719105060000,3.09,3.099,3.086,3.095,9420.78,2024-06-23 01:11:00
1719105120000,3.094,3.103,3.094,3.097,6045.21,2024-06-23 01:12:00
1719105180000,3.096,3.096,3.089,3.089,2541.81,2024-06-23 01:13:00
1719105240000,3.089,3.099,3.087,3.098,3564.02,2024-06-23 01:14:00
1719105300000,3.098,3.098,3.086,3.086,3896.96,2024-06-23 01:15:00
1719105360000,3.088,3.093,3.088,3.092,1707.09,2024-06-23 01:16:00
1719105420000,3.092,3.106,3.091,3.106,8225.32,2024-06-23 01:17:00
1719105480000,3.106,3.112,3.105,3.111,3944.68,2024-06-23 01:18:00
1719105540000,3.111,3.118,3.111,3.116,24338.91,2024-06-23 01:19:00
1719105600000,3.115,3.116,3.109,3.111,4138.26,2024-06-23 01:20:00
1719105660000,3.113,3.119,3.11,3.115,5555.17,2024-06-23 01:21:00
1719105720000,3.116,3.125,3.116,3.121,7368.96,2024-06-23 01:22:00
1719105780000,3.122,3.124,3.118,3.121,3997.33,2024-06-23 01:23:00
1719105840000,3.12,3.12,3.113,3.114,4402.29,2024-06-23 01:24:00
1719105900000,3.114,3.117,3.11,3.117,8731.59,2024-06-23 01:25:00
1719105960000,3.119,3.128,3.117,3.125,10335.01,2024-06-23 01:26:00
1719106020000,3.127,3.137,3.127,3.133,12835.47,2024-06-23 01:27:00
1719106080000,3.133,3.143,3.131,3.131,36168.08,2024-06-23 01:28:00
1719106140000,3.13,3.142,3.128,3.139,12649.29,2024-06-23 01:29:00
1719106200000,3.139,3.139,3.122,3.127,8898.37,2024-06-23 01:30:00
1719106260000,3.127,3.128,3.124,3.126,2087.7,2024-06-23 01:31:00
1719106320000,3.127,3.133,3.127,3.133,4929.41,2024-06-23 01:32:00
1719106380000,3.134,3.139,3.131,3.139,7254.08,2024-06-23 01:33:00
1719106440000,3.14,3.186,3.14,3.171,178513.99,2024-06-23 01:34:00
1719106500000,3.172,3.183,3.16,3.178,27901.02,2024-06-23 01:35:00
1719106560000,3.177,3.198,3.173,3.192,30662.83,2024-06-23 01:36:00
1719106620000,3.192,3.24,3.179,3.213,124551.03,2024-06-23 01:37:00
1719106680000,3.214,3.236,3.206,3.232,49062.97,2024-06-23 01:38:00
1719106740000,3.232,3.237,3.219,3.234,21293.16,2024-06-23 01:39:00
1719106800000,3.235,3.24,3.221,3.227,18578.33,2024-06-23 01:40:00
1719106860000,3.228,3.234,3.223,3.227,20974.32,2024-06-23 01:41:00
1719106920000,3.227,3.227,3.214,3.219,21021.76,2024-06-23 01:42:00
1719106980000,3.22,3.233,3.21,3.233,19473.13,2024-06-23 01:43:00
1719107040000,3.232,3.238,3.23,3.232,16379.85,2024-06-23 01:44:00
1719107100000,3.233,3.233,3.211,3.217,9143.18,2024-06-23 01:45:00
1719107160000,3.219,3.238,3.219,3.236,23499.7,2024-06-23 01:46:00
1719107220000,3.237,3.29,3.237,3.268,80695.56,2024-06-23 01:47:00
1719107280000,3.27,3.282,3.266,3.278,23497.54,2024-06-23 01:48:00
1719107340000,3.278,3.299,3.276,3.279,34648.77,2024-06-23 01:49:00
1719107400000,3.28,3.286,3.274,3.275,19353.44,2024-06-23 01:50:00
1719107460000,3.274,3.283,3.262,3.269,26220.3,2024-06-23 01:51:00
1719107520000,3.271,3.271,3.251,3.255,16123.58,2024-06-23 01:52:00
1719107580000,3.255,3.261,3.249,3.26,8887.81,2024-06-23 01:53:00
1719107640000,3.263,3.271,3.258,3.265,23741.9,2024-06-23 01:54:00
1719107700000,3.265,3.265,3.247,3.258,9006.92,2024-06-23 01:55:00
1719107760000,3.258,3.258,3.236,3.244,13968.19,2024-06-23 01:56:00
1719107820000,3.245,3.271,3.242,3.271,17239.84,2024-06-23 01:57:00
1719107880000,3.271,3.271,3.211,3.221,64636.45,2024-06-23 01:58:00
1719107940000,3.222,3.227,3.194,3.212,31334.72,2024-06-23 01:59:00
1719108000000,3.213,3.218,3.195,3.214,14488.87,2024-06-23 02:00:00
1719108060000,3.212,3.223,3.203,3.221,15598.8,2024-06-23 02:01:00
1719108120000,3.223,3.224,3.205,3.216,15198.38,2024-06-23 02:02:00
1719108180000,3.214,3.225,3.213,3.217,12736.26,2024-06-23 02:03:00
1719108240000,3.217,3.229,3.214,3.228,13579.48,2024-06-23 02:04:00
1719108300000,3.228,3.228,3.22,3.225,12906.81,2024-06-23 02:05:00
1719108360000,3.226,3.23,3.22,3.22,7775.83,2024-06-23 02:06:00
1719108420000,3.221,3.233,3.22,3.225,27916.45,2024-06-23 02:07:00
1719108480000,3.227,3.233,3.218,3.22,19266.71,2024-06-23 02:08:00
1719108540000,3.219,3.22,3.207,3.21,10801.71,2024-06-23 02:09:00
1719108600000,3.212,3.215,3.195,3.2,7975.96,2024-06-23 02:10:00
1719108660000,3.201,3.213,3.196,3.212,5432.52,2024-06-23 02:11:00
1719108720000,3.213,3.213,3.201,3.206,6418.28,2024-06-23 02:12:00
1719108780000,3.206,3.213,3.204,3.213,6246.62,2024-06-23 02:13:00
1719108840000,3.212,3.213,3.207,3.207,5084.18,2024-06-23 02:14:00
1719108900000,3.206,3.22,3.206,3.219,7296.47,2024-06-23 02:15:00
1719108960000,3.219,3.22,3.211,3.212,13058.66,2024-06-23 02:16:00
1719109020000,3.212,3.214,3.209,3.21,1996.25,2024-06-23 02:17:00
1719109080000,3.209,3.209,3.198,3.199,3352.14,2024-06-23 02:18:00
1719109140000,3.198,3.204,3.194,3.204,9367.39,2024-06-23 02:19:00
1719109200000,3.204,3.204,3.199,3.199,2943.6,2024-06-23 02:20:00
1719109260000,3.198,3.198,3.189,3.194,17197.34,2024-06-23 02:21:00
1719109320000,3.194,3.21,3.189,3.208,8754.51,2024-06-23 02:22:00
1719109380000,3.209,3.214,3.204,3.213,12673.93,2024-06-23 02:23:00
1719109440000,3.214,3.217,3.208,3.217,4707.53,2024-06-23 02:24:00
1719109500000,3.218,3.22,3.211,3.211,7629.14,2024-06-23 02:25:00
1719109560000,3.211,3.211,3.205,3.207,1033.03,2024-06-23 02:26:00
1719109620000,3.207,3.212,3.201,3.212,3485.59,2024-06-23 02:27:00
1719109680000,3.211,3.212,3.204,3.206,1831.2,2024-06-23 02:28:00
1719109740000,3.205,3.205,3.187,3.191,11859.76,2024-06-23 02:29:00
1719109800000,3.191,3.196,3.176,3.182,19793.13,2024-06-23 02:30:00
1719109860000,3.181,3.189,3.181,3.184,2536.98,2024-06-23 02:31:00
1719109920000,3.184,3.19,3.182,3.182,5097.12,2024-06-23 02:32:00
1719109980000,3.182,3.184,3.155,3.159,29278.23,2024-06-23 02:33:00
1719110040000,3.159,3.159,3.138,3.152,24605.39,2024-06-23 02:34:00
1719110100000,3.152,3.152,3.126,3.147,40500.18,2024-06-23 02:35:00
1719110160000,3.146,3.156,3.14,3.146,15151.67,2024-06-23 02:36:00
1719110220000,3.147,3.15,3.139,3.143,11071.74,2024-06-23 02:37:00
1719110280000,3.142,3.155,3.142,3.153,8161.78,2024-06-23 02:38:00
1719110340000,3.153,3.154,3.146,3.154,3005.93,2024-06-23 02:39:00
1719110400000,3.152,3.154,3.149,3.151,2858.23,2024-06-23 02:40:00
1719110460000,3.149,3.153,3.148,3.15,3204.44,2024-06-23 02:41:00
1719110520000,3.148,3.148,3.13,3.144,22331.24,2024-06-23 02:42:00
1719110580000,3.144,3.144,3.126,3.129,14343.5,2024-06-23 02:43:00
1719110640000,3.128,3.136,3.125,3.131,14541.57,2024-06-23 02:44:00
1719110700000,3.131,3.133,3.124,3.132,9247.03,2024-06-23 02:45:00
1719110760000,3.132,3.14,3.132,3.139,11529.73,2024-06-23 02:46:00
1719110820000,3.139,3.155,3.136,3.15,9672.77,2024-06-23 02:47:00
1719110880000,3.151,3.154,3.14,3.153,9513.01,2024-06-23 02:48:00
1719110940000,3.153,3.155,3.145,3.153,8318.81,2024-06-23 02:49:00
1719111000000,3.155,3.161,3.153,3.157,13934.44,2024-06-23 02:50:00
1719111060000,3.159,3.16,3.149,3.15,9278.67,2024-06-23 02:51:00
1719111120000,3.15,3.152,3.136,3.147,7393.08,2024-06-23 02:52:00
1719111180000,3.148,3.159,3.148,3.154,9827.06,2024-06-23 02:53:00
1719111240000,3.152,3.156,3.149,3.156,7438.17,2024-06-23 02:54:00
1719111300000,3.155,3.155,3.139,3.146,19092.25,2024-06-23 02:55:00
1719111360000,3.145,3.153,3.108,3.114,75953.52,2024-06-23 02:56:00
1719111420000,3.117,3.121,3.097,3.107,82656.26,2024-06-23 02:57:00
1719111480000,3.107,3.129,3.107,3.125,9733.09,2024-06-23 02:58:00
1719111540000,3.124,3.126,3.117,3.117,9151.88,2024-06-23 02:59:00
1719111600000,3.117,3.121,3.102,3.105,16360.26,2024-06-23 03:00:00
1719111660000,3.105,3.116,3.105,3.111,9362.48,2024-06-23 03:01:00
1719111720000,3.111,3.132,3.109,3.13,8663.88,2024-06-23 03:02:00
1719111780000,3.132,3.137,3.122,3.123,12451.18,2024-06-23 03:03:00
1719111840000,3.123,3.129,3.123,3.129,3140.42,2024-06-23 03:04:00
1719111900000,3.129,3.137,3.127,3.137,6476.51,2024-06-23 03:05:00
1719111960000,3.136,3.146,3.134,3.14,10193.73,2024-06-23 03:06:00
1719112020000,3.14,3.14,3.122,3.134,15091.44,2024-06-23 03:07:00
1719112080000,3.135,3.142,3.135,3.141,1826.41,2024-06-23 03:08:00
1719112140000,3.142,3.145,3.136,3.137,5018.54,2024-06-23 03:09:00
1719112200000,3.137,3.137,3.128,3.131,17089.18,2024-06-23 03:10:00
1719112260000,3.132,3.14,3.128,3.14,4451.52,2024-06-23 03:11:00
1719112320000,3.141,3.141,3.126,3.135,6018.91,2024-06-23 03:12:00
1719112380000,3.135,3.135,3.125,3.13,30460.88,2024-06-23 03:13:00
1719112440000,3.129,3.133,3.124,3.131,6306.0,2024-06-23 03:14:00
1719112500000,3.127,3.128,3.112,3.114,45131.02,2024-06-23 03:15:00
1719112560000,3.116,3.125,3.115,3.124,12100.1,2024-06-23 03:16:00
1719112620000,3.124,3.124,3.117,3.123,8612.85,2024-06-23 03:17:00
1719112680000,3.124,3.13,3.123,3.129,2826.46,2024-06-23 03:18:00
1719112740000,3.129,3.135,3.129,3.135,505.52,2024-06-23 03:19:00
1719112800000,3.135,3.145,3.135,3.144,6202.74,2024-06-23 03:20:00
1719112860000,3.144,3.148,3.141,3.144,2487.68,2024-06-23 03:21:00
1719112920000,3.143,3.148,3.139,3.148,3375.96,2024-06-23 03:22:00
1719112980000,3.147,3.147,3.134,3.134,6188.01,2024-06-23 03:23:00
1719113040000,3.135,3.138,3.134,3.138,4108.55,2024-06-23 03:24:00
1719113100000,3.138,3.139,3.13,3.131,8629.77,2024-06-23 03:25:00
1719113160000,3.13,3.139,3.128,3.138,9357.43,2024-06-23 03:26:00
1719113220000,3.137,3.137,3.131,3.132,1267.59,2024-06-23 03:27:00
1719113280000,3.135,3.136,3.125,3.132,13026.52,2024-06-23 03:28:00
1719113340000,3.132,3.132,3.122,3.122,8671.4,2024-06-23 03:29:00
1719113400000,3.122,3.132,3.122,3.132,9978.14,2024-06-23 03:30:00
1719113460000,3.13,3.138,3.126,3.137,6584.68,2024-06-23 03:31:00
1719113520000,3.138,3.138,3.134,3.135,2834.52,2024-06-23 03:32:00
1719113580000,3.135,3.135,3.131,3.133,3284.3,2024-06-23 03:33:00
1719113640000,3.134,3.138,3.131,3.134,5265.01,2024-06-23 03:34:00
1719113700000,3.133,3.133,3.108,3.117,43532.15,2024-06-23 03:35:00
1719113760000,3.115,3.123,3.111,3.118,7032.47,2024-06-23 03:36:00
1719113820000,3.117,3.122,3.116,3.12,2653.23,2024-06-23 03:37:00
1719113880000,3.12,3.12,3.118,3.12,2647.13,2024-06-23 03:38:00
1719113940000,3.12,3.12,3.114,3.116,6336.4,2024-06-23 03:39:00
1719114000000,3.115,3.115,3.093,3.104,35957.37,2024-06-23 03:40:00
1719114060000,3.104,3.115,3.104,3.115,3363.85,2024-06-23 03:41:00
1719114120000,3.115,3.119,3.107,3.113,6762.23,2024-06-23 03:42:00
1719114180000,3.112,3.118,3.111,3.114,5151.69,2024-06-23 03:43:00
1719114240000,3.112,3.115,3.104,3.109,12814.68,2024-06-23 03:44:00
1719114300000,3.108,3.116,3.108,3.114,5375.7,2024-06-23 03:45:00
1719114360000,3.116,3.116,3.115,3.116,2385.96,2024-06-23 03:46:00
1719114420000,3.115,3.121,3.11,3.12,5144.36,2024-06-23 03:47:00
1719114480000,3.12,3.121,3.116,3.12,5574.94,2024-06-23 03:48:00
1719114540000,3.118,3.118,3.113,3.116,4644.27,2024-06-23 03:49:00
1719114600000,3.116,3.117,3.093,3.103,29520.46,2024-06-23 03:50:00
1719114660000,3.104,3.129,3.104,3.12,44643.36,2024-06-23 03:51:00
1719114720000,3.119,3.13,3.114,3.129,11220.43,2024-06-23 03:52:00
1719114780000,3.128,3.131,3.121,3.125,5235.85,2024-06-23 03:53:00
1719114840000,3.123,3.134,3.121,3.123,24113.56,2024-06-23 03:54:00
1719114900000,3.123,3.123,3.119,3.122,3888.57,2024-06-23 03:55:00
1719114960000,3.12,3.12,3.109,3.112,10406.96,2024-06-23 03:56:00
1719115020000,3.112,3.112,3.096,3.104,38147.5,2024-06-23 03:57:00
1719115080000,3.105,3.109,3.101,3.107,12794.42,2024-06-23 03:58:00
1719115140000,3.107,3.107,3.102,3.107,4131.81,2024-06-23 03:59:00
1719115200000,3.108,3.11,3.099,3.101,9480.37,2024-06-23 04:00:00
1719115260000,3.101,3.117,3.101,3.113,4726.72,2024-06-23 04:01:00
1719115320000,3.113,3.113,3.109,3.111,1398.7,2024-06-23 04:02:00
1719115380000,3.112,3.112,3.102,3.104,2720.12,2024-06-23 04:03:00
1719115440000,3.104,3.105,3.099,3.101,3278.23,2024-06-23 04:04:00
1719115500000,3.101,3.123,3.096,3.114,50086.46,2024-06-23 04:05:00
1719115560000,3.113,3.113,3.107,3.111,4559.95,2024-06-23 04:06:00
1719115620000,3.112,3.112,3.103,3.105,4400.84,2024-06-23 04:07:00
1719115680000,3.104,3.113,3.103,3.109,7893.63,2024-06-23 04:08:00
1719115740000,3.109,3.109,3.1,3.101,7808.73,2024-06-23 04:09:00
1719115800000,3.101,3.102,3.092,3.097,19718.65,2024-06-23 04:10:00
1719115860000,3.099,3.1,3.085,3.09,26834.92,2024-06-23 04:11:00
1719115920000,3.091,3.103,3.091,3.1,6385.86,2024-06-23 04:12:00
1719115980000,3.1,3.1,3.094,3.096,3925.33,2024-06-23 04:13:00
1719116040000,3.097,3.104,3.097,3.104,2312.69,2024-06-23 04:14:00
1719116100000,3.102,3.102,3.099,3.102,2256.6,2024-06-23 04:15:00
1719116160000,3.1,3.103,3.09,3.09,8996.73,2024-06-23 04:16:00
1719116220000,3.092,3.1,3.091,3.097,4146.6,2024-06-23 04:17:00
1719116280000,3.098,3.105,3.095,3.102,5463.27,2024-06-23 04:18:00
1719116340000,3.102,3.107,3.1,3.104,6306.77,2024-06-23 04:19:00
1719116400000,3.103,3.103,3.098,3.101,770.88,2024-06-23 04:20:00
1719116460000,3.101,3.106,3.096,3.097,11550.64,2024-06-23 04:21:00
1719116520000,3.097,3.1,3.095,3.099,2367.77,2024-06-23 04:22:00
1719116580000,3.099,3.11,3.099,3.106,7661.84,2024-06-23 04:23:00
1719116640000,3.106,3.111,3.105,3.109,4791.74,2024-06-23 04:24:00
1719116700000,3.109,3.113,3.103,3.109,4536.97,2024-06-23 04:25:00
1719116760000,3.108,3.112,3.108,3.111,2625.84,2024-06-23 04:26:00
1719116820000,3.111,3.113,3.11,3.113,1279.5,2024-06-23 04:27:00
1719116880000,3.111,3.114,3.109,3.114,5069.31,2024-06-23 04:28:00
1719116940000,3.111,3.119,3.11,3.116,6807.56,2024-06-23 04:29:00
1719117000000,3.117,3.118,3.111,3.113,5139.05,2024-06-23 04:30:00
1719117060000,3.113,3.12,3.113,3.12,7768.11,2024-06-23 04:31:00
1719117120000,3.12,3.122,3.118,3.121,9393.18,2024-06-23 04:32:00
1719117180000,3.121,3.139,3.119,3.125,26966.73,2024-06-23 04:33:00
1719117240000,3.125,3.128,3.121,3.126,3595.83,2024-06-23 04:34:00
1719117300000,3.125,3.135,3.123,3.135,5631.7,2024-06-23 04:35:00
1719117360000,3.136,3.139,3.127,3.129,7699.09,2024-06-23 04:36:00
1719117420000,3.129,3.133,3.125,3.133,3489.71,2024-06-23 04:37:00
1719117480000,3.134,3.136,3.13,3.136,3641.47,2024-06-23 04:38:00
1719117540000,3.136,3.138,3.127,3.127,4956.87,2024-06-23 04:39:00
1719117600000,3.127,3.127,3.122,3.125,3959.43,2024-06-23 04:40:00
1719117660000,3.125,3.13,3.121,3.128,8744.32,2024-06-23 04:41:00
1719117720000,3.128,3.134,3.125,3.131,7963.59,2024-06-23 04:42:00
1719117780000,3.13,3.14,3.129,3.14,3843.94,2024-06-23 04:43:00
1719117840000,3.138,3.146,3.136,3.141,16346.87,2024-06-23 04:44:00
1719117900000,3.137,3.141,3.13,3.136,5602.45,2024-06-23 04:45:00
1719117960000,3.138,3.138,3.136,3.137,2089.11,2024-06-23 04:46:00
1719118020000,3.138,3.14,3.136,3.138,3477.98,2024-06-23 04:47:00
1719118080000,3.138,3.138,3.134,3.135,6898.27,2024-06-23 04:48:00
1719118140000,3.135,3.135,3.107,3.114,12618.32,2024-06-23 04:49:00
1719118200000,3.116,3.123,3.11,3.111,7973.14,2024-06-23 04:50:00
1719118260000,3.111,3.114,3.105,3.113,5212.27,2024-06-23 04:51:00
1719118320000,3.116,3.117,3.112,3.115,3672.06,2024-06-23 04:52:00
1719118380000,3.116,3.118,3.115,3.117,2234.13,2024-06-23 04:53:00
1719118440000,3.115,3.115,3.11,3.111,6188.72,2024-06-23 04:54:00
1719118500000,3.111,3.115,3.11,3.114,1854.43,2024-06-23 04:55:00
1719118560000,3.113,3.121,3.112,3.12,1997.26,2024-06-23 04:56:00
1719118620000,3.119,3.12,3.116,3.119,1751.6,2024-06-23 04:57:00
1719118680000,3.12,3.128,3.12,3.128,2952.72,2024-06-23 04:58:00
1719118740000,3.125,3.125,3.121,3.121,3764.99,2024-06-23 04:59:00
1719118800000,3.121,3.131,3.121,3.13,4015.52,2024-06-23 05:00:00
1719118860000,3.13,3.13,3.124,3.127,1083.0,2024-06-23 05:01:00
1719118920000,3.127,3.127,3.12,3.122,3729.88,2024-06-23 05:02:00
1719118980000,3.12,3.12,3.117,3.119,938.49,2024-06-23 05:03:00
1719119040000,3.119,3.126,3.117,3.123,1980.2,2024-06-23 05:04:00
1719119100000,3.123,3.138,3.116,3.134,16253.56,2024-06-23 05:05:00
1719119160000,3.133,3.135,3.127,3.13,2285.24,2024-06-23 05:06:00
1719119220000,3.129,3.132,3.123,3.131,9477.56,2024-06-23 05:07:00
1719119280000,3.134,3.136,3.131,3.132,5257.57,2024-06-23 05:08:00
1719119340000,3.132,3.142,3.132,3.136,5877.23,2024-06-23 05:09:00
1719119400000,3.135,3.135,3.131,3.135,2151.5,2024-06-23 05:10:00
1719119460000,3.136,3.137,3.13,3.136,8983.99,2024-06-23 05:11:00
1719119520000,3.137,3.143,3.137,3.139,3438.35,2024-06-23 05:12:00
1719119580000,3.139,3.144,3.134,3.136,10277.14,2024-06-23 05:13:00
1719119640000,3.135,3.135,3.13,3.132,2144.22,2024-06-23 05:14:00
1719119700000,3.132,3.133,3.125,3.129,9191.08,2024-06-23 05:15:00
1719119760000,3.124,3.125,3.109,3.117,10234.87,2024-06-23 05:16:00
1719119820000,3.119,3.12,3.112,3.114,3806.18,2024-06-23 05:17:00
1719119880000,3.114,3.117,3.112,3.114,4708.88,2024-06-23 05:18:00
1719119940000,3.114,3.118,3.113,3.115,7988.24,2024-06-23 05:19:00
1719120000000,3.115,3.117,3.107,3.113,11912.24,2024-06-23 05:20:00
1719120060000,3.113,3.115,3.109,3.113,7636.93,2024-06-23 05:21:00
1719120120000,3.113,3.115,3.111,3.114,4382.62,2024-06-23 05:22:00
1719120180000,3.114,3.114,3.1,3.106,4594.43,2024-06-23 05:23:00
1719120240000,3.105,3.107,3.101,3.103,2872.55,2024-06-23 05:24:00
1719120300000,3.102,3.104,3.1,3.101,8754.55,2024-06-23 05:25:00
1719120360000,3.1,3.121,3.1,3.118,23954.71,2024-06-23 05:26:00
1719120420000,3.118,3.118,3.103,3.105,7672.72,2024-06-23 05:27:00
1719120480000,3.105,3.105,3.092,3.104,19485.57,2024-06-23 05:28:00
1719120540000,3.105,3.106,3.096,3.099,14476.2,2024-06-23 05:29:00
1719120600000,3.099,3.112,3.097,3.102,16510.26,2024-06-23 05:30:00
1719120660000,3.102,3.107,3.098,3.098,6038.45,2024-06-23 05:31:00
1719120720000,3.098,3.103,3.094,3.1,3863.94,2024-06-23 05:32:00
1719120780000,3.099,3.099,3.087,3.089,12836.39,2024-06-23 05:33:00
1719120840000,3.09,3.091,3.084,3.088,8980.75,2024-06-23 05:34:00
1719120900000,3.09,3.096,3.085,3.096,17222.94,2024-06-23 05:35:00
1719120960000,3.096,3.099,3.092,3.093,5330.22,2024-06-23 05:36:00
1719121020000,3.093,3.093,3.086,3.088,8967.64,2024-06-23 05:37:00
1719121080000,3.088,3.099,3.088,3.096,8506.98,2024-06-23 05:38:00
1719121140000,3.097,3.099,3.093,3.093,5393.3,2024-06-23 05:39:00
1719121200000,3.093,3.095,3.086,3.091,5711.53,2024-06-23 05:40:00
1719121260000,3.092,3.092,3.085,3.087,12528.69,2024-06-23 05:41:00
1719121320000,3.089,3.09,3.085,3.088,4072.04,2024-06-23 05:42:00
1719121380000,3.088,3.095,3.087,3.094,5490.41,2024-06-23 05:43:00
1719121440000,3.094,3.095,3.091,3.093,3376.41,2024-06-23 05:44:00
1719121500000,3.093,3.1,3.093,3.097,4279.71,2024-06-23 05:45:00
1719121560000,3.097,3.104,3.097,3.098,12661.94,2024-06-23 05:46:00
1719121620000,3.099,3.104,3.096,3.096,7650.09,2024-06-23 05:47:00
1719121680000,3.099,3.099,3.093,3.094,3677.46,2024-06-23 05:48:00
1719121740000,3.093,3.094,3.08,3.082,11530.35,2024-06-23 05:49:00
1719121800000,3.086,3.096,3.084,3.092,6192.33,2024-06-23 05:50:00
1719121860000,3.093,3.093,3.089,3.091,2946.56,2024-06-23 05:51:00
1719121920000,3.09,3.09,3.086,3.088,2530.58,2024-06-23 05:52:00
1719121980000,3.088,3.096,3.088,3.096,4284.01,2024-06-23 05:53:00
1719122040000,3.097,3.097,3.087,3.092,11845.92,2024-06-23 05:54:00
1719122100000,3.093,3.093,3.089,3.092,2722.98,2024-06-23 05:55:00
1719122160000,3.092,3.092,3.079,3.085,13194.88,2024-06-23 05:56:00
1719122220000,3.085,3.085,3.082,3.084,1701.54,2024-06-23 05:57:00
1719122280000,3.083,3.089,3.083,3.087,2477.59,2024-06-23 05:58:00
1719122340000,3.088,3.095,3.088,3.089,4642.31,2024-06-23 05:59:00
1719122400000,3.091,3.092,3.083,3.086,7061.73,2024-06-23 06:00:00
1719122460000,3.086,3.091,3.086,3.091,7072.74,2024-06-23 06:01:00
1719122520000,3.09,3.095,3.089,3.095,1268.19,2024-06-23 06:02:00
1719122580000,3.096,3.098,3.093,3.094,1912.12,2024-06-23 06:03:00
1719122640000,3.096,3.096,3.09,3.091,972.95,2024-06-23 06:04:00
1719122700000,3.09,3.097,3.088,3.096,4157.44,2024-06-23 06:05:00
1719122760000,3.096,3.096,3.088,3.09,3478.5,2024-06-23 06:06:00
1719122820000,3.09,3.093,3.086,3.089,4802.01,2024-06-23 06:07:00
1719122880000,3.09,3.091,3.089,3.089,784.78,2024-06-23 06:08:00
1719122940000,3.09,3.091,3.089,3.089,677.22,2024-06-23 06:09:00
1719123000000,3.088,3.089,3.086,3.089,3572.31,2024-06-23 06:10:00
1719123060000,3.09,3.093,3.088,3.089,2774.68,2024-06-23 06:11:00
1719123120000,3.089,3.091,3.086,3.088,4460.79,2024-06-23 06:12:00
1719123180000,3.088,3.093,3.088,3.091,1847.34,2024-06-23 06:13:00
1719123240000,3.092,3.095,3.092,3.095,2139.18,2024-06-23 06:14:00
1719123300000,3.095,3.098,3.093,3.098,728.01,2024-06-23 06:15:00
1719123360000,3.098,3.1,3.096,3.099,5542.23,2024-06-23 06:16:00
1719123420000,3.098,3.098,3.087,3.089,4043.22,2024-06-23 06:17:00
1719123480000,3.088,3.091,3.085,3.086,3771.9,2024-06-23 06:18:00
1719123540000,3.09,3.093,3.089,3.092,1773.83,2024-06-23 06:19:00
1719123600000,3.093,3.098,3.093,3.096,643.05,2024-06-23 06:20:00
1719123660000,3.096,3.096,3.09,3.091,1256.49,2024-06-23 06:21:00
1719123720000,3.092,3.1,3.092,3.1,1849.6,2024-06-23 06:22:00
1719123780000,3.098,3.103,3.097,3.102,7808.78,2024-06-23 06:23:00
1719123840000,3.104,3.105,3.102,3.102,1539.92,2024-06-23 06:24:00
1719123900000,3.103,3.107,3.103,3.107,1229.52,2024-06-23 06:25:00
1719123960000,3.106,3.106,3.102,3.105,1733.28,2024-06-23 06:26:00
1719124020000,3.104,3.108,3.101,3.106,6249.03,2024-06-23 06:27:00
1719124080000,3.106,3.106,3.103,3.103,966.29,2024-06-23 06:28:00
1719124140000,3.103,3.106,3.102,3.105,2479.48,2024-06-23 06:29:00
1719124200000,3.106,3.107,3.103,3.106,2544.74,2024-06-23 06:30:00
1719124260000,3.105,3.107,3.1,3.1,2727.03,2024-06-23 06:31:00
1719124320000,3.101,3.108,3.1,3.108,3024.03,2024-06-23 06:32:00
1719124380000,3.107,3.108,3.103,3.103,2026.15,2024-06-23 06:33:00
1719124440000,3.104,3.106,3.101,3.106,2585.59,2024-06-23 06:34:00
1719124500000,3.106,3.108,3.101,3.107,4248.2,2024-06-23 06:35:00
1719124560000,3.107,3.119,3.107,3.117,4653.96,2024-06-23 06:36:00
1719124620000,3.115,3.115,3.107,3.113,3152.19,2024-06-23 06:37:00
1719124680000,3.115,3.118,3.113,3.117,1406.87,2024-06-23 06:38:00
1719124740000,3.118,3.12,3.115,3.119,511.36,2024-06-23 06:39:00
1719124800000,3.12,3.123,3.118,3.12,2546.85,2024-06-23 06:40:00
1719124860000,3.121,3.121,3.114,3.114,1374.03,2024-06-23 06:41:00
1719124920000,3.116,3.117,3.113,3.114,8605.84,2024-06-23 06:42:00
1719124980000,3.114,3.114,3.109,3.109,6909.22,2024-06-23 06:43:00
1719125040000,3.11,3.111,3.105,3.107,8137.98,2024-06-23 06:44:00
1719125100000,3.109,3.112,3.109,3.109,3493.94,2024-06-23 06:45:00
1719125160000,3.108,3.112,3.106,3.108,8751.68,2024-06-23 06:46:00
1719125220000,3.107,3.111,3.105,3.111,1253.36,2024-06-23 06:47:00
1719125280000,3.11,3.113,3.108,3.113,1580.85,2024-06-23 06:48:00
1719125340000,3.113,3.119,3.112,3.119,1740.55,2024-06-23 06:49:00
1719125400000,3.118,3.118,3.117,3.118,119.65,2024-06-23 06:50:00
1719125460000,3.118,3.118,3.113,3.115,1934.2,2024-06-23 06:51:00
1719125520000,3.116,3.118,3.113,3.115,905.1,2024-06-23 06:52:00
1719125580000,3.114,3.114,3.106,3.106,4496.38,2024-06-23 06:53:00
1719125640000,3.105,3.108,3.104,3.108,3106.66,2024-06-23 06:54:00
1719125700000,3.103,3.108,3.1,3.103,8088.35,2024-06-23 06:55:00
1719125760000,3.103,3.106,3.1,3.1,7239.56,2024-06-23 06:56:00
1719125820000,3.1,3.104,3.1,3.103,5776.64,2024-06-23 06:57:00
1719125880000,3.103,3.103,3.1,3.1,2538.69,2024-06-23 06:58:00
1719125940000,3.102,3.103,3.1,3.103,1791.27,2024-06-23 06:59:00
1719126000000,3.104,3.105,3.103,3.103,882.2,2024-06-23 07:00:00
1719126060000,3.103,3.108,3.103,3.108,3505.25,2024-06-23 07:01:00
1719126120000,3.109,3.112,3.106,3.112,2935.68,2024-06-23 07:02:00
1719126180000,3.112,3.114,3.111,3.114,2368.92,2024-06-23 07:03:00
1719126240000,3.114,3.114,3.109,3.111,1253.96,2024-06-23 07:04:00
1719126300000,3.111,3.113,3.11,3.113,957.75,2024-06-23 07:05:00
1719126360000,3.112,3.115,3.112,3.115,1894.0,2024-06-23 07:06:00
1719126420000,3.113,3.114,3.113,3.113,283.6,2024-06-23 07:07:00
1719126480000,3.113,3.115,3.109,3.113,8922.98,2024-06-23 07:08:00
1719126540000,3.114,3.115,3.111,3.115,2940.78,2024-06-23 07:09:00
1719126600000,3.116,3.123,3.115,3.122,3476.68,2024-06-23 07:10:00
1719126660000,3.123,3.123,3.118,3.118,714.21,2024-06-23 07:11:00
1719126720000,3.118,3.121,3.115,3.115,1815.34,2024-06-23 07:12:00
1719126780000,3.115,3.117,3.112,3.116,3270.47,2024-06-23 07:13:00
1719126840000,3.116,3.119,3.116,3.116,806.66,2024-06-23 07:14:00
1719126900000,3.115,3.119,3.115,3.118,2574.59,2024-06-23 07:15:00
1719126960000,3.117,3.118,3.114,3.114,1778.07,2024-06-23 07:16:00
1719127020000,3.113,3.113,3.104,3.109,4249.16,2024-06-23 07:17:00
1719127080000,3.11,3.111,3.107,3.108,5327.29,2024-06-23 07:18:00
1719127140000,3.112,3.112,3.102,3.102,3284.18,2024-06-23 07:19:00
1719127200000,3.101,3.104,3.1,3.103,9092.32,2024-06-23 07:20:00
1719127260000,3.104,3.113,3.104,3.113,2926.21,2024-06-23 07:21:00
1719127320000,3.114,3.121,3.113,3.117,4870.24,2024-06-23 07:22:00
1719127380000,3.115,3.118,3.11,3.116,809.67,2024-06-23 07:23:00
1719127440000,3.116,3.119,3.111,3.113,3514.27,2024-06-23 07:24:00
1719127500000,3.115,3.123,3.115,3.121,4195.46,2024-06-23 07:25:00
1719127560000,3.121,3.122,3.114,3.116,1819.68,2024-06-23 07:26:00
1719127620000,3.116,3.118,3.113,3.113,559.41,2024-06-23 07:27:00
1719127680000,3.116,3.117,3.114,3.114,1137.17,2024-06-23 07:28:00
1719127740000,3.114,3.114,3.11,3.111,1554.9,2024-06-23 07:29:00
1719127800000,3.111,3.111,3.107,3.11,2732.82,2024-06-23 07:30:00
1719127860000,3.108,3.108,3.101,3.104,3035.43,2024-06-23 07:31:00
1719127920000,3.106,3.111,3.102,3.111,3131.92,2024-06-23 07:32:00
1719127980000,3.109,3.109,3.102,3.106,3856.3,2024-06-23 07:33:00
1719128040000,3.108,3.111,3.104,3.106,8320.9,2024-06-23 07:34:00
1719128100000,3.105,3.106,3.1,3.104,3043.39,2024-06-23 07:35:00
1719128160000,3.104,3.104,3.1,3.101,5606.18,2024-06-23 07:36:00
1719128220000,3.101,3.102,3.09,3.093,11527.98,2024-06-23 07:37:00
1719128280000,3.094,3.095,3.089,3.094,2658.8,2024-06-23 07:38:00
1719128340000,3.095,3.098,3.088,3.091,2746.24,2024-06-23 07:39:00
1719128400000,3.09,3.096,3.089,3.096,827.73,2024-06-23 07:40:00
1719128460000,3.098,3.104,3.098,3.104,5758.78,2024-06-23 07:41:00
1719128520000,3.104,3.104,3.097,3.101,3685.78,2024-06-23 07:42:00
1719128580000,3.101,3.105,3.101,3.104,1559.2,2024-06-23 07:43:00
1719128640000,3.105,3.107,3.098,3.098,3106.39,2024-06-23 07:44:00
1719128700000,3.1,3.103,3.099,3.103,1261.64,2024-06-23 07:45:00
1719128760000,3.104,3.106,3.103,3.103,1616.0,2024-06-23 07:46:00
1719128820000,3.105,3.106,3.105,3.106,170.67,2024-06-23 07:47:00
1719128880000,3.107,3.107,3.105,3.106,1079.48,2024-06-23 07:48:00
1719128940000,3.107,3.109,3.106,3.106,2788.83,2024-06-23 07:49:00
1719129000000,3.106,3.106,3.099,3.1,7816.51,2024-06-23 07:50:00
1719129060000,3.1,3.1,3.095,3.098,3101.24,2024-06-23 07:51:00
1719129120000,3.095,3.1,3.095,3.099,1513.96,2024-06-23 07:52:00
1719129180000,3.099,3.1,3.096,3.096,1761.47,2024-06-23 07:53:00
1719129240000,3.095,3.096,3.093,3.095,2314.15,2024-06-23 07:54:00
1719129300000,3.095,3.101,3.094,3.101,1411.97,2024-06-23 07:55:00
1719129360000,3.102,3.103,3.092,3.095,9089.72,2024-06-23 07:56:00
1719129420000,3.096,3.096,3.085,3.091,15627.67,2024-06-23 07:57:00
1719129480000,3.09,3.093,3.084,3.087,45491.63,2024-06-23 07:58:00
1719129540000,3.087,3.091,3.086,3.091,856.96,2024-06-23 07:59:00
1719129600000,3.09,3.09,3.086,3.089,1464.08,2024-06-23 08:00:00
1719129660000,3.091,3.092,3.089,3.089,2322.53,2024-06-23 08:01:00
1719129720000,3.088,3.094,3.088,3.093,1455.39,2024-06-23 08:02:00
1719129780000,3.093,3.095,3.093,3.095,2076.92,2024-06-23 08:03:00
1719129840000,3.095,3.098,3.095,3.097,3389.89,2024-06-23 08:04:00
1719129900000,3.098,3.099,3.098,3.099,370.97,2024-06-23 08:05:00
1719129960000,3.098,3.1,3.096,3.098,1769.7,2024-06-23 08:06:00
1719130020000,3.101,3.103,3.101,3.101,1799.85,2024-06-23 08:07:00
1719130080000,3.102,3.106,3.102,3.103,2036.06,2024-06-23 08:08:00
1719130140000,3.103,3.107,3.102,3.104,3478.51,2024-06-23 08:09:00
1719130200000,3.102,3.102,3.1,3.102,256.22,2024-06-23 08:10:00
1719130260000,3.102,3.102,3.095,3.097,2413.0,2024-06-23 08:11:00
1719130320000,3.098,3.098,3.092,3.097,4519.37,2024-06-23 08:12:00
1719130380000,3.097,3.102,3.097,3.102,1323.25,2024-06-23 08:13:00
1719130440000,3.102,3.105,3.102,3.105,3449.44,2024-06-23 08:14:00
1719130500000,3.103,3.108,3.102,3.108,6762.26,2024-06-23 08:15:00
1719130560000,3.108,3.115,3.108,3.115,6450.72,2024-06-23 08:16:00
1719130620000,3.113,3.115,3.11,3.115,7409.88,2024-06-23 08:17:00
1719130680000,3.114,3.117,3.112,3.112,4341.66,2024-06-23 08:18:00
1719130740000,3.112,3.114,3.11,3.111,830.98,2024-06-23 08:19:00
1719130800000,3.111,3.113,3.105,3.112,2167.0,2024-06-23 08:20:00
1719130860000,3.112,3.112,3.092,3.099,49445.69,2024-06-23 08:21:00
1719130920000,3.098,3.099,3.094,3.095,4827.18,2024-06-23 08:22:00
1719130980000,3.094,3.097,3.093,3.096,1216.73,2024-06-23 08:23:00
1719131040000,3.097,3.102,3.097,3.102,1755.27,2024-06-23 08:24:00
1719131100000,3.102,3.102,3.098,3.098,1505.29,2024-06-23 08:25:00
1719131160000,3.1,3.101,3.097,3.1,3980.55,2024-06-23 08:26:00
1719131220000,3.1,3.101,3.099,3.101,1817.94,2024-06-23 08:27:00
1719131280000,3.101,3.101,3.091,3.092,2243.8,2024-06-23 08:28:00
1719131340000,3.092,3.095,3.092,3.093,914.3,2024-06-23 08:29:00
1719131400000,3.094,3.098,3.093,3.098,2701.96,2024-06-23 08:30:00
1719131460000,3.097,3.102,3.095,3.101,1414.89,2024-06-23 08:31:00
1719131520000,3.1,3.101,3.095,3.101,1001.75,2024-06-23 08:32:00
1719131580000,3.101,3.103,3.101,3.103,1048.98,2024-06-23 08:33:00
1719131640000,3.104,3.105,3.104,3.105,3701.24,2024-06-23 08:34:00
1719131700000,3.104,3.106,3.104,3.106,1408.86,2024-06-23 08:35:00
1719131760000,3.105,3.109,3.105,3.107,4887.44,2024-06-23 08:36:00
1719131820000,3.106,3.108,3.104,3.108,2419.2,2024-06-23 08:37:00
1719131880000,3.108,3.108,3.098,3.099,4550.42,2024-06-23 08:38:00
1719131940000,3.095,3.097,3.092,3.097,2077.67,2024-06-23 08:39:00
1719132000000,3.097,3.097,3.095,3.095,250.79,2024-06-23 08:40:00
1719132060000,3.096,3.114,3.096,3.112,10753.03,2024-06-23 08:41:00
1719132120000,3.11,3.112,3.103,3.108,12557.51,2024-06-23 08:42:00
1719132180000,3.109,3.112,3.108,3.109,1973.48,2024-06-23 08:43:00
1719132240000,3.109,3.109,3.107,3.107,175.9,2024-06-23 08:44:00
1719132300000,3.109,3.11,3.103,3.11,1822.64,2024-06-23 08:45:00
1719132360000,3.111,3.113,3.109,3.113,1495.11,2024-06-23 08:46:00
1719132420000,3.112,3.113,3.11,3.112,3149.99,2024-06-23 08:47:00
1719132480000,3.113,3.113,3.111,3.113,801.39,2024-06-23 08:48:00
1719132540000,3.113,3.113,3.111,3.111,915.32,2024-06-23 08:49:00
1719132600000,3.112,3.119,3.112,3.117,8504.73,2024-06-23 08:50:00
1719132660000,3.115,3.116,3.113,3.113,1025.52,2024-06-23 08:51:00
1719132720000,3.113,3.116,3.112,3.113,5862.43,2024-06-23 08:52:00
1719132780000,3.113,3.114,3.107,3.108,21353.87,2024-06-23 08:53:00
1719132840000,3.108,3.11,3.106,3.106,2182.28,2024-06-23 08:54:00
1719132900000,3.106,3.11,3.106,3.108,3714.14,2024-06-23 08:55:00
1719132960000,3.11,3.111,3.108,3.111,1341.41,2024-06-23 08:56:00
1719133020000,3.111,3.117,3.111,3.117,2874.66,2024-06-23 08:57:00
1719133080000,3.118,3.118,3.113,3.118,1992.63,2024-06-23 08:58:00
1719133140000,3.119,3.121,3.118,3.121,2557.78,2024-06-23 08:59:00
1719133200000,3.121,3.121,3.109,3.11,5360.58,2024-06-23 09:00:00
1719133260000,3.111,3.116,3.111,3.116,1269.31,2024-06-23 09:01:00
1719133320000,3.115,3.121,3.115,3.119,1922.44,2024-06-23 09:02:00
1719133380000,3.121,3.139,3.121,3.138,14160.97,2024-06-23 09:03:00
1719133440000,3.138,3.14,3.131,3.14,16588.09,2024-06-23 09:04:00
1719133500000,3.139,3.141,3.13,3.134,39881.21,2024-06-23 09:05:00
1719133560000,3.133,3.134,3.129,3.129,2559.16,2024-06-23 09:06:00
1719133620000,3.13,3.132,3.127,3.131,8592.43,2024-06-23 09:07:00
1719133680000,3.13,3.133,3.127,3.128,3101.68,2024-06-23 09:08:00
1719133740000,3.128,3.137,3.128,3.136,2284.06,2024-06-23 09:09:00
1719133800000,3.135,3.136,3.125,3.126,6041.66,2024-06-23 09:10:00
1719133860000,3.125,3.126,3.124,3.125,1639.6,2024-06-23 09:11:00
1719133920000,3.126,3.132,3.126,3.132,2194.5,2024-06-23 09:12:00
1719133980000,3.133,3.135,3.132,3.134,2531.25,2024-06-23 09:13:00
1719134040000,3.134,3.134,3.128,3.128,1273.59,2024-06-23 09:14:00
1719134100000,3.129,3.129,3.125,3.125,927.77,2024-06-23 09:15:00
1719134160000,3.124,3.124,3.113,3.118,7006.37,2024-06-23 09:16:00
1719134220000,3.117,3.119,3.111,3.111,4850.39,2024-06-23 09:17:00
1719134280000,3.11,3.117,3.108,3.115,9947.74,2024-06-23 09:18:00
1719134340000,3.116,3.116,3.113,3.115,3531.1,2024-06-23 09:19:00
1719134400000,3.115,3.124,3.115,3.123,5379.54,2024-06-23 09:20:00
1719134460000,3.122,3.122,3.118,3.118,2182.68,2024-06-23 09:21:00
1719134520000,3.116,3.121,3.116,3.12,1220.12,2024-06-23 09:22:00
1719134580000,3.121,3.126,3.121,3.123,1128.21,2024-06-23 09:23:00
1719134640000,3.122,3.124,3.121,3.121,2581.53,2024-06-23 09:24:00
1719134700000,3.12,3.12,3.107,3.109,25360.01,2024-06-23 09:25:00
1719134760000,3.111,3.112,3.107,3.108,2915.95,2024-06-23 09:26:00
1719134820000,3.107,3.111,3.106,3.111,2627.87,2024-06-23 09:27:00
1719134880000,3.11,3.111,3.108,3.109,507.71,2024-06-23 09:28:00
1719134940000,3.109,3.109,3.1,3.106,6911.56,2024-06-23 09:29:00
1719135000000,3.106,3.113,3.1,3.106,12737.69,2024-06-23 09:30:00
1719135060000,3.106,3.109,3.099,3.102,2961.38,2024-06-23 09:31:00
1719135120000,3.101,3.102,3.097,3.1,4867.17,2024-06-23 09:32:00
1719135180000,3.1,3.102,3.095,3.099,7428.87,2024-06-23 09:33:00
1719135240000,3.095,3.098,3.088,3.088,5710.12,2024-06-23 09:34:00
1719135300000,3.089,3.098,3.087,3.095,8666.14,2024-06-23 09:35:00
1719135360000,3.095,3.095,3.087,3.092,6804.59,2024-06-23 09:36:00
1719135420000,3.092,3.101,3.088,3.097,10518.61,2024-06-23 09:37:00
1719135480000,3.097,3.097,3.088,3.092,7630.61,2024-06-23 09:38:00
1719135540000,3.092,3.095,3.09,3.09,3391.97,2024-06-23 09:39:00
1719135600000,3.091,3.096,3.086,3.087,10599.72,2024-06-23 09:40:00
1719135660000,3.087,3.091,3.007,3.041,218490.21,2024-06-23 09:41:00
1719135720000,3.041,3.047,3.022,3.025,40397.44,2024-06-23 09:42:00
1719135780000,3.029,3.034,3.015,3.028,29598.5,2024-06-23 09:43:00
1719135840000,3.029,3.033,3.02,3.032,19239.11,2024-06-23 09:44:00
1719135900000,3.031,3.031,3.019,3.02,15426.62,2024-06-23 09:45:00
1719135960000,3.019,3.034,3.017,3.026,27236.44,2024-06-23 09:46:00
1719136020000,3.026,3.031,3.014,3.022,14297.28,2024-06-23 09:47:00
1719136080000,3.022,3.032,3.021,3.023,17893.1,2024-06-23 09:48:00
1719136140000,3.024,3.033,3.023,3.025,17418.56,2024-06-23 09:49:00
1719136200000,3.027,3.037,3.026,3.03,9095.06,2024-06-23 09:50:00
1719136260000,3.03,3.039,3.03,3.038,5182.13,2024-06-23 09:51:00
1719136320000,3.036,3.039,3.033,3.033,10807.71,2024-06-23 09:52:00
1719136380000,3.033,3.041,3.033,3.041,6337.99,2024-06-23 09:53:00
1719136440000,3.041,3.045,3.034,3.034,14046.73,2024-06-23 09:54:00
1719136500000,3.037,3.044,3.036,3.04,16591.52,2024-06-23 09:55:00
1719136560000,3.039,3.04,3.032,3.035,22342.89,2024-06-23 09:56:00
1719136620000,3.037,3.04,3.035,3.039,1940.87,2024-06-23 09:57:00
1719136680000,3.038,3.04,3.033,3.034,5045.66,2024-06-23 09:58:00
1719136740000,3.034,3.038,3.032,3.037,2981.69,2024-06-23 09:59:00
1719136800000,3.037,3.043,3.034,3.034,10899.63,2024-06-23 10:00:00
1719136860000,3.034,3.043,3.033,3.042,1682.21,2024-06-23 10:01:00
1719136920000,3.043,3.045,3.034,3.035,10869.46,2024-06-23 10:02:00
1719136980000,3.036,3.04,3.036,3.04,2614.2,2024-06-23 10:03:00
1719137040000,3.04,3.046,3.034,3.043,15984.12,2024-06-23 10:04:00
1719137100000,3.042,3.042,3.038,3.042,2490.25,2024-06-23 10:05:00
1719137160000,3.043,3.045,3.04,3.04,796.28,2024-06-23 10:06:00
1719137220000,3.041,3.042,3.034,3.034,3202.1,2024-06-23 10:07:00
1719137280000,3.034,3.036,3.028,3.03,3974.02,2024-06-23 10:08:00
1719137340000,3.028,3.039,3.026,3.034,7052.8,2024-06-23 10:09:00
1719137400000,3.035,3.04,3.026,3.026,5538.33,2024-06-23 10:10:00
1719137460000,3.027,3.027,3.022,3.023,11912.02,2024-06-23 10:11:00
1719137520000,3.024,3.03,3.023,3.029,4346.39,2024-06-23 10:12:00
1719137580000,3.029,3.029,3.026,3.029,1980.54,2024-06-23 10:13:00
1719137640000,3.029,3.032,3.027,3.031,2240.41,2024-06-23 10:14:00
1719137700000,3.031,3.043,3.031,3.038,10974.19,2024-06-23 10:15:00
1719137760000,3.039,3.039,3.03,3.032,4803.29,2024-06-23 10:16:00
1719137820000,3.032,3.032,3.014,3.017,10525.74,2024-06-23 10:17:00
1719137880000,3.015,3.017,2.964,2.997,339219.67,2024-06-23 10:18:00
1719137940000,2.997,3.0,2.994,2.997,38774.99,2024-06-23 10:19:00
1719138000000,2.996,3.0,2.992,2.995,79209.2,2024-06-23 10:20:00
1719138060000,2.994,2.999,2.992,2.996,3317.45,2024-06-23 10:21:00
1719138120000,2.997,2.998,2.994,2.997,7223.82,2024-06-23 10:22:00
1719138180000,2.996,2.996,2.983,2.986,14900.71,2024-06-23 10:23:00
1719138240000,2.986,2.991,2.986,2.987,10944.55,2024-06-23 10:24:00
1719138300000,2.987,2.989,2.97,2.977,28959.01,2024-06-23 10:25:00
1719138360000,2.976,2.984,2.972,2.982,6714.21,2024-06-23 10:26:00
1719138420000,2.982,2.984,2.977,2.984,9489.33,2024-06-23 10:27:00
1719138480000,2.982,2.987,2.982,2.982,5974.65,2024-06-23 10:28:00
1719138540000,2.985,2.985,2.963,2.972,25365.03,2024-06-23 10:29:00
1719138600000,2.973,2.982,2.973,2.982,4357.71,2024-06-23 10:30:00
1719138660000,2.98,2.982,2.974,2.974,3557.12,2024-06-23 10:31:00
1719138720000,2.975,2.98,2.975,2.979,6661.78,2024-06-23 10:32:00
1719138780000,2.979,2.983,2.974,2.976,9074.6,2024-06-23 10:33:00
1719138840000,2.975,2.979,2.971,2.978,7219.63,2024-06-23 10:34:00
1719138900000,2.978,2.98,2.976,2.98,9220.87,2024-06-23 10:35:00
1719138960000,2.979,2.98,2.979,2.979,671.13,2024-06-23 10:36:00
1719139020000,2.977,2.98,2.976,2.977,12758.08,2024-06-23 10:37:00
1719139080000,2.977,2.977,2.964,2.964,19903.03,2024-06-23 10:38:00
1719139140000,2.964,2.967,2.944,2.952,44011.48,2024-06-23 10:39:00
1719139200000,2.956,2.969,2.956,2.961,34095.76,2024-06-23 10:40:00
1719139260000,2.959,2.968,2.958,2.968,6233.38,2024-06-23 10:41:00
1719139320000,2.967,2.967,2.956,2.959,13492.84,2024-06-23 10:42:00
1719139380000,2.959,2.966,2.959,2.966,6246.92,2024-06-23 10:43:00
1719139440000,2.967,2.97,2.962,2.968,9827.53,2024-06-23 10:44:00
1719139500000,2.968,2.968,2.952,2.954,8008.8,2024-06-23 10:45:00
1719139560000,2.955,2.963,2.954,2.956,9469.03,2024-06-23 10:46:00
1719139620000,2.956,2.96,2.956,2.959,5215.96,2024-06-23 10:47:00
1719139680000,2.959,2.964,2.958,2.959,5435.72,2024-06-23 10:48:00
1719139740000,2.959,2.965,2.959,2.963,3777.95,2024-06-23 10:49:00
1719139800000,2.963,2.965,2.953,2.956,13416.4,2024-06-23 10:50:00
1719139860000,2.955,2.969,2.955,2.963,11492.8,2024-06-23 10:51:00
1719139920000,2.963,2.963,2.956,2.958,9739.23,2024-06-23 10:52:00
1719139980000,2.959,2.967,2.959,2.965,5072.64,2024-06-23 10:53:00
1719140040000,2.964,2.966,2.959,2.962,4950.83,2024-06-23 10:54:00
1719140100000,2.962,2.963,2.946,2.949,23422.76,2024-06-23 10:55:00
1719140160000,2.949,2.957,2.948,2.954,6427.1,2024-06-23 10:56:00
1719140220000,2.953,2.954,2.951,2.952,2434.13,2024-06-23 10:57:00
1719140280000,2.952,2.957,2.948,2.955,8651.4,2024-06-23 10:58:00
1719140340000,2.954,2.957,2.953,2.954,2566.05,2024-06-23 10:59:00
1719140400000,2.954,2.961,2.768,2.835,474292.61,2024-06-23 11:00:00
1719140460000,2.836,2.882,2.835,2.868,87041.27,2024-06-23 11:01:00
1719140520000,2.869,2.885,2.863,2.88,26973.66,2024-06-23 11:02:00
1719140580000,2.88,2.892,2.875,2.883,19804.22,2024-06-23 11:03:00
1719140640000,2.884,2.89,2.875,2.882,30695.59,2024-06-23 11:04:00
1719140700000,2.883,2.888,2.879,2.885,17339.42,2024-06-23 11:05:00
1719140760000,2.885,2.89,2.884,2.888,20944.04,2024-06-23 11:06:00
1719140820000,2.887,2.889,2.879,2.879,13738.03,2024-06-23 11:07:00
1719140880000,2.879,2.89,2.873,2.875,17215.22,2024-06-23 11:08:00
1719140940000,2.876,2.89,2.876,2.889,31462.6,2024-06-23 11:09:00
1719141000000,2.89,2.89,2.875,2.887,29119.35,2024-06-23 11:10:00
1719141060000,2.887,2.889,2.88,2.887,12150.06,2024-06-23 11:11:00
1719141120000,2.887,2.892,2.884,2.884,6162.0,2024-06-23 11:12:00
1719141180000,2.885,2.896,2.884,2.895,9999.82,2024-06-23 11:13:00
1719141240000,2.896,2.898,2.883,2.894,13389.69,2024-06-23 11:14:00
1719141300000,2.893,2.906,2.892,2.902,14784.33,2024-06-23 11:15:00
1719141360000,2.903,2.906,2.898,2.906,19811.12,2024-06-23 11:16:00
1719141420000,2.906,2.917,2.904,2.909,18585.34,2024-06-23 11:17:00
1719141480000,2.908,2.912,2.902,2.906,6162.63,2024-06-23 11:18:00
1719141540000,2.907,2.925,2.907,2.92,14109.92,2024-06-23 11:19:00
1719141600000,2.92,2.922,2.91,2.92,18313.86,2024-06-23 11:20:00
1719141660000,2.921,2.926,2.913,2.915,48043.01,2024-06-23 11:21:00
1719141720000,2.916,2.932,2.916,2.924,15294.87,2024-06-23 11:22:00
1719141780000,2.925,2.926,2.908,2.912,16550.94,2024-06-23 11:23:00
1719141840000,2.912,2.922,2.911,2.915,10329.48,2024-06-23 11:24:00
1719141900000,2.913,2.92,2.911,2.918,11372.54,2024-06-23 11:25:00
1719141960000,2.918,2.923,2.906,2.914,14632.47,2024-06-23 11:26:00
1719142020000,2.913,2.916,2.902,2.91,9436.98,2024-06-23 11:27:00
1719142080000,2.91,2.922,2.91,2.913,18223.11,2024-06-23 11:28:00
1719142140000,2.911,2.915,2.909,2.914,5236.91,2024-06-23 11:29:00
1719142200000,2.912,2.914,2.905,2.908,5006.32,2024-06-23 11:30:00
1719142260000,2.908,2.925,2.908,2.923,15834.35,2024-06-23 11:31:00
1719142320000,2.922,2.926,2.911,2.926,10964.43,2024-06-23 11:32:00
1719142380000,2.926,2.927,2.919,2.925,11922.91,2024-06-23 11:33:00
1719142440000,2.926,2.937,2.919,2.935,29539.53,2024-06-23 11:34:00
1719142500000,2.935,2.946,2.927,2.946,29440.02,2024-06-23 11:35:00
1719142560000,2.945,2.947,2.927,2.928,12773.69,2024-06-23 11:36:00
1719142620000,2.927,2.964,2.927,2.95,53643.52,2024-06-23 11:37:00
1719142680000,2.952,2.977,2.946,2.973,20630.37,2024-06-23 11:38:00
1719142740000,2.973,2.973,2.958,2.969,23905.28,2024-06-23 11:39:00
1719142800000,2.967,2.991,2.967,2.972,67564.72,2024-06-23 11:40:00
1719142860000,2.972,2.995,2.972,2.989,14958.33,2024-06-23 11:41:00
1719142920000,2.989,2.992,2.976,2.981,10278.75,2024-06-23 11:42:00
1719142980000,2.982,2.995,2.974,2.977,54083.1,2024-06-23 11:43:00
1719143040000,2.977,2.984,2.966,2.968,11357.78,2024-06-23 11:44:00
1719143100000,2.968,2.974,2.964,2.964,21725.49,2024-06-23 11:45:00
1719143160000,2.965,2.972,2.961,2.963,10341.49,2024-06-23 11:46:00
1719143220000,2.96,2.965,2.948,2.954,56578.18,2024-06-23 11:47:00
1719143280000,2.955,2.957,2.948,2.948,13669.71,2024-06-23 11:48:00
1719143340000,2.949,2.96,2.949,2.958,2818.76,2024-06-23 11:49:00
1719143400000,2.96,2.961,2.955,2.955,7101.76,2024-06-23 11:50:00
1719143460000,2.956,2.979,2.956,2.977,16032.01,2024-06-23 11:51:00
1719143520000,2.975,2.975,2.962,2.968,11072.69,2024-06-23 11:52:00
1719143580000,2.967,2.976,2.967,2.974,5766.43,2024-06-23 11:53:00
1719143640000,2.975,2.976,2.971,2.971,5182.59,2024-06-23 11:54:00
1719143700000,2.972,2.979,2.972,2.979,6067.77,2024-06-23 11:55:00
1719143760000,2.98,2.983,2.969,2.969,7271.55,2024-06-23 11:56:00
1719143820000,2.969,2.969,2.963,2.965,5708.87,2024-06-23 11:57:00
1719143880000,2.964,2.979,2.964,2.978,8952.13,2024-06-23 11:58:00
1719143940000,2.978,2.984,2.977,2.977,4205.96,2024-06-23 11:59:00
1719144000000,2.977,2.985,2.972,2.984,10571.48,2024-06-23 12:00:00
1719144060000,2.982,2.992,2.982,2.99,6166.79,2024-06-23 12:01:00
1719144120000,2.988,2.989,2.983,2.989,5433.59,2024-06-23 12:02:00
1719144180000,2.989,3.009,2.989,3.006,33153.48,2024-06-23 12:03:00
1719144240000,3.005,3.017,2.998,2.998,19186.27,2024-06-23 12:04:00
1719144300000,2.998,3.005,2.996,3.004,5088.69,2024-06-23 12:05:00
1719144360000,3.005,3.008,2.998,2.998,6896.52,2024-06-23 12:06:00
1719144420000,2.998,2.998,2.973,2.984,14272.3,2024-06-23 12:07:00
1719144480000,2.986,2.989,2.981,2.984,8457.17,2024-06-23 12:08:00
1719144540000,2.985,2.991,2.978,2.979,5817.71,2024-06-23 12:09:00
1719144600000,2.978,2.992,2.978,2.989,3352.7,2024-06-23 12:10:00
1719144660000,2.989,2.989,2.972,2.973,5541.86,2024-06-23 12:11:00
1719144720000,2.973,2.98,2.973,2.975,4745.15,2024-06-23 12:12:00
1719144780000,2.975,2.981,2.973,2.977,2052.59,2024-06-23 12:13:00
1719144840000,2.976,2.977,2.968,2.971,3530.75,2024-06-23 12:14:00
1719144900000,2.971,2.993,2.971,2.984,13355.26,2024-06-23 12:15:00
1719144960000,2.985,2.993,2.984,2.986,7410.78,2024-06-23 12:16:00
1719145020000,2.985,2.985,2.976,2.977,8642.45,2024-06-23 12:17:00
1719145080000,2.977,2.978,2.973,2.974,6981.78,2024-06-23 12:18:00
1719145140000,2.975,2.975,2.969,2.971,2559.0,2024-06-23 12:19:00
1719145200000,2.973,2.979,2.973,2.979,1628.74,2024-06-23 12:20:00
1719145260000,2.98,2.988,2.98,2.984,3423.1,2024-06-23 12:21:00
1719145320000,2.986,2.986,2.974,2.98,2536.75,2024-06-23 12:22:00
1719145380000,2.981,2.981,2.971,2.972,5258.02,2024-06-23 12:23:00
1719145440000,2.971,2.977,2.968,2.973,3843.03,2024-06-23 12:24:00
1719145500000,2.973,2.984,2.972,2.984,9707.26,2024-06-23 12:25:00
1719145560000,2.985,2.986,2.977,2.978,14686.58,2024-06-23 12:26:00
1719145620000,2.978,2.983,2.977,2.977,4373.37,2024-06-23 12:27:00
1719145680000,2.979,2.979,2.978,2.979,1243.03,2024-06-23 12:28:00
1719145740000,2.979,2.986,2.978,2.986,9415.82,2024-06-23 12:29:00
1719145800000,2.986,2.989,2.986,2.989,1431.25,2024-06-23 12:30:00
1719145860000,2.989,2.989,2.981,2.981,3347.77,2024-06-23 12:31:00
1719145920000,2.978,2.983,2.978,2.98,2987.78,2024-06-23 12:32:00
1719145980000,2.979,2.979,2.975,2.975,2193.72,2024-06-23 12:33:00
1719146040000,2.976,2.987,2.976,2.982,7238.89,2024-06-23 12:34:00
1719146100000,2.982,2.991,2.98,2.99,7735.95,2024-06-23 12:35:00
1719146160000,2.989,2.992,2.988,2.991,3834.39,2024-06-23 12:36:00
1719146220000,2.991,2.993,2.991,2.993,501.97,2024-06-23 12:37:00
1719146280000,2.992,2.999,2.991,2.998,3484.87,2024-06-23 12:38:00
1719146340000,2.997,3.0,2.997,2.998,4094.46,2024-06-23 12:39:00
1719146400000,2.999,3.003,2.995,3.002,3495.67,2024-06-23 12:40:00
1719146460000,3.003,3.006,3.0,3.004,15994.18,2024-06-23 12:41:00
1719146520000,3.003,3.014,3.003,3.013,7993.85,2024-06-23 12:42:00
1719146580000,3.013,3.016,3.002,3.002,10804.93,2024-06-23 12:43:00
1719146640000,3.002,3.004,2.992,2.995,6460.11,2024-06-23 12:44:00
1719146700000,2.994,2.999,2.994,2.998,5668.12,2024-06-23 12:45:00
1719146760000,2.999,3.006,2.999,3.004,11099.66,2024-06-23 12:46:00
1719146820000,3.004,3.004,2.998,3.001,895.55,2024-06-23 12:47:00
1719146880000,3.002,3.005,2.999,3.002,4743.98,2024-06-23 12:48:00
1719146940000,3.002,3.002,2.996,2.998,2218.28,2024-06-23 12:49:00
1719147000000,2.998,3.002,2.998,3.002,469.97,2024-06-23 12:50:00
1719147060000,3.002,3.002,2.993,2.993,7684.79,2024-06-23 12:51:00
1719147120000,2.992,2.992,2.973,2.986,41824.29,2024-06-23 12:52:00
1719147180000,2.986,2.993,2.983,2.987,4963.02,2024-06-23 12:53:00
1719147240000,2.988,2.99,2.985,2.989,893.96,2024-06-23 12:54:00
1719147300000,2.989,2.989,2.977,2.977,2624.85,2024-06-23 12:55:00
1719147360000,2.979,2.991,2.979,2.981,4416.06,2024-06-23 12:56:00
1719147420000,2.981,2.985,2.979,2.983,3768.5,2024-06-23 12:57:00
1719147480000,2.984,2.985,2.976,2.977,12374.15,2024-06-23 12:58:00
1719147540000,2.979,2.984,2.975,2.984,1071.48,2024-06-23 12:59:00
1719147600000,2.984,2.988,2.982,2.985,4658.93,2024-06-23 13:00:00
1719147660000,2.986,2.986,2.977,2.977,4645.19,2024-06-23 13:01:00
1719147720000,2.977,2.98,2.975,2.977,6460.87,2024-06-23 13:02:00
1719147780000,2.977,2.989,2.977,2.983,4110.8,2024-06-23 13:03:00
1719147840000,2.983,2.983,2.973,2.977,1773.11,2024-06-23 13:04:00
1719147900000,2.977,2.978,2.969,2.972,3657.97,2024-06-23 13:05:00
1719147960000,2.973,2.988,2.973,2.983,4718.59,2024-06-23 13:06:00
1719148020000,2.981,2.982,2.98,2.98,813.61,2024-06-23 13:07:00
1719148080000,2.981,2.982,2.977,2.977,664.44,2024-06-23 13:08:00
1719148140000,2.978,2.978,2.972,2.974,2071.0,2024-06-23 13:09:00
1719148200000,2.972,2.975,2.968,2.968,2669.77,2024-06-23 13:10:00
1719148260000,2.969,2.975,2.962,2.966,8897.42,2024-06-23 13:11:00
1719148320000,2.966,2.97,2.957,2.963,17584.41,2024-06-23 13:12:00
1719148380000,2.965,2.97,2.958,2.96,5301.41,2024-06-23 13:13:00
1719148440000,2.963,2.964,2.957,2.959,2481.78,2024-06-23 13:14:00
1719148500000,2.958,2.962,2.955,2.962,5490.43,2024-06-23 13:15:00
1719148560000,2.963,2.968,2.941,2.948,18524.17,2024-06-23 13:16:00
1719148620000,2.949,2.964,2.949,2.956,4959.97,2024-06-23 13:17:00
1719148680000,2.956,2.961,2.947,2.959,2540.4,2024-06-23 13:18:00
1719148740000,2.958,2.96,2.951,2.955,5453.58,2024-06-23 13:19:00
1719148800000,2.955,2.958,2.955,2.958,1147.02,2024-06-23 13:20:00
1719148860000,2.958,2.963,2.956,2.963,4204.7,2024-06-23 13:21:00
1719148920000,2.963,2.966,2.962,2.965,3939.64,2024-06-23 13:22:00
1719148980000,2.965,2.965,2.959,2.962,3989.12,2024-06-23 13:23:00
1719149040000,2.962,2.975,2.962,2.971,15934.46,2024-06-23 13:24:00
1719149100000,2.97,2.977,2.968,2.97,4672.41,2024-06-23 13:25:00
1719149160000,2.968,2.969,2.964,2.966,5142.43,2024-06-23 13:26:00
1719149220000,2.966,2.966,2.964,2.964,330.15,2024-06-23 13:27:00
1719149280000,2.961,2.966,2.96,2.966,1947.74,2024-06-23 13:28:00
1719149340000,2.966,2.974,2.964,2.967,7398.92,2024-06-23 13:29:00
1719149400000,2.966,2.968,2.959,2.962,25535.93,2024-06-23 13:30:00
1719149460000,2.959,2.962,2.956,2.96,4345.73,2024-06-23 13:31:00
1719149520000,2.96,2.96,2.956,2.958,2969.19,2024-06-23 13:32:00
1719149580000,2.957,2.962,2.957,2.96,1338.51,2024-06-23 13:33:00
1719149640000,2.959,2.964,2.957,2.964,4043.05,2024-06-23 13:34:00
1719149700000,2.964,2.964,2.96,2.961,1127.1,2024-06-23 13:35:00
1719149760000,2.961,2.965,2.954,2.954,4386.38,2024-06-23 13:36:00
1719149820000,2.954,2.954,2.949,2.952,4722.89,2024-06-23 13:37:00
1719149880000,2.952,2.953,2.943,2.95,2179.95,2024-06-23 13:38:00
1719149940000,2.95,2.955,2.95,2.952,1611.3,2024-06-23 13:39:00
1719150000000,2.953,2.953,2.946,2.949,4897.38,2024-06-23 13:40:00
1719150060000,2.951,2.953,2.944,2.948,14572.69,2024-06-23 13:41:00
1719150120000,2.948,2.948,2.942,2.945,6554.54,2024-06-23 13:42:00
1719150180000,2.945,2.946,2.942,2.942,1716.91,2024-06-23 13:43:00
1719150240000,2.943,2.953,2.943,2.951,1924.72,2024-06-23 13:44:00
1719150300000,2.951,2.952,2.946,2.948,2158.37,2024-06-23 13:45:00
1719150360000,2.949,2.95,2.946,2.947,1707.52,2024-06-23 13:46:00
1719150420000,2.947,2.947,2.94,2.942,6271.35,2024-06-23 13:47:00
1719150480000,2.942,2.947,2.942,2.944,2539.8,2024-06-23 13:48:00
1719150540000,2.942,2.95,2.94,2.945,7905.91,2024-06-23 13:49:00
1719150600000,2.946,2.947,2.944,2.947,1362.37,2024-06-23 13:50:00
1719150660000,2.946,2.947,2.946,2.946,867.31,2024-06-23 13:51:00
1719150720000,2.947,2.952,2.946,2.95,2821.05,2024-06-23 13:52:00
1719150780000,2.951,2.955,2.947,2.947,1064.09,2024-06-23 13:53:00
1719150840000,2.947,2.947,2.945,2.945,2240.18,2024-06-23 13:54:00
1719150900000,2.944,2.95,2.943,2.95,3024.61,2024-06-23 13:55:00
1719150960000,2.95,2.953,2.946,2.95,13224.82,2024-06-23 13:56:00
1719151020000,2.95,2.95,2.946,2.946,4508.65,2024-06-23 13:57:00
1719151080000,2.946,2.947,2.944,2.947,637.27,2024-06-23 13:58:00
1719151140000,2.947,2.947,2.938,2.938,9588.75,2024-06-23 13:59:00
1719151200000,2.939,2.952,2.937,2.946,2865.19,2024-06-23 14:00:00
1719151260000,2.946,2.95,2.946,2.948,3631.91,2024-06-23 14:01:00
1719151320000,2.949,2.95,2.941,2.947,2806.17,2024-06-23 14:02:00
1719151380000,2.945,2.947,2.945,2.946,2305.6,2024-06-23 14:03:00
1719151440000,2.948,2.949,2.946,2.949,1112.03,2024-06-23 14:04:00
1719151500000,2.948,2.949,2.947,2.947,2711.11,2024-06-23 14:05:00
1719151560000,2.948,2.948,2.943,2.947,1987.05,2024-06-23 14:06:00
1719151620000,2.947,2.954,2.947,2.954,2270.2,2024-06-23 14:07:00
1719151680000,2.952,2.953,2.952,2.953,685.32,2024-06-23 14:08:00
1719151740000,2.952,2.952,2.947,2.947,1666.81,2024-06-23 14:09:00
1719151800000,2.947,2.949,2.946,2.949,1633.98,2024-06-23 14:10:00
1719151860000,2.949,2.95,2.942,2.942,1510.04,2024-06-23 14:11:00
1719151920000,2.941,2.943,2.94,2.94,1139.91,2024-06-23 14:12:00
1719151980000,2.94,2.941,2.936,2.939,6086.55,2024-06-23 14:13:00
1719152040000,2.939,2.941,2.938,2.938,3458.87,2024-06-23 14:14:00
1719152100000,2.937,2.939,2.932,2.932,3320.95,2024-06-23 14:15:00
1719152160000,2.931,2.937,2.92,2.935,10540.71,2024-06-23 14:16:00
1719152220000,2.935,2.935,2.92,2.925,13493.17,2024-06-23 14:17:00
1719152280000,2.924,2.93,2.924,2.928,3327.29,2024-06-23 14:18:00
1719152340000,2.927,2.933,2.927,2.933,1385.77,2024-06-23 14:19:00
1719152400000,2.932,2.936,2.932,2.935,1560.74,2024-06-23 14:20:00
1719152460000,2.935,2.936,2.93,2.933,6135.85,2024-06-23 14:21:00
1719152520000,2.934,2.936,2.933,2.936,5183.63,2024-06-23 14:22:00
1719152580000,2.936,2.948,2.935,2.943,10140.64,2024-06-23 14:23:00
1719152640000,2.94,2.944,2.94,2.944,2542.1,2024-06-23 14:24:00
1719152700000,2.944,2.945,2.944,2.945,586.14,2024-06-23 14:25:00
1719152760000,2.945,2.945,2.937,2.938,1967.17,2024-06-23 14:26:00
1719152820000,2.938,2.941,2.936,2.941,1628.75,2024-06-23 14:27:00
1719152880000,2.94,2.941,2.938,2.941,652.08,2024-06-23 14:28:00
1719152940000,2.94,2.941,2.939,2.941,1003.64,2024-06-23 14:29:00
1719153000000,2.942,2.951,2.942,2.951,5264.48,2024-06-23 14:30:00
1719153060000,2.952,2.963,2.95,2.962,13172.73,2024-06-23 14:31:00
1719153120000,2.961,2.965,2.95,2.95,3635.24,2024-06-23 14:32:00
1719153180000,2.951,2.954,2.951,2.954,716.95,2024-06-23 14:33:00
1719153240000,2.953,2.955,2.949,2.955,1992.45,2024-06-23 14:34:00
1719153300000,2.955,2.955,2.95,2.951,2172.92,2024-06-23 14:35:00
1719153360000,2.951,2.951,2.946,2.948,5464.35,2024-06-23 14:36:00
1719153420000,2.948,2.948,2.941,2.942,3967.64,2024-06-23 14:37:00
1719153480000,2.941,2.947,2.938,2.947,12128.09,2024-06-23 14:38:00
1719153540000,2.947,2.947,2.943,2.943,2227.54,2024-06-23 14:39:00
1719153600000,2.942,2.95,2.941,2.95,1808.91,2024-06-23 14:40:00
1719153660000,2.95,2.95,2.944,2.944,865.02,2024-06-23 14:41:00
1719153720000,2.944,2.944,2.94,2.942,2569.13,2024-06-23 14:42:00
1719153780000,2.942,2.942,2.932,2.935,9679.57,2024-06-23 14:43:00
1719153840000,2.935,2.94,2.935,2.936,2129.2,2024-06-23 14:44:00
1719153900000,2.936,2.943,2.936,2.942,1683.89,2024-06-23 14:45:00
1719153960000,2.943,2.946,2.942,2.944,1459.0,2024-06-23 14:46:00
1719154020000,2.944,2.944,2.937,2.939,3780.88,2024-06-23 14:47:00
1719154080000,2.939,2.942,2.939,2.94,2413.95,2024-06-23 14:48:00
1719154140000,2.94,2.94,2.936,2.937,2989.71,2024-06-23 14:49:00
1719154200000,2.937,2.937,2.932,2.935,4300.2,2024-06-23 14:50:00
1719154260000,2.935,2.939,2.909,2.917,45238.12,2024-06-23 14:51:00
1719154320000,2.916,2.927,2.916,2.92,10548.73,2024-06-23 14:52:00
1719154380000,2.918,2.924,2.915,2.919,2826.3,2024-06-23 14:53:00
1719154440000,2.918,2.921,2.913,2.919,4690.14,2024-06-23 14:54:00
1719154500000,2.919,2.927,2.919,2.925,4757.49,2024-06-23 14:55:00
1719154560000,2.925,2.927,2.925,2.927,912.91,2024-06-23 14:56:00
1719154620000,2.927,2.928,2.925,2.926,682.62,2024-06-23 14:57:00
1719154680000,2.927,2.928,2.922,2.922,3839.59,2024-06-23 14:58:00
1719154740000,2.922,2.928,2.922,2.923,2346.65,2024-06-23 14:59:00
1719154800000,2.924,2.934,2.922,2.93,5617.91,2024-06-23 15:00:00
1719154860000,2.927,2.93,2.927,2.928,3044.75,2024-06-23 15:01:00
1719154920000,2.929,2.929,2.927,2.927,1944.41,2024-06-23 15:02:00
1719154980000,2.926,2.93,2.911,2.913,16650.16,2024-06-23 15:03:00
1719155040000,2.913,2.917,2.907,2.915,37444.58,2024-06-23 15:04:00
1719155100000,2.917,2.92,2.911,2.913,10216.36,2024-06-23 15:05:00
1719155160000,2.913,2.921,2.913,2.917,6961.75,2024-06-23 15:06:00
1719155220000,2.917,2.931,2.917,2.928,3887.25,2024-06-23 15:07:00
1719155280000,2.928,2.928,2.927,2.928,2102.98,2024-06-23 15:08:00
1719155340000,2.928,2.931,2.928,2.931,3368.97,2024-06-23 15:09:00
1719155400000,2.931,2.932,2.93,2.931,1875.07,2024-06-23 15:10:00
1719155460000,2.93,2.93,2.927,2.927,1187.72,2024-06-23 15:11:00
1719155520000,2.928,2.928,2.926,2.927,1845.95,2024-06-23 15:12:00
1719155580000,2.927,2.93,2.927,2.929,2892.53,2024-06-23 15:13:00
1719155640000,2.929,2.932,2.929,2.932,1563.19,2024-06-23 15:14:00
1719155700000,2.931,2.933,2.929,2.932,3659.19,2024-06-23 15:15:00
1719155760000,2.931,2.939,2.93,2.937,7311.68,2024-06-23 15:16:00
1719155820000,2.937,2.939,2.928,2.929,4388.1,2024-06-23 15:17:00
1719155880000,2.929,2.939,2.929,2.938,6187.07,2024-06-23 15:18:00
1719155940000,2.939,2.947,2.939,2.943,7737.52,2024-06-23 15:19:00
1719156000000,2.942,2.942,2.933,2.935,6344.09,2024-06-23 15:20:00
1719156060000,2.937,2.939,2.931,2.932,4142.22,2024-06-23 15:21:00
1719156120000,2.932,2.932,2.926,2.931,1700.7,2024-06-23 15:22:00
1719156180000,2.931,2.931,2.92,2.921,6124.09,2024-06-23 15:23:00
1719156240000,2.921,2.921,2.916,2.917,3339.45,2024-06-23 15:24:00
1719156300000,2.916,2.919,2.912,2.918,10529.51,2024-06-23 15:25:00
1719156360000,2.917,2.924,2.916,2.922,6838.04,2024-06-23 15:26:00
1719156420000,2.921,2.921,2.916,2.919,5783.28,2024-06-23 15:27:00
1719156480000,2.92,2.927,2.92,2.922,2324.64,2024-06-23 15:28:00
1719156540000,2.922,2.923,2.917,2.918,4688.74,2024-06-23 15:29:00
1719156600000,2.917,2.921,2.916,2.919,2475.49,2024-06-23 15:30:00
1719156660000,2.921,2.921,2.906,2.909,8801.83,2024-06-23 15:31:00
1719156720000,2.911,2.918,2.91,2.912,9067.56,2024-06-23 15:32:00
1719156780000,2.912,2.913,2.908,2.909,6471.15,2024-06-23 15:33:00
1719156840000,2.908,2.913,2.906,2.913,5721.99,2024-06-23 15:34:00
1719156900000,2.913,2.913,2.893,2.907,20293.85,2024-06-23 15:35:00
1719156960000,2.908,2.908,2.904,2.908,3754.01,2024-06-23 15:36:00
1719157020000,2.908,2.91,2.908,2.909,2135.04,2024-06-23 15:37:00
1719157080000,2.908,2.911,2.908,2.908,522.3,2024-06-23 15:38:00
1719157140000,2.909,2.911,2.907,2.91,1417.21,2024-06-23 15:39:00
1719157200000,2.911,2.913,2.907,2.912,7868.42,2024-06-23 15:40:00
1719157260000,2.912,2.912,2.907,2.909,1257.55,2024-06-23 15:41:00
1719157320000,2.909,2.91,2.901,2.903,1742.24,2024-06-23 15:42:00
1719157380000,2.905,2.909,2.897,2.897,4418.68,2024-06-23 15:43:00
1719157440000,2.897,2.902,2.897,2.899,1490.6,2024-06-23 15:44:00
1719157500000,2.899,2.903,2.899,2.903,1883.0,2024-06-23 15:45:00
1719157560000,2.901,2.911,2.901,2.909,6013.85,2024-06-23 15:46:00
1719157620000,2.91,2.91,2.856,2.862,30662.09,2024-06-23 15:47:00
1719157680000,2.862,2.912,2.858,2.904,34944.77,2024-06-23 15:48:00
1719157740000,2.905,2.907,2.895,2.906,9294.7,2024-06-23 15:49:00
1719157800000,2.907,2.914,2.907,2.912,2838.01,2024-06-23 15:50:00
1719157860000,2.912,2.914,2.907,2.907,2550.63,2024-06-23 15:51:00
1719157920000,2.906,2.911,2.906,2.908,7772.36,2024-06-23 15:52:00
1719157980000,2.908,2.908,2.898,2.898,5667.34,2024-06-23 15:53:00
1719158040000,2.899,2.91,2.899,2.907,3301.86,2024-06-23 15:54:00
1719158100000,2.907,2.907,2.891,2.894,1783.95,2024-06-23 15:55:00
1719158160000,2.895,2.897,2.87,2.872,14072.04,2024-06-23 15:56:00
1719158220000,2.872,2.894,2.872,2.89,8628.12,2024-06-23 15:57:00
1719158280000,2.89,2.894,2.888,2.89,2862.26,2024-06-23 15:58:00
1719158340000,2.892,2.894,2.889,2.89,2940.8,2024-06-23 15:59:00
1719158400000,2.89,2.898,2.89,2.892,2829.43,2024-06-23 16:00:00
1719158460000,2.893,2.899,2.892,2.895,3314.33,2024-06-23 16:01:00
1719158520000,2.893,2.894,2.874,2.874,6586.6,2024-06-23 16:02:00
1719158580000,2.875,2.89,2.875,2.888,4806.37,2024-06-23 16:03:00
1719158640000,2.885,2.885,2.883,2.885,230.16,2024-06-23 16:04:00
1719158700000,2.884,2.885,2.872,2.874,3008.33,2024-06-23 16:05:00
1719158760000,2.874,2.884,2.874,2.876,3306.01,2024-06-23 16:06:00
1719158820000,2.875,2.877,2.87,2.871,4118.7,2024-06-23 16:07:00
1719158880000,2.87,2.87,2.859,2.868,17994.27,2024-06-23 16:08:00
1719158940000,2.868,2.885,2.866,2.883,5800.21,2024-06-23 16:09:00
1719159000000,2.882,2.884,2.873,2.882,4532.51,2024-06-23 16:10:00
1719159060000,2.881,2.89,2.881,2.884,19400.9,2024-06-23 16:11:00
1719159120000,2.883,2.893,2.875,2.889,12210.43,2024-06-23 16:12:00
1719159180000,2.889,2.903,2.886,2.89,16763.85,2024-06-23 16:13:00
1719159240000,2.891,2.893,2.887,2.893,1248.69,2024-06-23 16:14:00
1719159300000,2.893,2.9,2.887,2.9,2587.75,2024-06-23 16:15:00
1719159360000,2.9,2.904,2.891,2.903,2318.36,2024-06-23 16:16:00
1719159420000,2.904,2.906,2.883,2.896,18964.54,2024-06-23 16:17:00
1719159480000,2.897,2.897,2.89,2.897,2062.6,2024-06-23 16:18:00
1719159540000,2.895,2.904,2.895,2.901,6378.7,2024-06-23 16:19:00
1719159600000,2.902,2.902,2.89,2.895,30764.32,2024-06-23 16:20:00
1719159660000,2.896,2.899,2.893,2.899,2735.4,2024-06-23 16:21:00
1719159720000,2.9,2.906,2.894,2.894,8705.25,2024-06-23 16:22:00
1719159780000,2.894,2.898,2.893,2.896,2088.68,2024-06-23 16:23:00
1719159840000,2.895,2.898,2.893,2.898,1901.16,2024-06-23 16:24:00
1719159900000,2.898,2.903,2.897,2.902,3126.38,2024-06-23 16:25:00
1719159960000,2.905,2.905,2.9,2.9,12355.83,2024-06-23 16:26:00
1719160020000,2.901,2.909,2.901,2.905,14962.09,2024-06-23 16:27:00
1719160080000,2.904,2.905,2.9,2.903,10736.11,2024-06-23 16:28:00
1719160140000,2.905,2.927,2.905,2.914,31761.34,2024-06-23 16:29:00
1719160200000,2.909,2.917,2.906,2.915,3687.39,2024-06-23 16:30:00
1719160260000,2.913,2.923,2.913,2.919,4784.97,2024-06-23 16:31:00
1719160320000,2.919,2.933,2.914,2.93,7205.09,2024-06-23 16:32:00
1719160380000,2.928,2.929,2.918,2.918,3320.87,2024-06-23 16:33:00
1719160440000,2.918,2.922,2.913,2.92,7615.39,2024-06-23 16:34:00
1719160500000,2.92,2.92,2.909,2.915,1679.47,2024-06-23 16:35:00
1719160560000,2.916,2.917,2.912,2.915,3475.79,2024-06-23 16:36:00
1719160620000,2.916,2.928,2.914,2.925,4591.23,2024-06-23 16:37:00
1719160680000,2.925,2.93,2.92,2.927,3861.7,2024-06-23 16:38:00
1719160740000,2.928,2.94,2.927,2.932,11769.25,2024-06-23 16:39:00
1719160800000,2.931,2.933,2.924,2.929,5155.03,2024-06-23 16:40:00
1719160860000,2.929,2.938,2.929,2.929,9073.15,2024-06-23 16:41:00
1719160920000,2.927,2.939,2.927,2.939,4616.83,2024-06-23 16:42:00
1719160980000,2.938,2.938,2.929,2.935,10433.42,2024-06-23 16:43:00
1719161040000,2.936,2.938,2.922,2.931,5360.93,2024-06-23 16:44:00
1719161100000,2.93,2.93,2.924,2.925,1811.25,2024-06-23 16:45:00
1719161160000,2.925,2.929,2.925,2.929,2193.06,2024-06-23 16:46:00
1719161220000,2.929,2.929,2.921,2.921,2486.25,2024-06-23 16:47:00
1719161280000,2.922,2.929,2.922,2.925,3089.28,2024-06-23 16:48:00
1719161340000,2.925,2.926,2.92,2.922,2293.49,2024-06-23 16:49:00
1719161400000,2.922,2.924,2.92,2.92,1170.05,2024-06-23 16:50:00
1719161460000,2.92,2.923,2.915,2.915,5241.97,2024-06-23 16:51:00
1719161520000,2.914,2.917,2.893,2.907,18280.14,2024-06-23 16:52:00
1719161580000,2.91,2.915,2.903,2.914,7618.83,2024-06-23 16:53:00
1719161640000,2.913,2.921,2.913,2.913,9401.58,2024-06-23 16:54:00
1719161700000,2.913,2.913,2.889,2.896,11588.91,2024-06-23 16:55:00
1719161760000,2.896,2.902,2.886,2.897,24394.12,2024-06-23 16:56:00
1719161820000,2.898,2.923,2.898,2.919,11548.77,2024-06-23 16:57:00
1719161880000,2.917,2.919,2.905,2.905,3822.41,2024-06-23 16:58:00
1719161940000,2.904,2.908,2.898,2.9,4602.55,2024-06-23 16:59:00
1719162000000,2.899,2.911,2.899,2.907,3776.04,2024-06-23 17:00:00
1719162060000,2.907,2.911,2.902,2.904,4910.52,2024-06-23 17:01:00
1719162120000,2.903,2.908,2.899,2.903,4778.73,2024-06-23 17:02:00
1719162180000,2.904,2.904,2.888,2.892,11066.42,2024-06-23 17:03:00
1719162240000,2.892,2.9,2.892,2.899,2760.61,2024-06-23 17:04:00
1719162300000,2.899,2.909,2.898,2.909,1391.86,2024-06-23 17:05:00
1719162360000,2.909,2.917,2.909,2.913,20032.92,2024-06-23 17:06:00
1719162420000,2.913,2.915,2.904,2.912,11157.53,2024-06-23 17:07:00
1719162480000,2.912,2.913,2.908,2.913,4904.18,2024-06-23 17:08:00
1719162540000,2.911,2.919,2.909,2.913,5934.16,2024-06-23 17:09:00
1719162600000,2.914,2.924,2.914,2.917,28130.69,2024-06-23 17:10:00
1719162660000,2.919,2.919,2.915,2.915,2546.07,2024-06-23 17:11:00
1719162720000,2.915,2.918,2.907,2.918,6885.96,2024-06-23 17:12:00
1719162780000,2.919,2.919,2.91,2.912,855.91,2024-06-23 17:13:00
1719162840000,2.914,2.919,2.912,2.915,2885.05,2024-06-23 17:14:00
1719162900000,2.915,2.915,2.902,2.904,4280.3,2024-06-23 17:15:00
1719162960000,2.905,2.915,2.9,2.915,2309.63,2024-06-23 17:16:00
1719163020000,2.912,2.914,2.908,2.913,5621.71,2024-06-23 17:17:00
1719163080000,2.914,2.921,2.914,2.921,4057.35,2024-06-23 17:18:00
1719163140000,2.922,2.929,2.919,2.921,9290.47,2024-06-23 17:19:00
1719163200000,2.918,2.922,2.915,2.92,5818.33,2024-06-23 17:20:00
1719163260000,2.918,2.918,2.906,2.906,6780.37,2024-06-23 17:21:00
1719163320000,2.906,2.91,2.901,2.906,4298.39,2024-06-23 17:22:00
1719163380000,2.905,2.905,2.895,2.895,10478.15,2024-06-23 17:23:00
1719163440000,2.894,2.897,2.888,2.896,7761.95,2024-06-23 17:24:00
1719163500000,2.897,2.897,2.883,2.887,8601.54,2024-06-23 17:25:00
1719163560000,2.887,2.898,2.885,2.898,2062.45,2024-06-23 17:26:00
1719163620000,2.897,2.898,2.893,2.893,1446.1,2024-06-23 17:27:00
1719163680000,2.893,2.899,2.886,2.897,5193.04,2024-06-23 17:28:00
1719163740000,2.897,2.899,2.895,2.896,1014.66,2024-06-23 17:29:00
1719163800000,2.895,2.905,2.895,2.904,4634.43,2024-06-23 17:30:00
1719163860000,2.903,2.904,2.894,2.896,2002.56,2024-06-23 17:31:00
1719163920000,2.896,2.896,2.891,2.894,2224.62,2024-06-23 17:32:00
1719163980000,2.894,2.894,2.883,2.884,4234.66,2024-06-23 17:33:00
1719164040000,2.883,2.891,2.883,2.887,3161.57,2024-06-23 17:34:00
1719164100000,2.887,2.887,2.88,2.881,2439.06,2024-06-23 17:35:00
1719164160000,2.881,2.897,2.881,2.89,3634.93,2024-06-23 17:36:00
1719164220000,2.891,2.891,2.884,2.884,2274.88,2024-06-23 17:37:00
1719164280000,2.883,2.886,2.882,2.886,802.54,2024-06-23 17:38:00
1719164340000,2.885,2.886,2.881,2.884,1852.35,2024-06-23 17:39:00
1719164400000,2.884,2.884,2.869,2.87,5005.95,2024-06-23 17:40:00
1719164460000,2.871,2.874,2.869,2.874,2996.97,2024-06-23 17:41:00
1719164520000,2.874,2.874,2.86,2.868,8636.82,2024-06-23 17:42:00
1719164580000,2.869,2.878,2.869,2.877,2335.49,2024-06-23 17:43:00
1719164640000,2.876,2.876,2.871,2.876,1675.48,2024-06-23 17:44:00
1719164700000,2.876,2.878,2.871,2.873,13637.42,2024-06-23 17:45:00
1719164760000,2.877,2.892,2.877,2.886,6551.52,2024-06-23 17:46:00
1719164820000,2.886,2.886,2.879,2.882,1673.64,2024-06-23 17:47:00
1719164880000,2.882,2.883,2.876,2.882,2297.83,2024-06-23 17:48:00
1719164940000,2.882,2.882,2.876,2.88,510.2,2024-06-23 17:49:00
1719165000000,2.88,2.88,2.874,2.876,2966.18,2024-06-23 17:50:00
1719165060000,2.879,2.884,2.879,2.882,1997.94,2024-06-23 17:51:00
1719165120000,2.883,2.888,2.882,2.884,4872.44,2024-06-23 17:52:00
1719165180000,2.885,2.887,2.881,2.885,9148.27,2024-06-23 17:53:00
1719165240000,2.886,2.886,2.88,2.88,4225.32,2024-06-23 17:54:00
1719165300000,2.88,2.885,2.879,2.884,1523.91,2024-06-23 17:55:00
1719165360000,2.884,2.884,2.878,2.88,2106.37,2024-06-23 17:56:00
1719165420000,2.881,2.885,2.88,2.885,1160.42,2024-06-23 17:57:00
1719165480000,2.885,2.889,2.882,2.883,2091.53,2024-06-23 17:58:00
1719165540000,2.883,2.884,2.881,2.881,2089.91,2024-06-23 17:59:00
1719165600000,2.88,2.88,2.865,2.872,5074.31,2024-06-23 18:00:00
1719165660000,2.872,2.872,2.869,2.871,6958.01,2024-06-23 18:01:00
1719165720000,2.871,2.877,2.871,2.876,2703.68,2024-06-23 18:02:00
1719165780000,2.876,2.88,2.874,2.88,507.26,2024-06-23 18:03:00
1719165840000,2.877,2.877,2.872,2.872,3819.84,2024-06-23 18:04:00
1719165900000,2.872,2.876,2.871,2.875,4745.56,2024-06-23 18:05:00
1719165960000,2.876,2.878,2.874,2.875,2480.27,2024-06-23 18:06:00
1719166020000,2.876,2.88,2.874,2.877,3202.26,2024-06-23 18:07:00
1719166080000,2.879,2.881,2.877,2.88,5724.29,2024-06-23 18:08:00
1719166140000,2.879,2.879,2.875,2.877,807.03,2024-06-23 18:09:00
1719166200000,2.876,2.877,2.871,2.877,2638.36,2024-06-23 18:10:00
1719166260000,2.876,2.877,2.872,2.873,2671.46,2024-06-23 18:11:00
1719166320000,2.874,2.874,2.871,2.873,1007.22,2024-06-23 18:12:00
1719166380000,2.873,2.881,2.873,2.88,1957.86,2024-06-23 18:13:00
1719166440000,2.881,2.882,2.88,2.882,946.25,2024-06-23 18:14:00
1719166500000,2.881,2.881,2.865,2.87,12952.07,2024-06-23 18:15:00
1719166560000,2.867,2.869,2.865,2.866,2634.23,2024-06-23 18:16:00
1719166620000,2.865,2.865,2.838,2.862,26751.22,2024-06-23 18:17:00
1719166680000,2.861,2.867,2.859,2.863,2555.94,2024-06-23 18:18:00
1719166740000,2.863,2.863,2.859,2.86,293.73,2024-06-23 18:19:00
1719166800000,2.859,2.859,2.854,2.858,1522.96,2024-06-23 18:20:00
1719166860000,2.859,2.867,2.859,2.863,1609.83,2024-06-23 18:21:00
1719166920000,2.863,2.869,2.863,2.867,4011.46,2024-06-23 18:22:00
1719166980000,2.868,2.869,2.862,2.868,2957.88,2024-06-23 18:23:00
1719167040000,2.867,2.868,2.862,2.863,1661.3,2024-06-23 18:24:00
1719167100000,2.863,2.864,2.855,2.856,25355.32,2024-06-23 18:25:00
1719167160000,2.856,2.862,2.856,2.862,1469.25,2024-06-23 18:26:00
1719167220000,2.861,2.862,2.856,2.858,2915.42,2024-06-23 18:27:00
1719167280000,2.859,2.861,2.858,2.861,320.23,2024-06-23 18:28:00
1719167340000,2.861,2.864,2.86,2.862,1321.72,2024-06-23 18:29:00
1719167400000,2.863,2.863,2.859,2.863,463.84,2024-06-23 18:30:00
1719167460000,2.865,2.865,2.862,2.864,1659.8,2024-06-23 18:31:00
1719167520000,2.863,2.868,2.852,2.852,16713.07,2024-06-23 18:32:00
1719167580000,2.852,2.864,2.851,2.864,3663.1,2024-06-23 18:33:00
1719167640000,2.864,2.864,2.86,2.86,788.63,2024-06-23 18:34:00
1719167700000,2.859,2.864,2.856,2.864,6154.65,2024-06-23 18:35:00
1719167760000,2.864,2.864,2.861,2.861,395.21,2024-06-23 18:36:00
1719167820000,2.861,2.862,2.86,2.861,896.56,2024-06-23 18:37:00
1719167880000,2.861,2.863,2.859,2.863,2603.96,2024-06-23 18:38:00
1719167940000,2.862,2.863,2.861,2.861,2898.53,2024-06-23 18:39:00
1719168000000,2.861,2.861,2.85,2.861,3016.27,2024-06-23 18:40:00
1719168060000,2.86,2.86,2.855,2.856,1006.81,2024-06-23 18:41:00
1719168120000,2.856,2.867,2.856,2.865,2070.73,2024-06-23 18:42:00
1719168180000,2.865,2.871,2.864,2.866,3174.36,2024-06-23 18:43:00
1719168240000,2.866,2.869,2.866,2.869,234.49,2024-06-23 18:44:00
1719168300000,2.868,2.868,2.863,2.865,2812.7,2024-06-23 18:45:00
1719168360000,2.866,2.867,2.865,2.867,989.21,2024-06-23 18:46:00
1719168420000,2.867,2.867,2.86,2.86,2262.79,2024-06-23 18:47:00
1719168480000,2.86,2.864,2.86,2.863,3509.67,2024-06-23 18:48:00
1719168540000,2.863,2.864,2.861,2.864,1023.3,2024-06-23 18:49:00
1719168600000,2.864,2.865,2.862,2.864,1464.65,2024-06-23 18:50:00
1719168660000,2.865,2.868,2.865,2.868,193.35,2024-06-23 18:51:00
1719168720000,2.867,2.867,2.86,2.863,541.76,2024-06-23 18:52:00
1719168780000,2.861,2.864,2.86,2.86,902.03,2024-06-23 18:53:00
1719168840000,2.86,2.86,2.851,2.851,4267.83,2024-06-23 18:54:00
1719168900000,2.853,2.858,2.853,2.856,1276.04,2024-06-23 18:55:00
1719168960000,2.857,2.865,2.857,2.865,2652.41,2024-06-23 18:56:00
1719169020000,2.863,2.875,2.863,2.872,5298.86,2024-06-23 18:57:00
1719169080000,2.871,2.871,2.867,2.869,4103.55,2024-06-23 18:58:00
1719169140000,2.869,2.87,2.868,2.869,937.93,2024-06-23 18:59:00
1719169200000,2.869,2.869,2.864,2.867,6482.38,2024-06-23 19:00:00
1719169260000,2.868,2.868,2.864,2.867,2130.4,2024-06-23 19:01:00
1719169320000,2.867,2.879,2.867,2.878,2525.51,2024-06-23 19:02:00
1719169380000,2.878,2.879,2.872,2.879,1568.56,2024-06-23 19:03:00
1719169440000,2.879,2.88,2.873,2.876,909.91,2024-06-23 19:04:00
1719169500000,2.877,2.879,2.874,2.879,2651.84,2024-06-23 19:05:00
1719169560000,2.88,2.882,2.873,2.873,4298.83,2024-06-23 19:06:00
1719169620000,2.872,2.878,2.872,2.878,2702.93,2024-06-23 19:07:00
1719169680000,2.878,2.883,2.876,2.876,7272.93,2024-06-23 19:08:00
1719169740000,2.876,2.877,2.871,2.872,2608.29,2024-06-23 19:09:00
1719169800000,2.873,2.873,2.872,2.872,249.09,2024-06-23 19:10:00
1719169860000,2.872,2.884,2.872,2.884,11953.69,2024-06-23 19:11:00
1719169920000,2.884,2.884,2.872,2.873,7551.48,2024-06-23 19:12:00
1719169980000,2.874,2.876,2.871,2.872,2071.98,2024-06-23 19:13:00
1719170040000,2.872,2.882,2.872,2.882,3225.81,2024-06-23 19:14:00
1719170100000,2.88,2.88,2.876,2.88,8520.97,2024-06-23 19:15:00
1719170160000,2.88,2.886,2.88,2.881,4124.35,2024-06-23 19:16:00
1719170220000,2.88,2.884,2.879,2.884,4649.44,2024-06-23 19:17:00
1719170280000,2.884,2.884,2.881,2.881,2522.02,2024-06-23 19:18:00
1719170340000,2.882,2.889,2.881,2.881,4461.76,2024-06-23 19:19:00
1719170400000,2.881,2.883,2.879,2.88,1550.67,2024-06-23 19:20:00
1719170460000,2.881,2.912,2.881,2.903,52566.63,2024-06-23 19:21:00
1719170520000,2.903,2.903,2.893,2.895,30783.61,2024-06-23 19:22:00
1719170580000,2.895,2.897,2.893,2.897,2878.11,2024-06-23 19:23:00
1719170640000,2.897,2.91,2.897,2.902,6648.09,2024-06-23 19:24:00
1719170700000,2.902,2.902,2.897,2.899,2029.68,2024-06-23 19:25:00
1719170760000,2.898,2.901,2.898,2.901,665.34,2024-06-23 19:26:00
1719170820000,2.901,2.902,2.897,2.902,2944.1,2024-06-23 19:27:00
1719170880000,2.902,2.902,2.897,2.899,2008.71,2024-06-23 19:28:00
1719170940000,2.899,2.899,2.897,2.899,1360.0,2024-06-23 19:29:00
1719171000000,2.897,2.899,2.891,2.892,3289.32,2024-06-23 19:30:00
1719171060000,2.893,2.9,2.893,2.899,2006.6,2024-06-23 19:31:00
1719171120000,2.898,2.898,2.894,2.895,3633.94,2024-06-23 19:32:00
1719171180000,2.897,2.897,2.894,2.896,1604.08,2024-06-23 19:33:00
1719171240000,2.897,2.897,2.889,2.891,3017.36,2024-06-23 19:34:00
1719171300000,2.893,2.894,2.884,2.887,3013.96,2024-06-23 19:35:00
1719171360000,2.886,2.894,2.886,2.89,3473.6,2024-06-23 19:36:00
1719171420000,2.889,2.89,2.886,2.887,712.6,2024-06-23 19:37:00
1719171480000,2.887,2.888,2.883,2.886,2887.72,2024-06-23 19:38:00
1719171540000,2.886,2.886,2.885,2.885,257.31,2024-06-23 19:39:00
1719171600000,2.885,2.885,2.882,2.882,1584.0,2024-06-23 19:40:00
1719171660000,2.887,2.891,2.884,2.89,2888.27,2024-06-23 19:41:00
1719171720000,2.89,2.89,2.885,2.886,551.31,2024-06-23 19:42:00
1719171780000,2.886,2.892,2.886,2.892,546.72,2024-06-23 19:43:00
1719171840000,2.893,2.893,2.891,2.891,186.3,2024-06-23 19:44:00
1719171900000,2.891,2.891,2.886,2.886,630.67,2024-06-23 19:45:00
1719171960000,2.887,2.892,2.887,2.892,2399.28,2024-06-23 19:46:00
1719172020000,2.891,2.891,2.888,2.888,388.38,2024-06-23 19:47:00
1719172080000,2.889,2.889,2.888,2.888,1037.04,2024-06-23 19:48:00
1719172140000,2.889,2.889,2.888,2.888,231.13,2024-06-23 19:49:00
1719172200000,2.888,2.901,2.885,2.893,16194.35,2024-06-23 19:50:00
1719172260000,2.893,2.893,2.889,2.89,1168.51,2024-06-23 19:51:00
1719172320000,2.89,2.894,2.89,2.893,612.93,2024-06-23 19:52:00
1719172380000,2.892,2.893,2.889,2.893,1761.84,2024-06-23 19:53:00
1719172440000,2.895,2.897,2.894,2.894,179.45,2024-06-23 19:54:00
1719172500000,2.892,2.892,2.89,2.89,429.59,2024-06-23 19:55:00
1719172560000,2.891,2.893,2.89,2.892,2234.38,2024-06-23 19:56:00
1719172620000,2.892,2.901,2.891,2.894,16090.44,2024-06-23 19:57:00
1719172680000,2.896,2.896,2.891,2.891,811.81,2024-06-23 19:58:00
1719172740000,2.891,2.891,2.89,2.891,1615.51,2024-06-23 19:59:00
1719172800000,2.89,2.893,2.886,2.89,4426.28,2024-06-23 20:00:00
1719172860000,2.89,2.89,2.887,2.888,665.84,2024-06-23 20:01:00
1719172920000,2.887,2.887,2.868,2.878,19075.44,2024-06-23 20:02:00
1719172980000,2.877,2.879,2.867,2.868,4209.82,2024-06-23 20:03:00
1719173040000,2.869,2.874,2.869,2.871,871.84,2024-06-23 20:04:00
1719173100000,2.869,2.873,2.858,2.86,4702.57,2024-06-23 20:05:00
1719173160000,2.861,2.868,2.857,2.864,5849.51,2024-06-23 20:06:00
1719173220000,2.864,2.864,2.853,2.857,6813.06,2024-06-23 20:07:00
1719173280000,2.855,2.861,2.854,2.855,3762.32,2024-06-23 20:08:00
1719173340000,2.855,2.858,2.85,2.852,3240.89,2024-06-23 20:09:00
1719173400000,2.852,2.854,2.842,2.846,5198.79,2024-06-23 20:10:00
1719173460000,2.845,2.846,2.842,2.843,816.39,2024-06-23 20:11:00
1719173520000,2.842,2.845,2.831,2.841,13767.89,2024-06-23 20:12:00
1719173580000,2.842,2.85,2.84,2.85,8297.89,2024-06-23 20:13:00
1719173640000,2.852,2.853,2.849,2.85,2616.44,2024-06-23 20:14:00
1719173700000,2.85,2.85,2.841,2.844,3284.53,2024-06-23 20:15:00
1719173760000,2.845,2.85,2.843,2.843,10108.69,2024-06-23 20:16:00
1719173820000,2.844,2.847,2.841,2.844,5335.22,2024-06-23 20:17:00
1719173880000,2.844,2.846,2.842,2.842,1396.54,2024-06-23 20:18:00
1719173940000,2.843,2.843,2.829,2.832,4125.51,2024-06-23 20:19:00
1719174000000,2.83,2.835,2.824,2.835,11653.18,2024-06-23 20:20:00
1719174060000,2.835,2.835,2.825,2.826,3137.68,2024-06-23 20:21:00
1719174120000,2.826,2.828,2.813,2.819,15394.46,2024-06-23 20:22:00
1719174180000,2.817,2.832,2.817,2.83,3596.98,2024-06-23 20:23:00
1719174240000,2.829,2.832,2.825,2.826,5830.81,2024-06-23 20:24:00
1719174300000,2.826,2.829,2.815,2.816,9238.89,2024-06-23 20:25:00
1719174360000,2.816,2.827,2.815,2.824,5588.92,2024-06-23 20:26:00
1719174420000,2.823,2.825,2.819,2.823,2543.48,2024-06-23 20:27:00
1719174480000,2.823,2.826,2.819,2.826,3275.12,2024-06-23 20:28:00
1719174540000,2.826,2.83,2.826,2.828,3077.15,2024-06-23 20:29:00
1719174600000,2.828,2.829,2.822,2.829,6324.02,2024-06-23 20:30:00
1719174660000,2.83,2.832,2.819,2.819,3071.1,2024-06-23 20:31:00
1719174720000,2.819,2.833,2.816,2.83,21356.9,2024-06-23 20:32:00
1719174780000,2.83,2.837,2.822,2.822,28074.64,2024-06-23 20:33:00
1719174840000,2.823,2.823,2.808,2.81,12520.71,2024-06-23 20:34:00
1719174900000,2.81,2.837,2.81,2.835,10019.31,2024-06-23 20:35:00
1719174960000,2.836,2.839,2.83,2.833,12966.46,2024-06-23 20:36:00
1719175020000,2.833,2.833,2.823,2.83,3116.86,2024-06-23 20:37:00
1719175080000,2.83,2.841,2.83,2.837,2840.28,2024-06-23 20:38:00
1719175140000,2.837,2.838,2.836,2.837,5685.96,2024-06-23 20:39:00
1719175200000,2.838,2.838,2.827,2.827,12471.58,2024-06-23 20:40:00
1719175260000,2.827,2.835,2.827,2.83,14871.16,2024-06-23 20:41:00
1719175320000,2.828,2.832,2.828,2.828,11233.14,2024-06-23 20:42:00
1719175380000,2.829,2.829,2.824,2.827,13521.67,2024-06-23 20:43:00
1719175440000,2.827,2.833,2.827,2.831,11565.69,2024-06-23 20:44:00
1719175500000,2.831,2.835,2.827,2.835,3404.62,2024-06-23 20:45:00
1719175560000,2.836,2.853,2.836,2.853,4769.66,2024-06-23 20:46:00
1719175620000,2.854,2.855,2.849,2.854,6772.21,2024-06-23 20:47:00
1719175680000,2.853,2.858,2.851,2.856,6488.74,2024-06-23 20:48:00
1719175740000,2.854,2.858,2.854,2.856,1388.77,2024-06-23 20:49:00
1719175800000,2.851,2.851,2.849,2.849,990.11,2024-06-23 20:50:00
1719175860000,2.849,2.852,2.848,2.852,4759.13,2024-06-23 20:51:00
1719175920000,2.852,2.88,2.851,2.874,14625.93,2024-06-23 20:52:00
1719175980000,2.873,2.873,2.858,2.858,5124.27,2024-06-23 20:53:00
1719176040000,2.857,2.864,2.857,2.861,3481.27,2024-06-23 20:54:00
1719176100000,2.861,2.861,2.854,2.856,1736.63,2024-06-23 20:55:00
1719176160000,2.856,2.857,2.853,2.853,1457.07,2024-06-23 20:56:00
1719176220000,2.853,2.863,2.853,2.863,3011.17,2024-06-23 20:57:00
1719176280000,2.862,2.862,2.85,2.851,3594.21,2024-06-23 20:58:00
1719176340000,2.852,2.862,2.852,2.861,2507.16,2024-06-23 20:59:00
1719176400000,2.862,2.863,2.855,2.859,2122.26,2024-06-23 21:00:00
1719176460000,2.861,2.874,2.861,2.874,6332.21,2024-06-23 21:01:00
1719176520000,2.874,2.875,2.867,2.867,1007.79,2024-06-23 21:02:00
1719176580000,2.866,2.871,2.864,2.867,2267.15,2024-06-23 21:03:00
1719176640000,2.866,2.866,2.862,2.863,1795.81,2024-06-23 21:04:00
1719176700000,2.863,2.863,2.852,2.852,3159.32,2024-06-23 21:05:00
1719176760000,2.853,2.862,2.852,2.861,6868.1,2024-06-23 21:06:00
1719176820000,2.861,2.861,2.854,2.857,5351.22,2024-06-23 21:07:00
1719176880000,2.856,2.856,2.848,2.854,7422.72,2024-06-23 21:08:00
1719176940000,2.854,2.854,2.85,2.853,2557.97,2024-06-23 21:09:00
1719177000000,2.853,2.854,2.849,2.854,1670.02,2024-06-23 21:10:00
1719177060000,2.854,2.864,2.854,2.862,2951.23,2024-06-23 21:11:00
1719177120000,2.863,2.863,2.858,2.858,569.11,2024-06-23 21:12:00
1719177180000,2.858,2.865,2.858,2.862,2155.88,2024-06-23 21:13:00
1719177240000,2.862,2.862,2.855,2.856,938.59,2024-06-23 21:14:00
1719177300000,2.855,2.855,2.849,2.852,2366.92,2024-06-23 21:15:00
1719177360000,2.856,2.86,2.856,2.859,1720.88,2024-06-23 21:16:00
1719177420000,2.857,2.861,2.855,2.86,5838.14,2024-06-23 21:17:00
1719177480000,2.861,2.861,2.853,2.858,3349.54,2024-06-23 21:18:00
1719177540000,2.859,2.859,2.852,2.856,1591.74,2024-06-23 21:19:00
1719177600000,2.856,2.861,2.848,2.849,14206.0,2024-06-23 21:20:00
1719177660000,2.85,2.857,2.85,2.854,3106.71,2024-06-23 21:21:00
1719177720000,2.855,2.885,2.854,2.879,62055.85,2024-06-23 21:22:00
1719177780000,2.874,2.88,2.872,2.877,10000.56,2024-06-23 21:23:00
1719177840000,2.875,2.878,2.868,2.87,7290.17,2024-06-23 21:24:00
1719177900000,2.87,2.87,2.863,2.869,2811.7,2024-06-23 21:25:00
1719177960000,2.868,2.871,2.866,2.867,1545.26,2024-06-23 21:26:00
1719178020000,2.867,2.871,2.86,2.86,2259.08,2024-06-23 21:27:00
1719178080000,2.86,2.865,2.859,2.859,3597.8,2024-06-23 21:28:00
1719178140000,2.858,2.859,2.853,2.853,2831.05,2024-06-23 21:29:00
1719178200000,2.853,2.853,2.813,2.832,92250.95,2024-06-23 21:30:00
1719178260000,2.834,2.844,2.833,2.843,6443.95,2024-06-23 21:31:00
1719178320000,2.844,2.846,2.837,2.837,6572.73,2024-06-23 21:32:00
1719178380000,2.84,2.843,2.837,2.843,3265.03,2024-06-23 21:33:00
1719178440000,2.842,2.843,2.837,2.84,3396.16,2024-06-23 21:34:00
1719178500000,2.841,2.841,2.837,2.837,9961.41,2024-06-23 21:35:00
1719178560000,2.838,2.839,2.837,2.838,4190.93,2024-06-23 21:36:00
1719178620000,2.838,2.844,2.838,2.844,4959.61,2024-06-23 21:37:00
1719178680000,2.844,2.845,2.839,2.841,2379.53,2024-06-23 21:38:00
1719178740000,2.839,2.841,2.837,2.838,1050.0,2024-06-23 21:39:00
1719178800000,2.838,2.842,2.837,2.839,12045.03,2024-06-23 21:40:00
1719178860000,2.839,2.839,2.837,2.839,2241.97,2024-06-23 21:41:00
1719178920000,2.839,2.84,2.837,2.837,4054.14,2024-06-23 21:42:00
1719178980000,2.838,2.839,2.837,2.837,1932.43,2024-06-23 21:43:00
1719179040000,2.837,2.838,2.827,2.829,16554.52,2024-06-23 21:44:00
1719179100000,2.83,2.834,2.823,2.824,2744.7,2024-06-23 21:45:00
1719179160000,2.825,2.827,2.821,2.823,2795.17,2024-06-23 21:46:00
1719179220000,2.824,2.828,2.824,2.828,205.18,2024-06-23 21:47:00
1719179280000,2.826,2.828,2.823,2.824,12263.53,2024-06-23 21:48:00
1719179340000,2.826,2.83,2.825,2.83,354.8,2024-06-23 21:49:00
1719179400000,2.833,2.835,2.833,2.835,199.01,2024-06-23 21:50:00
1719179460000,2.835,2.836,2.834,2.836,449.33,2024-06-23 21:51:00
1719179520000,2.836,2.836,2.833,2.833,2241.11,2024-06-23 21:52:00
1719179580000,2.834,2.834,2.823,2.826,6109.97,2024-06-23 21:53:00
1719179640000,2.826,2.833,2.826,2.832,2558.68,2024-06-23 21:54:00
1719179700000,2.832,2.832,2.828,2.831,1848.47,2024-06-23 21:55:00
1719179760000,2.83,2.83,2.827,2.829,927.36,2024-06-23 21:56:00
1719179820000,2.83,2.832,2.829,2.83,1026.24,2024-06-23 21:57:00
1719179880000,2.829,2.83,2.828,2.828,4604.1,2024-06-23 21:58:00
1719179940000,2.828,2.837,2.828,2.836,15624.63,2024-06-23 21:59:00
1719180000000,2.837,2.838,2.829,2.829,6609.57,2024-06-23 22:00:00
1719180060000,2.828,2.828,2.821,2.825,3636.79,2024-06-23 22:01:00
1719180120000,2.825,2.827,2.823,2.824,1704.37,2024-06-23 22:02:00
1719180180000,2.824,2.824,2.823,2.824,2159.41,2024-06-23 22:03:00
1719180240000,2.823,2.823,2.816,2.817,12532.31,2024-06-23 22:04:00
1719180300000,2.818,2.836,2.817,2.822,20305.6,2024-06-23 22:05:00
1719180360000,2.821,2.828,2.819,2.82,21295.78,2024-06-23 22:06:00
1719180420000,2.82,2.824,2.816,2.818,5918.77,2024-06-23 22:07:00
1719180480000,2.818,2.824,2.818,2.82,3107.87,2024-06-23 22:08:00
1719180540000,2.82,2.82,2.817,2.819,852.13,2024-06-23 22:09:00
1719180600000,2.818,2.82,2.793,2.817,66929.38,2024-06-23 22:10:00
1719180660000,2.817,2.85,2.816,2.825,54997.08,2024-06-23 22:11:00
1719180720000,2.823,2.824,2.809,2.811,5458.48,2024-06-23 22:12:00
1719180780000,2.808,2.819,2.808,2.809,18671.04,2024-06-23 22:13:00
1719180840000,2.808,2.808,2.75,2.77,161406.27,2024-06-23 22:14:00
1719180900000,2.771,2.782,2.769,2.777,19499.55,2024-06-23 22:15:00
1719180960000,2.775,2.785,2.775,2.782,8261.56,2024-06-23 22:16:00
1719181020000,2.781,2.798,2.781,2.796,21206.36,2024-06-23 22:17:00
1719181080000,2.794,2.8,2.786,2.797,22865.17,2024-06-23 22:18:00
1719181140000,2.797,2.8,2.793,2.793,7679.6,2024-06-23 22:19:00
1719181200000,2.793,2.795,2.792,2.792,2688.65,2024-06-23 22:20:00
1719181260000,2.792,2.792,2.776,2.787,11408.3,2024-06-23 22:21:00
1719181320000,2.79,2.793,2.781,2.79,23200.51,2024-06-23 22:22:00
1719181380000,2.791,2.794,2.775,2.777,19489.91,2024-06-23 22:23:00
1719181440000,2.776,2.791,2.774,2.788,8993.88,2024-06-23 22:24:00
1719181500000,2.787,2.787,2.775,2.783,6226.44,2024-06-23 22:25:00
1719181560000,2.782,2.787,2.78,2.786,2604.94,2024-06-23 22:26:00
1719181620000,2.786,2.794,2.777,2.784,14023.63,2024-06-23 22:27:00
1719181680000,2.784,2.786,2.78,2.784,3452.16,2024-06-23 22:28:00
1719181740000,2.785,2.793,2.785,2.79,4544.14,2024-06-23 22:29:00
1719181800000,2.79,2.793,2.789,2.793,5008.12,2024-06-23 22:30:00
1719181860000,2.792,2.794,2.792,2.793,1631.9,2024-06-23 22:31:00
1719181920000,2.794,2.8,2.778,2.784,22883.71,2024-06-23 22:32:00
1719181980000,2.784,2.798,2.784,2.795,2641.99,2024-06-23 22:33:00
1719182040000,2.795,2.795,2.786,2.786,3730.68,2024-06-23 22:34:00
1719182100000,2.786,2.787,2.777,2.777,8530.85,2024-06-23 22:35:00
1719182160000,2.777,2.781,2.776,2.779,2880.85,2024-06-23 22:36:00
1719182220000,2.779,2.793,2.779,2.793,7156.12,2024-06-23 22:37:00
1719182280000,2.792,2.793,2.786,2.787,4672.67,2024-06-23 22:38:00
1719182340000,2.789,2.799,2.789,2.796,2628.05,2024-06-23 22:39:00
1719182400000,2.794,2.8,2.792,2.793,5669.64,2024-06-23 22:40:00
1719182460000,2.792,2.801,2.789,2.801,5953.91,2024-06-23 22:41:00
1719182520000,2.801,2.808,2.801,2.804,6303.89,2024-06-23 22:42:00
1719182580000,2.804,2.825,2.804,2.818,34810.92,2024-06-23 22:43:00
1719182640000,2.819,2.833,2.813,2.823,21218.51,2024-06-23 22:44:00
1719182700000,2.824,2.825,2.813,2.818,5885.53,2024-06-23 22:45:00
1719182760000,2.822,2.824,2.815,2.817,3152.52,2024-06-23 22:46:00
1719182820000,2.817,2.832,2.817,2.831,4670.82,2024-06-23 22:47:00
1719182880000,2.832,2.833,2.812,2.818,14294.08,2024-06-23 22:48:00
1719182940000,2.82,2.822,2.817,2.821,2593.81,2024-06-23 22:49:00
1719183000000,2.822,2.822,2.813,2.818,3726.38,2024-06-23 22:50:00
1719183060000,2.82,2.822,2.814,2.818,3158.61,2024-06-23 22:51:00
1719183120000,2.818,2.821,2.814,2.815,2037.45,2024-06-23 22:52:00
1719183180000,2.815,2.821,2.809,2.821,4823.78,2024-06-23 22:53:00
1719183240000,2.823,2.827,2.821,2.821,4813.81,2024-06-23 22:54:00
1719183300000,2.82,2.824,2.783,2.801,128659.45,2024-06-23 22:55:00
1719183360000,2.8,2.815,2.8,2.815,11873.17,2024-06-23 22:56:00
1719183420000,2.814,2.814,2.804,2.808,3285.88,2024-06-23 22:57:00
1719183480000,2.808,2.811,2.805,2.806,2213.69,2024-06-23 22:58:00
1719183540000,2.806,2.808,2.805,2.806,1622.32,2024-06-23 22:59:00
1719183600000,2.806,2.807,2.796,2.797,2611.35,2024-06-23 23:00:00
1719183660000,2.797,2.799,2.793,2.797,8316.03,2024-06-23 23:01:00
1719183720000,2.797,2.799,2.793,2.793,6737.86,2024-06-23 23:02:00
1719183780000,2.793,2.795,2.79,2.795,2899.58,2024-06-23 23:03:00
1719183840000,2.796,2.797,2.793,2.793,3390.65,2024-06-23 23:04:00
1719183900000,2.792,2.792,2.787,2.791,4264.63,2024-06-23 23:05:00
1719183960000,2.792,2.794,2.784,2.79,5996.56,2024-06-23 23:06:00
1719184020000,2.79,2.792,2.789,2.792,1590.92,2024-06-23 23:07:00
1719184080000,2.792,2.796,2.79,2.795,3622.77,2024-06-23 23:08:00
1719184140000,2.795,2.801,2.795,2.8,7310.13,2024-06-23 23:09:00
1719184200000,2.799,2.802,2.792,2.799,8940.21,2024-06-23 23:10:00
1719184260000,2.798,2.798,2.791,2.793,1187.14,2024-06-23 23:11:00
1719184320000,2.796,2.797,2.792,2.793,1063.65,2024-06-23 23:12:00
1719184380000,2.793,2.796,2.791,2.795,977.69,2024-06-23 23:13:00
1719184440000,2.795,2.798,2.791,2.798,412.99,2024-06-23 23:14:00
1719184500000,2.798,2.798,2.789,2.796,3413.95,2024-06-23 23:15:00
1719184560000,2.795,2.795,2.79,2.79,2733.57,2024-06-23 23:16:00
1719184620000,2.79,2.795,2.789,2.793,2769.56,2024-06-23 23:17:00
1719184680000,2.793,2.793,2.789,2.791,1735.38,2024-06-23 23:18:00
1719184740000,2.791,2.792,2.786,2.791,4332.62,2024-06-23 23:19:00
1719184800000,2.791,2.796,2.791,2.795,4235.4,2024-06-23 23:20:00
1719184860000,2.796,2.8,2.795,2.8,652.52,2024-06-23 23:21:00
1719184920000,2.802,2.816,2.802,2.815,5590.05,2024-06-23 23:22:00
1719184980000,2.816,2.816,2.805,2.808,6150.52,2024-06-23 23:23:00
1719185040000,2.808,2.811,2.803,2.811,8835.49,2024-06-23 23:24:00
1719185100000,2.81,2.81,2.804,2.807,6853.29,2024-06-23 23:25:00
1719185160000,2.807,2.808,2.8,2.802,4959.8,2024-06-23 23:26:00
1719185220000,2.801,2.807,2.797,2.806,13679.64,2024-06-23 23:27:00
1719185280000,2.805,2.805,2.797,2.799,3771.66,2024-06-23 23:28:00
1719185340000,2.798,2.8,2.794,2.795,3148.69,2024-06-23 23:29:00
1719185400000,2.796,2.796,2.779,2.784,32881.0,2024-06-23 23:30:00
1719185460000,2.784,2.788,2.779,2.783,12072.35,2024-06-23 23:31:00
1719185520000,2.783,2.786,2.782,2.782,4236.04,2024-06-23 23:32:00
1719185580000,2.783,2.785,2.782,2.783,1771.43,2024-06-23 23:33:00
1719185640000,2.783,2.786,2.779,2.783,19082.98,2024-06-23 23:34:00
1719185700000,2.782,2.791,2.781,2.789,8041.9,2024-06-23 23:35:00
1719185760000,2.789,2.794,2.788,2.788,15462.33,2024-06-23 23:36:00
1719185820000,2.788,2.795,2.788,2.795,8501.11,2024-06-23 23:37:00
1719185880000,2.795,2.795,2.786,2.787,16362.55,2024-06-23 23:38:00
1719185940000,2.787,2.792,2.785,2.79,6957.88,2024-06-23 23:39:00
1719186000000,2.79,2.795,2.789,2.794,4203.67,2024-06-23 23:40:00
1719186060000,2.795,2.798,2.795,2.797,5050.73,2024-06-23 23:41:00
1719186120000,2.798,2.799,2.794,2.799,5723.46,2024-06-23 23:42:00
1719186180000,2.799,2.805,2.793,2.805,18720.61,2024-06-23 23:43:00
1719186240000,2.805,2.809,2.803,2.807,3996.77,2024-06-23 23:44:00
1719186300000,2.806,2.809,2.806,2.809,3461.92,2024-06-23 23:45:00
1719186360000,2.809,2.813,2.806,2.811,13800.88,2024-06-23 23:46:00
1719186420000,2.811,2.811,2.8,2.808,15908.04,2024-06-23 23:47:00
1719186480000,2.809,2.809,2.802,2.802,1517.84,2024-06-23 23:48:00
1719186540000,2.803,2.808,2.802,2.807,8355.12,2024-06-23 23:49:00
1719186600000,2.807,2.807,2.799,2.802,5074.41,2024-06-23 23:50:00
1719186660000,2.802,2.81,2.802,2.809,6806.06,2024-06-23 23:51:00
1719186720000,2.809,2.813,2.809,2.812,369.6,2024-06-23 23:52:00
1719186780000,2.813,2.814,2.812,2.812,3081.49,2024-06-23 23:53:00
1719186840000,2.812,2.812,2.807,2.807,12887.2,2024-06-23 23:54:00
1719186900000,2.808,2.812,2.806,2.812,3085.89,2024-06-23 23:55:00
1719186960000,2.812,2.812,2.804,2.807,11275.4,2024-06-23 23:56:00
1719187020000,2.809,2.809,2.801,2.804,10366.09,2024-06-23 23:57:00
1719187080000,2.804,2.816,2.804,2.814,13059.74,2024-06-23 23:58:00
1719187140000,2.814,2.814,2.806,2.808,8364.71,2024-06-23 23:59:00
1719187200000,2.807,2.812,2.802,2.811,5497.84,2024-06-24 00:00:00
1719187260000,2.811,2.811,2.804,2.81,5961.94,2024-06-24 00:01:00
1719187320000,2.809,2.809,2.803,2.805,2582.31,2024-06-24 00:02:00
1719187380000,2.805,2.805,2.794,2.799,7776.31,2024-06-24 00:03:00
1719187440000,2.799,2.799,2.783,2.786,9315.59,2024-06-24 00:04:00
1719187500000,2.786,2.786,2.775,2.777,16173.96,2024-06-24 00:05:00
1719187560000,2.777,2.79,2.763,2.788,60357.73,2024-06-24 00:06:00
1719187620000,2.788,2.799,2.788,2.789,14225.49,2024-06-24 00:07:00
1719187680000,2.789,2.796,2.789,2.794,3854.11,2024-06-24 00:08:00
1719187740000,2.794,2.797,2.792,2.796,3622.92,2024-06-24 00:09:00
1719187800000,2.797,2.797,2.792,2.796,2345.94,2024-06-24 00:10:00
1719187860000,2.796,2.798,2.794,2.794,8496.87,2024-06-24 00:11:00
1719187920000,2.793,2.799,2.791,2.799,6087.7,2024-06-24 00:12:00
1719187980000,2.799,2.807,2.799,2.807,5183.95,2024-06-24 00:13:00
1719188040000,2.806,2.806,2.797,2.806,2910.76,2024-06-24 00:14:00
1719188100000,2.805,2.818,2.804,2.817,8109.59,2024-06-24 00:15:00
1719188160000,2.818,2.818,2.809,2.81,6256.3,2024-06-24 00:16:00
1719188220000,2.808,2.811,2.804,2.804,2313.74,2024-06-24 00:17:00
1719188280000,2.803,2.803,2.797,2.802,4241.87,2024-06-24 00:18:00
1719188340000,2.8,2.8,2.79,2.795,3749.88,2024-06-24 00:19:00
1719188400000,2.794,2.798,2.787,2.797,9654.13,2024-06-24 00:20:00
1719188460000,2.798,2.802,2.795,2.8,8575.34,2024-06-24 00:21:00
1719188520000,2.8,2.801,2.796,2.798,4240.62,2024-06-24 00:22:00
1719188580000,2.797,2.804,2.797,2.804,3074.38,2024-06-24 00:23:00
1719188640000,2.804,2.814,2.804,2.814,4911.44,2024-06-24 00:24:00
1719188700000,2.813,2.814,2.807,2.808,10358.12,2024-06-24 00:25:00
1719188760000,2.808,2.808,2.803,2.805,4879.0,2024-06-24 00:26:00
1719188820000,2.801,2.801,2.797,2.799,1856.84,2024-06-24 00:27:00
1719188880000,2.799,2.799,2.793,2.794,318.13,2024-06-24 00:28:00
1719188940000,2.794,2.795,2.786,2.79,5383.23,2024-06-24 00:29:00
1719189000000,2.789,2.794,2.785,2.794,4618.79,2024-06-24 00:30:00
1719189060000,2.793,2.794,2.783,2.783,4709.34,2024-06-24 00:31:00
1719189120000,2.785,2.789,2.78,2.782,2905.59,2024-06-24 00:32:00
1719189180000,2.782,2.785,2.778,2.778,2936.86,2024-06-24 00:33:00
1719189240000,2.779,2.784,2.773,2.775,6542.48,2024-06-24 00:34:00
1719189300000,2.776,2.784,2.775,2.783,2502.42,2024-06-24 00:35:00
1719189360000,2.785,2.797,2.785,2.793,5543.29,2024-06-24 00:36:00
1719189420000,2.793,2.798,2.79,2.798,7714.78,2024-06-24 00:37:00
1719189480000,2.798,2.809,2.798,2.806,4149.88,2024-06-24 00:38:00
1719189540000,2.806,2.818,2.806,2.816,15922.94,2024-06-24 00:39:00
1719189600000,2.816,2.833,2.811,2.823,34507.14,2024-06-24 00:40:00
1719189660000,2.823,2.836,2.823,2.83,31490.53,2024-06-24 00:41:00
1719189720000,2.829,2.869,2.821,2.857,50615.01,2024-06-24 00:42:00
1719189780000,2.857,2.857,2.827,2.831,26447.61,2024-06-24 00:43:00
1719189840000,2.83,2.83,2.816,2.816,17493.43,2024-06-24 00:44:00
1719189900000,2.816,2.838,2.815,2.835,15962.77,2024-06-24 00:45:00
1719189960000,2.833,2.833,2.814,2.816,10222.61,2024-06-24 00:46:00
1719190020000,2.816,2.816,2.804,2.812,10150.78,2024-06-24 00:47:00
1719190080000,2.812,2.817,2.802,2.806,4363.71,2024-06-24 00:48:00
1719190140000,2.806,2.814,2.801,2.806,6596.54,2024-06-24 00:49:00
1719190200000,2.806,2.809,2.803,2.804,1650.15,2024-06-24 00:50:00
1719190260000,2.804,2.818,2.804,2.818,280.19,2024-06-24 00:51:00
1719190320000,2.816,2.816,2.8,2.8,3505.97,2024-06-24 00:52:00
1719190380000,2.8,2.801,2.789,2.79,14527.37,2024-06-24 00:53:00
1719190440000,2.792,2.795,2.777,2.79,23746.92,2024-06-24 00:54:00
1719190500000,2.79,2.8,2.79,2.799,2319.32,2024-06-24 00:55:00
1719190560000,2.8,2.805,2.799,2.805,2087.9,2024-06-24 00:56:00
1719190620000,2.804,2.804,2.784,2.788,3431.88,2024-06-24 00:57:00
1719190680000,2.787,2.79,2.781,2.789,6093.93,2024-06-24 00:58:00
1719190740000,2.79,2.8,2.79,2.796,5751.59,2024-06-24 00:59:00
1719190800000,2.795,2.795,2.786,2.786,4251.54,2024-06-24 01:00:00
1719190860000,2.784,2.786,2.779,2.78,5576.87,2024-06-24 01:01:00
1719190920000,2.78,2.793,2.779,2.792,3869.93,2024-06-24 01:02:00
1719190980000,2.794,2.801,2.792,2.798,2367.84,2024-06-24 01:03:00
1719191040000,2.798,2.807,2.793,2.806,5834.25,2024-06-24 01:04:00
1719191100000,2.804,2.807,2.799,2.807,1839.94,2024-06-24 01:05:00
1719191160000,2.803,2.803,2.798,2.803,2841.91,2024-06-24 01:06:00
1719191220000,2.803,2.804,2.796,2.799,3101.09,2024-06-24 01:07:00
1719191280000,2.802,2.802,2.794,2.796,1986.71,2024-06-24 01:08:00
1719191340000,2.796,2.796,2.791,2.791,1716.17,2024-06-24 01:09:00
1719191400000,2.791,2.823,2.791,2.803,18587.39,2024-06-24 01:10:00
1719191460000,2.803,2.803,2.795,2.801,8264.67,2024-06-24 01:11:00
1719191520000,2.802,2.802,2.795,2.799,8449.26,2024-06-24 01:12:00
1719191580000,2.799,2.805,2.799,2.805,5201.47,2024-06-24 01:13:00
1719191640000,2.805,2.805,2.796,2.796,3873.52,2024-06-24 01:14:00
1719191700000,2.796,2.804,2.793,2.804,2980.58,2024-06-24 01:15:00
1719191760000,2.805,2.805,2.793,2.793,6177.44,2024-06-24 01:16:00
1719191820000,2.791,2.791,2.786,2.788,5302.3,2024-06-24 01:17:00
1719191880000,2.788,2.79,2.781,2.781,8799.18,2024-06-24 01:18:00
1719191940000,2.782,2.789,2.782,2.785,2796.7,2024-06-24 01:19:00
1719192000000,2.785,2.786,2.776,2.777,3830.4,2024-06-24 01:20:00
1719192060000,2.777,2.779,2.768,2.776,8976.56,2024-06-24 01:21:00
1719192120000,2.776,2.782,2.768,2.77,6146.41,2024-06-24 01:22:00
1719192180000,2.769,2.773,2.753,2.762,21163.48,2024-06-24 01:23:00
1719192240000,2.762,2.771,2.76,2.767,7853.04,2024-06-24 01:24:00
1719192300000,2.768,2.778,2.761,2.777,13810.39,2024-06-24 01:25:00
1719192360000,2.778,2.783,2.774,2.777,12461.03,2024-06-24 01:26:00
1719192420000,2.777,2.787,2.775,2.787,8042.9,2024-06-24 01:27:00
1719192480000,2.787,2.793,2.786,2.789,3667.36,2024-06-24 01:28:00
1719192540000,2.789,2.794,2.785,2.788,5423.02,2024-06-24 01:29:00
1719192600000,2.788,2.799,2.788,2.799,3909.66,2024-06-24 01:30:00
1719192660000,2.799,2.801,2.795,2.797,4785.39,2024-06-24 01:31:00
1719192720000,2.797,2.797,2.793,2.793,1921.67,2024-06-24 01:32:00
1719192780000,2.793,2.793,2.784,2.792,6527.69,2024-06-24 01:33:00
1719192840000,2.791,2.8,2.79,2.792,5010.72,2024-06-24 01:34:00
1719192900000,2.795,2.803,2.795,2.802,1367.1,2024-06-24 01:35:00
1719192960000,2.802,2.808,2.802,2.802,5598.29,2024-06-24 01:36:00
1719193020000,2.802,2.809,2.8,2.809,2588.31,2024-06-24 01:37:00
1719193080000,2.809,2.816,2.809,2.813,4051.58,2024-06-24 01:38:00
1719193140000,2.814,2.814,2.802,2.804,5606.12,2024-06-24 01:39:00
1719193200000,2.805,2.807,2.799,2.799,2758.23,2024-06-24 01:40:00
1719193260000,2.799,2.802,2.795,2.801,8156.17,2024-06-24 01:41:00
1719193320000,2.801,2.808,2.799,2.808,2297.89,2024-06-24 01:42:00
1719193380000,2.808,2.814,2.807,2.814,2079.26,2024-06-24 01:43:00
1719193440000,2.813,2.814,2.81,2.812,1705.34,2024-06-24 01:44:00
1719193500000,2.812,2.821,2.812,2.821,3789.12,2024-06-24 01:45:00
1719193560000,2.821,2.821,2.816,2.818,1447.64,2024-06-24 01:46:00
1719193620000,2.818,2.819,2.813,2.814,7425.25,2024-06-24 01:47:00
1719193680000,2.813,2.813,2.808,2.812,779.86,2024-06-24 01:48:00
1719193740000,2.812,2.822,2.81,2.822,3250.5,2024-06-24 01:49:00
1719193800000,2.821,2.826,2.821,2.823,2179.57,2024-06-24 01:50:00
1719193860000,2.824,2.832,2.823,2.826,10784.5,2024-06-24 01:51:00
1719193920000,2.826,2.826,2.815,2.816,3600.24,2024-06-24 01:52:00
1719193980000,2.815,2.817,2.81,2.817,2834.38,2024-06-24 01:53:00
1719194040000,2.817,2.817,2.809,2.811,2005.86,2024-06-24 01:54:00
1719194100000,2.81,2.815,2.805,2.811,4898.65,2024-06-24 01:55:00
1719194160000,2.81,2.823,2.81,2.82,4387.52,2024-06-24 01:56:00
1719194220000,2.82,2.835,2.819,2.832,26146.83,2024-06-24 01:57:00
1719194280000,2.832,2.837,2.828,2.836,2587.71,2024-06-24 01:58:00
1719194340000,2.836,2.841,2.829,2.837,8880.57,2024-06-24 01:59:00
1719194400000,2.839,2.84,2.823,2.831,18391.27,2024-06-24 02:00:00
1719194460000,2.831,2.832,2.823,2.832,7454.64,2024-06-24 02:01:00
1719194520000,2.832,2.852,2.832,2.852,56392.01,2024-06-24 02:02:00
1719194580000,2.852,2.852,2.842,2.847,5124.47,2024-06-24 02:03:00
1719194640000,2.845,2.846,2.841,2.842,5168.02,2024-06-24 02:04:00
1719194700000,2.842,2.852,2.839,2.85,14613.16,2024-06-24 02:05:00
1719194760000,2.851,2.852,2.839,2.84,7049.61,2024-06-24 02:06:00
1719194820000,2.84,2.846,2.838,2.838,3668.83,2024-06-24 02:07:00
1719194880000,2.837,2.84,2.835,2.839,2692.19,2024-06-24 02:08:00
1719194940000,2.84,2.843,2.834,2.843,5865.18,2024-06-24 02:09:00
1719195000000,2.842,2.848,2.842,2.842,4301.06,2024-06-24 02:10:00
1719195060000,2.84,2.84,2.835,2.836,1367.21,2024-06-24 02:11:00
1719195120000,2.837,2.838,2.824,2.824,5077.25,2024-06-24 02:12:00
1719195180000,2.824,2.829,2.823,2.829,10451.06,2024-06-24 02:13:00
1719195240000,2.829,2.831,2.82,2.82,4621.33,2024-06-24 02:14:00
1719195300000,2.821,2.834,2.821,2.833,2318.69,2024-06-24 02:15:00
1719195360000,2.834,2.838,2.833,2.836,2734.43,2024-06-24 02:16:00
1719195420000,2.836,2.836,2.83,2.83,777.41,2024-06-24 02:17:00
1719195480000,2.83,2.83,2.824,2.824,1488.95,2024-06-24 02:18:00
1719195540000,2.824,2.826,2.82,2.822,6828.51,2024-06-24 02:19:00
1719195600000,2.822,2.823,2.816,2.818,1253.85,2024-06-24 02:20:00
1719195660000,2.818,2.818,2.81,2.812,1881.23,2024-06-24 02:21:00
1719195720000,2.812,2.819,2.811,2.818,999.16,2024-06-24 02:22:00
1719195780000,2.816,2.818,2.812,2.812,1387.3,2024-06-24 02:23:00
1719195840000,2.815,2.818,2.814,2.818,336.52,2024-06-24 02:24:00
1719195900000,2.818,2.818,2.815,2.815,989.93,2024-06-24 02:25:00
1719195960000,2.815,2.823,2.813,2.82,10467.84,2024-06-24 02:26:00
1719196020000,2.82,2.82,2.807,2.814,7814.81,2024-06-24 02:27:00
1719196080000,2.816,2.817,2.816,2.816,208.66,2024-06-24 02:28:00
1719196140000,2.816,2.819,2.814,2.814,2240.88,2024-06-24 02:29:00
1719196200000,2.815,2.816,2.813,2.813,370.49,2024-06-24 02:30:00
1719196260000,2.812,2.812,2.8,2.805,4035.56,2024-06-24 02:31:00
1719196320000,2.805,2.806,2.802,2.806,408.9,2024-06-24 02:32:00
1719196380000,2.806,2.807,2.804,2.807,245.94,2024-06-24 02:33:00
1719196440000,2.808,2.809,2.807,2.807,1598.86,2024-06-24 02:34:00
1719196500000,2.808,2.809,2.806,2.807,3842.98,2024-06-24 02:35:00
1719196560000,2.807,2.81,2.804,2.807,646.77,2024-06-24 02:36:00
1719196620000,2.807,2.809,2.801,2.804,3903.75,2024-06-24 02:37:00
1719196680000,2.805,2.805,2.797,2.798,7099.41,2024-06-24 02:38:00
1719196740000,2.798,2.798,2.792,2.792,4952.58,2024-06-24 02:39:00
1719196800000,2.792,2.794,2.788,2.79,5316.6,2024-06-24 02:40:00
1719196860000,2.791,2.791,2.781,2.784,11378.71,2024-06-24 02:41:00
1719196920000,2.785,2.786,2.78,2.786,6648.33,2024-06-24 02:42:00
1719196980000,2.787,2.789,2.779,2.781,3292.01,2024-06-24 02:43:00
1719197040000,2.78,2.784,2.779,2.784,1149.92,2024-06-24 02:44:00
1719197100000,2.783,2.788,2.779,2.784,14089.17,2024-06-24 02:45:00
1719197160000,2.784,2.788,2.782,2.788,425.32,2024-06-24 02:46:00
1719197220000,2.788,2.793,2.788,2.792,4495.03,2024-06-24 02:47:00
1719197280000,2.792,2.792,2.791,2.792,719.11,2024-06-24 02:48:00
1719197340000,2.792,2.793,2.781,2.783,5381.43,2024-06-24 02:49:00
1719197400000,2.783,2.785,2.783,2.783,720.02,2024-06-24 02:50:00
1719197460000,2.783,2.784,2.775,2.777,5758.22,2024-06-24 02:51:00
1719197520000,2.778,2.78,2.775,2.777,4340.36,2024-06-24 02:52:00
1719197580000,2.777,2.781,2.776,2.78,6568.21,2024-06-24 02:53:00
1719197640000,2.78,2.783,2.772,2.773,6452.85,2024-06-24 02:54:00
1719197700000,2.772,2.772,2.758,2.769,21274.16,2024-06-24 02:55:00
1719197760000,2.768,2.774,2.768,2.772,3387.02,2024-06-24 02:56:00
1719197820000,2.771,2.785,2.77,2.779,5313.66,2024-06-24 02:57:00
1719197880000,2.778,2.783,2.776,2.782,10251.71,2024-06-24 02:58:00
1719197940000,2.782,2.783,2.775,2.775,1671.04,2024-06-24 02:59:00
1719198000000,2.777,2.791,2.776,2.786,7853.5,2024-06-24 03:00:00
1719198060000,2.787,2.795,2.787,2.789,5981.32,2024-06-24 03:01:00
1719198120000,2.788,2.788,2.772,2.779,10356.89,2024-06-24 03:02:00
1719198180000,2.778,2.788,2.775,2.776,24493.53,2024-06-24 03:03:00
1719198240000,2.776,2.776,2.773,2.773,2586.89,2024-06-24 03:04:00
1719198300000,2.773,2.775,2.77,2.775,4576.29,2024-06-24 03:05:00
1719198360000,2.772,2.772,2.764,2.764,5982.69,2024-06-24 03:06:00
1719198420000,2.764,2.772,2.762,2.772,3776.29,2024-06-24 03:07:00
1719198480000,2.771,2.785,2.771,2.783,5880.79,2024-06-24 03:08:00
1719198540000,2.78,2.79,2.78,2.784,3396.15,2024-06-24 03:09:00
1719198600000,2.784,2.791,2.784,2.79,2103.73,2024-06-24 03:10:00
1719198660000,2.791,2.792,2.789,2.789,4124.69,2024-06-24 03:11:00
1719198720000,2.79,2.792,2.785,2.788,2394.66,2024-06-24 03:12:00
1719198780000,2.788,2.794,2.788,2.789,1604.98,2024-06-24 03:13:00
1719198840000,2.789,2.79,2.783,2.79,1916.33,2024-06-24 03:14:00
1719198900000,2.79,2.792,2.785,2.787,1429.19,2024-06-24 03:15:00
1719198960000,2.789,2.805,2.789,2.797,11753.86,2024-06-24 03:16:00
1719199020000,2.796,2.798,2.794,2.796,2507.45,2024-06-24 03:17:00
1719199080000,2.796,2.796,2.792,2.793,4565.5,2024-06-24 03:18:00
1719199140000,2.792,2.793,2.791,2.792,319.53,2024-06-24 03:19:00
1719199200000,2.792,2.793,2.787,2.79,878.3,2024-06-24 03:20:00
1719199260000,2.789,2.792,2.782,2.782,2542.89,2024-06-24 03:21:00
1719199320000,2.78,2.788,2.779,2.786,5828.88,2024-06-24 03:22:00
1719199380000,2.785,2.786,2.78,2.781,564.11,2024-06-24 03:23:00
1719199440000,2.782,2.786,2.782,2.784,599.16,2024-06-24 03:24:00
1719199500000,2.784,2.787,2.779,2.787,6301.31,2024-06-24 03:25:00
1719199560000,2.787,2.787,2.779,2.782,6397.39,2024-06-24 03:26:00
1719199620000,2.781,2.781,2.764,2.766,6221.62,2024-06-24 03:27:00
1719199680000,2.765,2.768,2.764,2.767,2308.46,2024-06-24 03:28:00
1719199740000,2.767,2.77,2.764,2.767,9533.72,2024-06-24 03:29:00
1719199800000,2.767,2.767,2.76,2.761,8742.82,2024-06-24 03:30:00
1719199860000,2.763,2.763,2.722,2.741,67770.32,2024-06-24 03:31:00
1719199920000,2.741,2.741,2.726,2.731,57461.54,2024-06-24 03:32:00
1719199980000,2.732,2.738,2.722,2.736,22465.04,2024-06-24 03:33:00
1719200040000,2.735,2.743,2.735,2.742,6624.46,2024-06-24 03:34:00
1719200100000,2.744,2.747,2.742,2.745,3652.14,2024-06-24 03:35:00
1719200160000,2.742,2.748,2.739,2.739,3912.86,2024-06-24 03:36:00
1719200220000,2.739,2.744,2.739,2.744,2773.21,2024-06-24 03:37:00
1719200280000,2.743,2.743,2.742,2.743,620.69,2024-06-24 03:38:00
1719200340000,2.744,2.745,2.744,2.745,71.02,2024-06-24 03:39:00
1719200400000,2.743,2.745,2.735,2.738,3128.28,2024-06-24 03:40:00
1719200460000,2.733,2.74,2.733,2.736,1896.53,2024-06-24 03:41:00
1719200520000,2.736,2.736,2.729,2.729,12179.6,2024-06-24 03:42:00
1719200580000,2.729,2.731,2.713,2.722,30577.03,2024-06-24 03:43:00
1719200640000,2.722,2.724,2.72,2.722,4965.46,2024-06-24 03:44:00
1719200700000,2.723,2.727,2.714,2.722,17505.86,2024-06-24 03:45:00
1719200760000,2.724,2.732,2.724,2.731,5199.13,2024-06-24 03:46:00
1719200820000,2.733,2.733,2.723,2.723,1592.36,2024-06-24 03:47:00
1719200880000,2.723,2.731,2.723,2.729,2268.02,2024-06-24 03:48:00
1719200940000,2.73,2.735,2.73,2.734,2750.48,2024-06-24 03:49:00
1719201000000,2.732,2.737,2.732,2.736,1109.19,2024-06-24 03:50:00
1719201060000,2.736,2.74,2.733,2.74,2877.66,2024-06-24 03:51:00
1719201120000,2.74,2.741,2.724,2.725,9689.5,2024-06-24 03:52:00
1719201180000,2.724,2.731,2.72,2.72,1969.0,2024-06-24 03:53:00
1719201240000,2.718,2.721,2.714,2.719,7203.41,2024-06-24 03:54:00
1719201300000,2.721,2.723,2.709,2.712,9756.79,2024-06-24 03:55:00
1719201360000,2.714,2.718,2.714,2.716,3762.82,2024-06-24 03:56:00
1719201420000,2.716,2.717,2.708,2.715,3045.33,2024-06-24 03:57:00
1719201480000,2.72,2.726,2.718,2.723,4922.6,2024-06-24 03:58:00
1719201540000,2.724,2.733,2.716,2.716,9238.32,2024-06-24 03:59:00
1719201600000,2.716,2.723,2.702,2.721,165567.33,2024-06-24 04:00:00
1719201660000,2.721,2.727,2.72,2.727,3905.41,2024-06-24 04:01:00
1719201720000,2.728,2.728,2.714,2.717,10861.15,2024-06-24 04:02:00
1719201780000,2.716,2.721,2.714,2.714,3722.0,2024-06-24 04:03:00
1719201840000,2.714,2.723,2.714,2.717,5347.06,2024-06-24 04:04:00
1719201900000,2.718,2.72,2.711,2.718,2865.93,2024-06-24 04:05:00
1719201960000,2.716,2.716,2.705,2.705,2437.32,2024-06-24 04:06:00
1719202020000,2.706,2.715,2.706,2.714,14853.37,2024-06-24 04:07:00
1719202080000,2.714,2.716,2.705,2.706,11861.23,2024-06-24 04:08:00
1719202140000,2.707,2.711,2.679,2.692,147442.67,2024-06-24 04:09:00
1719202200000,2.693,2.695,2.69,2.692,28217.42,2024-06-24 04:10:00
1719202260000,2.692,2.695,2.689,2.69,32279.68,2024-06-24 04:11:00
1719202320000,2.69,2.696,2.689,2.691,25660.39,2024-06-24 04:12:00
1719202380000,2.691,2.697,2.687,2.691,41810.24,2024-06-24 04:13:00
1719202440000,2.692,2.693,2.679,2.688,47715.03,2024-06-24 04:14:00
1719202500000,2.687,2.694,2.687,2.693,9275.96,2024-06-24 04:15:00
1719202560000,2.695,2.695,2.692,2.695,13243.81,2024-06-24 04:16:00
1719202620000,2.694,2.699,2.694,2.698,23510.5,2024-06-24 04:17:00
1719202680000,2.698,2.699,2.697,2.697,3195.51,2024-06-24 04:18:00
1719202740000,2.697,2.705,2.696,2.702,22837.95,2024-06-24 04:19:00
1719202800000,2.702,2.705,2.693,2.696,11596.34,2024-06-24 04:20:00
1719202860000,2.696,2.707,2.695,2.707,14539.08,2024-06-24 04:21:00
1719202920000,2.707,2.711,2.704,2.71,9419.75,2024-06-24 04:22:00
1719202980000,2.71,2.716,2.708,2.71,10553.17,2024-06-24 04:23:00
1719203040000,2.71,2.715,2.71,2.711,10859.78,2024-06-24 04:24:00
1719203100000,2.711,2.721,2.711,2.719,7998.21,2024-06-24 04:25:00
1719203160000,2.718,2.718,2.691,2.705,102642.02,2024-06-24 04:26:00
1719203220000,2.705,2.711,2.705,2.707,5152.17,2024-06-24 04:27:00
1719203280000,2.707,2.71,2.699,2.701,5730.03,2024-06-24 04:28:00
1719203340000,2.7,2.7,2.693,2.697,5721.23,2024-06-24 04:29:00
1719203400000,2.697,2.7,2.696,2.696,3427.37,2024-06-24 04:30:00
1719203460000,2.694,2.699,2.689,2.695,14853.48,2024-06-24 04:31:00
1719203520000,2.695,2.708,2.695,2.708,10450.95,2024-06-24 04:32:00
1719203580000,2.709,2.71,2.708,2.709,1939.16,2024-06-24 04:33:00
1719203640000,2.71,2.712,2.703,2.711,8382.47,2024-06-24 04:34:00
1719203700000,2.712,2.722,2.703,2.719,15154.05,2024-06-24 04:35:00
1719203760000,2.719,2.719,2.707,2.709,7047.04,2024-06-24 04:36:00
1719203820000,2.709,2.711,2.707,2.709,1187.46,2024-06-24 04:37:00
1719203880000,2.71,2.711,2.705,2.71,1301.28,2024-06-24 04:38:00
1719203940000,2.712,2.717,2.711,2.716,7808.92,2024-06-24 04:39:00
1719204000000,2.715,2.716,2.714,2.714,3223.6,2024-06-24 04:40:00
1719204060000,2.713,2.714,2.712,2.712,590.81,2024-06-24 04:41:00
1719204120000,2.713,2.714,2.71,2.71,2058.6,2024-06-24 04:42:00
1719204180000,2.71,2.713,2.706,2.712,4853.84,2024-06-24 04:43:00
1719204240000,2.712,2.714,2.706,2.707,5471.14,2024-06-24 04:44:00
1719204300000,2.706,2.708,2.695,2.697,12014.34,2024-06-24 04:45:00
1719204360000,2.699,2.723,2.699,2.721,62757.75,2024-06-24 04:46:00
1719204420000,2.722,2.724,2.714,2.717,12033.93,2024-06-24 04:47:00
1719204480000,2.718,2.72,2.716,2.72,3559.03,2024-06-24 04:48:00
1719204540000,2.721,2.723,2.719,2.723,1107.44,2024-06-24 04:49:00
1719204600000,2.724,2.731,2.708,2.712,15549.54,2024-06-24 04:50:00
1719204660000,2.712,2.719,2.71,2.714,12789.27,2024-06-24 04:51:00
1719204720000,2.714,2.722,2.711,2.722,8043.78,2024-06-24 04:52:00
1719204780000,2.721,2.726,2.721,2.726,2121.95,2024-06-24 04:53:00
1719204840000,2.724,2.733,2.723,2.726,14009.41,2024-06-24 04:54:00
1719204900000,2.726,2.732,2.725,2.727,4762.03,2024-06-24 04:55:00
1719204960000,2.728,2.735,2.728,2.731,7935.22,2024-06-24 04:56:00
1719205020000,2.73,2.732,2.725,2.727,4058.62,2024-06-24 04:57:00
1719205080000,2.726,2.734,2.726,2.732,3408.67,2024-06-24 04:58:00
1719205140000,2.732,2.738,2.728,2.729,5503.49,2024-06-24 04:59:00
1719205200000,2.727,2.73,2.726,2.727,872.63,2024-06-24 05:00:00
1719205260000,2.727,2.727,2.718,2.718,3197.47,2024-06-24 05:01:00
1719205320000,2.718,2.724,2.718,2.724,2870.37,2024-06-24 05:02:00
1719205380000,2.724,2.725,2.723,2.723,1805.15,2024-06-24 05:03:00
1719205440000,2.723,2.723,2.7,2.706,29029.32,2024-06-24 05:04:00
1719205500000,2.705,2.705,2.692,2.697,14383.78,2024-06-24 05:05:00
1719205560000,2.697,2.701,2.69,2.7,15185.88,2024-06-24 05:06:00
1719205620000,2.7,2.7,2.682,2.689,25184.28,2024-06-24 05:07:00
1719205680000,2.688,2.688,2.68,2.682,19266.42,2024-06-24 05:08:00
1719205740000,2.683,2.694,2.683,2.69,13299.56,2024-06-24 05:09:00
1719205800000,2.689,2.697,2.686,2.689,8462.36,2024-06-24 05:10:00
1719205860000,2.688,2.691,2.683,2.688,3489.54,2024-06-24 05:11:00
1719205920000,2.691,2.691,2.683,2.685,9993.6,2024-06-24 05:12:00
1719205980000,2.686,2.686,2.659,2.669,84589.52,2024-06-24 05:13:00
1719206040000,2.67,2.68,2.658,2.677,53171.39,2024-06-24 05:14:00
1719206100000,2.676,2.676,2.667,2.668,5968.51,2024-06-24 05:15:00
1719206160000,2.667,2.68,2.665,2.675,27474.72,2024-06-24 05:16:00
1719206220000,2.674,2.68,2.67,2.679,9496.91,2024-06-24 05:17:00
1719206280000,2.675,2.675,2.663,2.667,5314.72,2024-06-24 05:18:00
1719206340000,2.665,2.665,2.655,2.665,27503.94,2024-06-24 05:19:00
1719206400000,2.665,2.672,2.665,2.672,7866.04,2024-06-24 05:20:00
1719206460000,2.672,2.672,2.65,2.652,11437.84,2024-06-24 05:21:00
1719206520000,2.653,2.663,2.651,2.662,6875.54,2024-06-24 05:22:00
1719206580000,2.662,2.662,2.642,2.649,21658.4,2024-06-24 05:23:00
1719206640000,2.647,2.654,2.646,2.654,16056.42,2024-06-24 05:24:00
1719206700000,2.653,2.658,2.649,2.649,10529.96,2024-06-24 05:25:00
1719206760000,2.649,2.655,2.646,2.65,6779.67,2024-06-24 05:26:00
1719206820000,2.651,2.663,2.647,2.663,13506.86,2024-06-24 05:27:00
1719206880000,2.663,2.668,2.654,2.655,10495.74,2024-06-24 05:28:00
1719206940000,2.655,2.658,2.649,2.657,10152.69,2024-06-24 05:29:00
1719207000000,2.657,2.661,2.649,2.65,12151.87,2024-06-24 05:30:00
1719207060000,2.649,2.659,2.642,2.657,18938.77,2024-06-24 05:31:00
1719207120000,2.657,2.657,2.638,2.64,8368.62,2024-06-24 05:32:00
1719207180000,2.64,2.645,2.636,2.643,11788.06,2024-06-24 05:33:00
1719207240000,2.645,2.651,2.643,2.646,8543.76,2024-06-24 05:34:00
1719207300000,2.646,2.653,2.633,2.635,12186.1,2024-06-24 05:35:00
1719207360000,2.637,2.64,2.628,2.637,16271.79,2024-06-24 05:36:00
1719207420000,2.637,2.646,2.63,2.637,20081.16,2024-06-24 05:37:00
1719207480000,2.64,2.647,2.637,2.644,9664.35,2024-06-24 05:38:00
1719207540000,2.644,2.648,2.64,2.647,23089.56,2024-06-24 05:39:00
1719207600000,2.648,2.661,2.648,2.654,16268.58,2024-06-24 05:40:00
1719207660000,2.653,2.661,2.653,2.655,3681.22,2024-06-24 05:41:00
1719207720000,2.655,2.661,2.655,2.659,2490.79,2024-06-24 05:42:00
1719207780000,2.655,2.655,2.641,2.642,11000.75,2024-06-24 05:43:00
1719207840000,2.641,2.648,2.641,2.642,2980.88,2024-06-24 05:44:00
1719207900000,2.643,2.668,2.643,2.663,18442.79,2024-06-24 05:45:00
1719207960000,2.662,2.684,2.658,2.661,56688.68,2024-06-24 05:46:00
1719208020000,2.66,2.665,2.638,2.662,48702.38,2024-06-24 05:47:00
1719208080000,2.662,2.665,2.657,2.663,8218.67,2024-06-24 05:48:00
1719208140000,2.664,2.664,2.656,2.656,4008.91,2024-06-24 05:49:00
1719208200000,2.657,2.666,2.657,2.665,4700.43,2024-06-24 05:50:00
1719208260000,2.665,2.669,2.657,2.66,4558.13,2024-06-24 05:51:00
1719208320000,2.66,2.669,2.66,2.664,5533.52,2024-06-24 05:52:00
1719208380000,2.665,2.669,2.664,2.667,4345.07,2024-06-24 05:53:00
1719208440000,2.669,2.676,2.667,2.674,17085.27,2024-06-24 05:54:00
1719208500000,2.673,2.674,2.664,2.672,24806.05,2024-06-24 05:55:00
1719208560000,2.673,2.675,2.667,2.67,8941.43,2024-06-24 05:56:00
1719208620000,2.669,2.675,2.665,2.669,5910.11,2024-06-24 05:57:00
1719208680000,2.669,2.675,2.669,2.67,1009.98,2024-06-24 05:58:00
1719208740000,2.67,2.679,2.67,2.674,3322.57,2024-06-24 05:59:00
1719208800000,2.675,2.691,2.675,2.685,10682.01,2024-06-24 06:00:00
1719208860000,2.686,2.7,2.685,2.696,39692.9,2024-06-24 06:01:00
1719208920000,2.696,2.697,2.677,2.678,18688.48,2024-06-24 06:02:00
1719208980000,2.68,2.683,2.679,2.68,5890.65,2024-06-24 06:03:00
1719209040000,2.679,2.68,2.669,2.669,5747.05,2024-06-24 06:04:00
1719209100000,2.67,2.701,2.67,2.697,19913.07,2024-06-24 06:05:00
1719209160000,2.698,2.698,2.688,2.692,5977.93,2024-06-24 06:06:00
1719209220000,2.69,2.69,2.683,2.686,6580.08,2024-06-24 06:07:00
1719209280000,2.684,2.684,2.674,2.679,5734.62,2024-06-24 06:08:00
1719209340000,2.678,2.68,2.677,2.679,2862.64,2024-06-24 06:09:00
1719209400000,2.679,2.684,2.672,2.679,11705.21,2024-06-24 06:10:00
1719209460000,2.679,2.679,2.674,2.678,2069.68,2024-06-24 06:11:00
1719209520000,2.677,2.687,2.675,2.687,2998.39,2024-06-24 06:12:00
1719209580000,2.686,2.687,2.674,2.675,31225.64,2024-06-24 06:13:00
1719209640000,2.676,2.677,2.647,2.652,176356.72,2024-06-24 06:14:00
1719209700000,2.651,2.657,2.648,2.652,42999.88,2024-06-24 06:15:00
1719209760000,2.652,2.658,2.652,2.653,8237.48,2024-06-24 06:16:00
1719209820000,2.653,2.654,2.65,2.65,5493.66,2024-06-24 06:17:00
1719209880000,2.649,2.659,2.648,2.659,5915.07,2024-06-24 06:18:00
1719209940000,2.659,2.664,2.659,2.662,6078.61,2024-06-24 06:19:00
1719210000000,2.662,2.668,2.662,2.665,6954.54,2024-06-24 06:20:00
1719210060000,2.665,2.676,2.665,2.676,7919.08,2024-06-24 06:21:00
1719210120000,2.675,2.681,2.671,2.672,22504.88,2024-06-24 06:22:00
1719210180000,2.671,2.681,2.671,2.677,9707.89,2024-06-24 06:23:00
1719210240000,2.677,2.681,2.674,2.677,21834.54,2024-06-24 06:24:00
1719210300000,2.678,2.681,2.676,2.677,3941.77,2024-06-24 06:25:00
1719210360000,2.678,2.684,2.674,2.676,6040.33,2024-06-24 06:26:00
1719210420000,2.676,2.678,2.674,2.677,3050.48,2024-06-24 06:27:00
1719210480000,2.679,2.683,2.678,2.681,2819.85,2024-06-24 06:28:00
1719210540000,2.681,2.686,2.681,2.685,1272.79,2024-06-24 06:29:00
1719210600000,2.685,2.689,2.68,2.689,6365.22,2024-06-24 06:30:00
1719210660000,2.689,2.693,2.689,2.691,1854.5,2024-06-24 06:31:00
1719210720000,2.69,2.692,2.683,2.689,4644.53,2024-06-24 06:32:00
1719210780000,2.689,2.69,2.688,2.69,1827.02,2024-06-24 06:33:00
1719210840000,2.69,2.694,2.687,2.691,7981.68,2024-06-24 06:34:00
1719210900000,2.691,2.696,2.688,2.69,6029.07,2024-06-24 06:35:00
1719210960000,2.689,2.695,2.688,2.69,6595.23,2024-06-24 06:36:00
1719211020000,2.689,2.693,2.684,2.691,8148.46,2024-06-24 06:37:00
1719211080000,2.691,2.695,2.687,2.689,5068.34,2024-06-24 06:38:00
1719211140000,2.688,2.69,2.686,2.69,3032.76,2024-06-24 06:39:00
1719211200000,2.689,2.697,2.688,2.693,1680.37,2024-06-24 06:40:00
1719211260000,2.694,2.696,2.69,2.691,1236.61,2024-06-24 06:41:00
1719211320000,2.692,2.692,2.681,2.682,4044.01,2024-06-24 06:42:00
1719211380000,2.682,2.688,2.682,2.684,2404.64,2024-06-24 06:43:00
1719211440000,2.684,2.685,2.682,2.685,6005.32,2024-06-24 06:44:00
1719211500000,2.685,2.69,2.682,2.682,9319.09,2024-06-24 06:45:00
1719211560000,2.682,2.691,2.681,2.691,18072.49,2024-06-24 06:46:00
1719211620000,2.69,2.694,2.69,2.692,6669.02,2024-06-24 06:47:00
1719211680000,2.694,2.695,2.693,2.693,831.53,2024-06-24 06:48:00
1719211740000,2.694,2.696,2.693,2.693,4642.07,2024-06-24 06:49:00
1719211800000,2.693,2.698,2.685,2.688,9581.02,2024-06-24 06:50:00
1719211860000,2.69,2.692,2.688,2.689,2071.73,2024-06-24 06:51:00
1719211920000,2.689,2.696,2.689,2.696,4228.07,2024-06-24 06:52:00
1719211980000,2.695,2.697,2.689,2.69,3755.29,2024-06-24 06:53:00
1719212040000,2.69,2.692,2.69,2.691,1563.4,2024-06-24 06:54:00
1719212100000,2.691,2.696,2.691,2.694,1188.22,2024-06-24 06:55:00
1719212160000,2.694,2.7,2.694,2.698,2628.16,2024-06-24 06:56:00
1719212220000,2.7,2.707,2.697,2.698,14849.95,2024-06-24 06:57:00
1719212280000,2.698,2.701,2.696,2.701,4340.45,2024-06-24 06:58:00
1719212340000,2.702,2.704,2.701,2.701,6439.02,2024-06-24 06:59:00
1719212400000,2.702,2.703,2.691,2.692,26040.75,2024-06-24 07:00:00
1719212460000,2.693,2.697,2.693,2.696,2024.66,2024-06-24 07:01:00
1719212520000,2.696,2.7,2.694,2.697,21873.47,2024-06-24 07:02:00
1719212580000,2.696,2.696,2.69,2.69,2126.95,2024-06-24 07:03:00
1719212640000,2.69,2.693,2.686,2.687,3980.49,2024-06-24 07:04:00
1719212700000,2.688,2.688,2.686,2.688,4614.91,2024-06-24 07:05:00
1719212760000,2.687,2.693,2.687,2.687,10285.31,2024-06-24 07:06:00
1719212820000,2.686,2.69,2.684,2.689,4194.98,2024-06-24 07:07:00
1719212880000,2.69,2.693,2.69,2.691,3238.34,2024-06-24 07:08:00
1719212940000,2.692,2.693,2.688,2.689,2274.28,2024-06-24 07:09:00
1719213000000,2.689,2.689,2.681,2.682,15704.99,2024-06-24 07:10:00
1719213060000,2.683,2.691,2.683,2.688,8595.2,2024-06-24 07:11:00
1719213120000,2.687,2.694,2.687,2.692,6115.38,2024-06-24 07:12:00
1719213180000,2.692,2.695,2.69,2.694,6938.66,2024-06-24 07:13:00
1719213240000,2.694,2.696,2.69,2.691,8778.69,2024-06-24 07:14:00
1719213300000,2.689,2.69,2.685,2.685,5545.17,2024-06-24 07:15:00
1719213360000,2.685,2.687,2.68,2.682,3162.18,2024-06-24 07:16:00
1719213420000,2.683,2.686,2.682,2.685,2593.89,2024-06-24 07:17:00
1719213480000,2.685,2.686,2.677,2.677,5982.23,2024-06-24 07:18:00
1719213540000,2.677,2.68,2.675,2.678,4824.66,2024-06-24 07:19:00
1719213600000,2.679,2.682,2.676,2.68,2672.69,2024-06-24 07:20:00
1719213660000,2.68,2.685,2.68,2.68,4263.06,2024-06-24 07:21:00
1719213720000,2.682,2.682,2.672,2.674,3975.86,2024-06-24 07:22:00
1719213780000,2.673,2.677,2.672,2.674,7148.44,2024-06-24 07:23:00
1719213840000,2.673,2.681,2.673,2.676,5214.36,2024-06-24 07:24:00
1719213900000,2.676,2.676,2.673,2.675,1403.15,2024-06-24 07:25:00
1719213960000,2.675,2.675,2.662,2.662,10057.98,2024-06-24 07:26:00
1719214020000,2.665,2.673,2.665,2.668,6600.27,2024-06-24 07:27:00
1719214080000,2.667,2.678,2.667,2.675,3570.56,2024-06-24 07:28:00
1719214140000,2.676,2.678,2.674,2.677,1064.75,2024-06-24 07:29:00
1719214200000,2.676,2.676,2.669,2.674,2098.72,2024-06-24 07:30:00
1719214260000,2.675,2.682,2.675,2.682,2271.84,2024-06-24 07:31:00
1719214320000,2.682,2.683,2.678,2.678,2336.38,2024-06-24 07:32:00
1719214380000,2.679,2.679,2.677,2.677,2523.3,2024-06-24 07:33:00
1719214440000,2.678,2.682,2.677,2.677,2867.72,2024-06-24 07:34:00
1719214500000,2.677,2.688,2.677,2.687,14237.22,2024-06-24 07:35:00
1719214560000,2.687,2.695,2.685,2.695,25252.54,2024-06-24 07:36:00
1719214620000,2.693,2.699,2.693,2.695,8538.66,2024-06-24 07:37:00
1719214680000,2.694,2.7,2.694,2.7,6898.26,2024-06-24 07:38:00
1719214740000,2.7,2.708,2.699,2.706,35707.43,2024-06-24 07:39:00
1719214800000,2.707,2.712,2.701,2.708,18095.27,2024-06-24 07:40:00
1719214860000,2.708,2.708,2.702,2.705,6967.36,2024-06-24 07:41:00
1719214920000,2.706,2.712,2.702,2.708,10829.32,2024-06-24 07:42:00
1719214980000,2.708,2.709,2.7,2.701,5172.32,2024-06-24 07:43:00
1719215040000,2.7,2.702,2.697,2.702,18788.39,2024-06-24 07:44:00
1719215100000,2.701,2.701,2.692,2.694,1837.72,2024-06-24 07:45:00
1719215160000,2.693,2.698,2.692,2.695,3639.67,2024-06-24 07:46:00
1719215220000,2.695,2.696,2.688,2.691,4867.49,2024-06-24 07:47:00
1719215280000,2.691,2.692,2.687,2.692,3137.7,2024-06-24 07:48:00
1719215340000,2.692,2.694,2.69,2.691,2538.44,2024-06-24 07:49:00
1719215400000,2.69,2.69,2.687,2.687,1884.32,2024-06-24 07:50:00
1719215460000,2.687,2.687,2.681,2.682,5367.27,2024-06-24 07:51:00
1719215520000,2.681,2.681,2.678,2.679,1615.98,2024-06-24 07:52:00
1719215580000,2.679,2.679,2.675,2.677,3631.74,2024-06-24 07:53:00
1719215640000,2.678,2.678,2.667,2.673,8883.96,2024-06-24 07:54:00
1719215700000,2.674,2.677,2.67,2.67,4968.08,2024-06-24 07:55:00
1719215760000,2.671,2.671,2.665,2.665,6733.8,2024-06-24 07:56:00
1719215820000,2.669,2.676,2.669,2.673,27993.7,2024-06-24 07:57:00
1719215880000,2.675,2.677,2.675,2.676,9840.32,2024-06-24 07:58:00
1719215940000,2.675,2.675,2.668,2.674,5739.01,2024-06-24 07:59:00
1719216000000,2.675,2.686,2.675,2.684,9421.25,2024-06-24 08:00:00
1719216060000,2.684,2.693,2.68,2.688,16900.46,2024-06-24 08:01:00
1719216120000,2.689,2.689,2.679,2.686,10536.33,2024-06-24 08:02:00
1719216180000,2.686,2.698,2.685,2.686,43917.8,2024-06-24 08:03:00
1719216240000,2.686,2.688,2.684,2.684,4221.26,2024-06-24 08:04:00
1719216300000,2.683,2.683,2.675,2.675,1639.22,2024-06-24 08:05:00
1719216360000,2.675,2.676,2.67,2.672,7888.47,2024-06-24 08:06:00
1719216420000,2.671,2.675,2.67,2.67,1844.29,2024-06-24 08:07:00
1719216480000,2.671,2.674,2.668,2.669,5014.86,2024-06-24 08:08:00
1719216540000,2.669,2.671,2.668,2.668,1587.2,2024-06-24 08:09:00
1719216600000,2.668,2.672,2.665,2.665,3345.9,2024-06-24 08:10:00
1719216660000,2.666,2.666,2.656,2.657,8696.95,2024-06-24 08:11:00
1719216720000,2.656,2.662,2.654,2.659,3126.06,2024-06-24 08:12:00
1719216780000,2.659,2.669,2.659,2.668,6269.41,2024-06-24 08:13:00
1719216840000,2.668,2.668,2.666,2.666,1159.36,2024-06-24 08:14:00
1719216900000,2.667,2.674,2.667,2.672,6270.09,2024-06-24 08:15:00
1719216960000,2.672,2.673,2.665,2.665,3727.34,2024-06-24 08:16:00
1719217020000,2.665,2.67,2.664,2.667,3774.22,2024-06-24 08:17:00
1719217080000,2.668,2.676,2.668,2.675,2104.3,2024-06-24 08:18:00
1719217140000,2.676,2.685,2.676,2.683,10240.19,2024-06-24 08:19:00
1719217200000,2.685,2.691,2.685,2.689,5259.13,2024-06-24 08:20:00
1719217260000,2.687,2.694,2.686,2.69,5605.74,2024-06-24 08:21:00
1719217320000,2.69,2.7,2.69,2.7,12999.43,2024-06-24 08:22:00
1719217380000,2.698,2.706,2.697,2.702,13090.75,2024-06-24 08:23:00
1719217440000,2.703,2.705,2.699,2.702,5573.0,2024-06-24 08:24:00
1719217500000,2.702,2.703,2.696,2.696,4791.49,2024-06-24 08:25:00
1719217560000,2.697,2.701,2.697,2.7,2354.59,2024-06-24 08:26:00
1719217620000,2.7,2.703,2.699,2.701,5541.36,2024-06-24 08:27:00
1719217680000,2.701,2.703,2.701,2.701,3277.7,2024-06-24 08:28:00
1719217740000,2.701,2.701,2.697,2.699,6596.31,2024-06-24 08:29:00
1719217800000,2.699,2.706,2.699,2.705,3942.5,2024-06-24 08:30:00
1719217860000,2.705,2.708,2.704,2.705,6858.26,2024-06-24 08:31:00
1719217920000,2.704,2.708,2.703,2.704,4422.93,2024-06-24 08:32:00
1719217980000,2.703,2.705,2.701,2.702,1776.61,2024-06-24 08:33:00
1719218040000,2.702,2.703,2.695,2.697,5161.72,2024-06-24 08:34:00
1719218100000,2.699,2.705,2.699,2.705,2549.66,2024-06-24 08:35:00
1719218160000,2.705,2.71,2.704,2.704,6123.61,2024-06-24 08:36:00
1719218220000,2.707,2.71,2.707,2.71,4066.4,2024-06-24 08:37:00
1719218280000,2.71,2.714,2.703,2.706,10932.07,2024-06-24 08:38:00
1719218340000,2.705,2.712,2.703,2.705,10723.82,2024-06-24 08:39:00
1719218400000,2.706,2.706,2.697,2.704,40556.92,2024-06-24 08:40:00
1719218460000,2.704,2.705,2.701,2.701,3247.23,2024-06-24 08:41:00
1719218520000,2.701,2.701,2.699,2.7,509.18,2024-06-24 08:42:00
1719218580000,2.701,2.706,2.693,2.698,19301.05,2024-06-24 08:43:00
1719218640000,2.698,2.702,2.696,2.702,5513.51,2024-06-24 08:44:00
1719218700000,2.7,2.702,2.694,2.7,4324.9,2024-06-24 08:45:00
1719218760000,2.701,2.701,2.699,2.7,954.88,2024-06-24 08:46:00
1719218820000,2.697,2.7,2.696,2.698,4368.96,2024-06-24 08:47:00
1719218880000,2.695,2.695,2.688,2.69,2412.51,2024-06-24 08:48:00
1719218940000,2.689,2.697,2.689,2.696,2841.54,2024-06-24 08:49:00
1719219000000,2.695,2.696,2.692,2.692,2082.67,2024-06-24 08:50:00
1719219060000,2.693,2.696,2.682,2.692,26741.48,2024-06-24 08:51:00
1719219120000,2.691,2.693,2.685,2.685,2487.6,2024-06-24 08:52:00
1719219180000,2.685,2.685,2.677,2.677,4318.42,2024-06-24 08:53:00
1719219240000,2.677,2.678,2.603,2.628,315766.55,2024-06-24 08:54:00
1719219300000,2.629,2.648,2.627,2.643,27363.58,2024-06-24 08:55:00
1719219360000,2.642,2.646,2.635,2.635,23986.22,2024-06-24 08:56:00
1719219420000,2.636,2.644,2.636,2.64,9797.93,2024-06-24 08:57:00
1719219480000,2.642,2.643,2.63,2.632,14934.45,2024-06-24 08:58:00
1719219540000,2.634,2.639,2.628,2.637,10063.4,2024-06-24 08:59:00
1719219600000,2.641,2.646,2.634,2.645,11462.59,2024-06-24 09:00:00
1719219660000,2.645,2.646,2.64,2.642,7605.55,2024-06-24 09:01:00
1719219720000,2.642,2.644,2.636,2.637,6575.38,2024-06-24 09:02:00
1719219780000,2.636,2.636,2.63,2.632,6633.99,2024-06-24 09:03:00
1719219840000,2.632,2.643,2.632,2.634,11408.03,2024-06-24 09:04:00
1719219900000,2.632,2.632,2.616,2.616,14997.71,2024-06-24 09:05:00
1719219960000,2.618,2.627,2.618,2.62,3090.79,2024-06-24 09:06:00
1719220020000,2.621,2.627,2.618,2.619,7880.83,2024-06-24 09:07:00
1719220080000,2.621,2.633,2.621,2.633,3017.52,2024-06-24 09:08:00
1719220140000,2.633,2.639,2.63,2.637,14385.66,2024-06-24 09:09:00
1719220200000,2.637,2.637,2.628,2.633,2964.27,2024-06-24 09:10:00
1719220260000,2.634,2.637,2.63,2.631,8182.36,2024-06-24 09:11:00
1719220320000,2.631,2.635,2.627,2.632,8645.37,2024-06-24 09:12:00
1719220380000,2.632,2.636,2.632,2.636,6211.17,2024-06-24 09:13:00
1719220440000,2.635,2.636,2.629,2.636,2736.37,2024-06-24 09:14:00
1719220500000,2.637,2.643,2.636,2.642,5289.7,2024-06-24 09:15:00
1719220560000,2.642,2.642,2.621,2.631,41494.85,2024-06-24 09:16:00
1719220620000,2.63,2.644,2.629,2.63,24924.04,2024-06-24 09:17:00
1719220680000,2.628,2.637,2.625,2.634,7740.54,2024-06-24 09:18:00
1719220740000,2.635,2.637,2.631,2.634,5545.66,2024-06-24 09:19:00
1719220800000,2.632,2.64,2.631,2.639,7020.18,2024-06-24 09:20:00
1719220860000,2.639,2.639,2.629,2.632,6617.98,2024-06-24 09:21:00
1719220920000,2.634,2.634,2.616,2.619,19642.64,2024-06-24 09:22:00
1719220980000,2.618,2.622,2.613,2.62,12811.71,2024-06-24 09:23:00
1719221040000,2.62,2.62,2.605,2.606,27221.74,2024-06-24 09:24:00
1719221100000,2.607,2.61,2.604,2.604,15387.1,2024-06-24 09:25:00
1719221160000,2.606,2.608,2.591,2.601,58327.57,2024-06-24 09:26:00
1719221220000,2.599,2.607,2.583,2.591,37284.67,2024-06-24 09:27:00
1719221280000,2.591,2.599,2.591,2.591,13311.23,2024-06-24 09:28:00
1719221340000,2.593,2.595,2.586,2.592,17461.28,2024-06-24 09:29:00
1719221400000,2.592,2.599,2.575,2.581,30441.16,2024-06-24 09:30:00
1719221460000,2.582,2.597,2.582,2.592,26824.2,2024-06-24 09:31:00
1719221520000,2.593,2.596,2.582,2.591,15274.1,2024-06-24 09:32:00
1719221580000,2.59,2.593,2.55,2.573,75258.64,2024-06-24 09:33:00
1719221640000,2.574,2.602,2.569,2.602,88037.66,2024-06-24 09:34:00
1719221700000,2.601,2.63,2.6,2.611,50007.58,2024-06-24 09:35:00
1719221760000,2.61,2.625,2.61,2.612,25679.21,2024-06-24 09:36:00
1719221820000,2.612,2.616,2.591,2.602,45765.84,2024-06-24 09:37:00
1719221880000,2.602,2.622,2.602,2.614,45900.91,2024-06-24 09:38:00
1719221940000,2.614,2.628,2.611,2.621,29806.23,2024-06-24 09:39:00
1719222000000,2.621,2.636,2.621,2.631,37804.09,2024-06-24 09:40:00
1719222060000,2.631,2.634,2.622,2.631,22332.94,2024-06-24 09:41:00
1719222120000,2.63,2.631,2.617,2.619,15489.2,2024-06-24 09:42:00
1719222180000,2.62,2.623,2.614,2.621,12565.9,2024-06-24 09:43:00
1719222240000,2.62,2.629,2.614,2.624,37643.6,2024-06-24 09:44:00
1719222300000,2.623,2.635,2.623,2.635,8542.85,2024-06-24 09:45:00
1719222360000,2.634,2.656,2.634,2.65,29965.42,2024-06-24 09:46:00
1719222420000,2.649,2.67,2.648,2.655,38535.23,2024-06-24 09:47:00
1719222480000,2.654,2.664,2.645,2.645,42273.33,2024-06-24 09:48:00
1719222540000,2.646,2.654,2.642,2.646,7088.65,2024-06-24 09:49:00
1719222600000,2.645,2.654,2.644,2.651,7453.85,2024-06-24 09:50:00
1719222660000,2.649,2.65,2.639,2.645,11481.07,2024-06-24 09:51:00
1719222720000,2.645,2.652,2.642,2.652,15396.62,2024-06-24 09:52:00
1719222780000,2.651,2.658,2.65,2.656,3579.5,2024-06-24 09:53:00
1719222840000,2.655,2.655,2.64,2.651,11323.25,2024-06-24 09:54:00
1719222900000,2.649,2.649,2.64,2.647,18921.66,2024-06-24 09:55:00
1719222960000,2.647,2.65,2.641,2.65,9261.62,2024-06-24 09:56:00
1719223020000,2.649,2.653,2.642,2.653,10995.56,2024-06-24 09:57:00
1719223080000,2.652,2.654,2.644,2.645,13220.48,2024-06-24 09:58:00
1719223140000,2.645,2.65,2.641,2.65,9500.54,2024-06-24 09:59:00
1719223200000,2.65,2.652,2.643,2.651,2974.2,2024-06-24 10:00:00
1719223260000,2.652,2.655,2.645,2.647,7766.78,2024-06-24 10:01:00
1719223320000,2.648,2.65,2.641,2.647,4645.88,2024-06-24 10:02:00
1719223380000,2.646,2.654,2.643,2.651,12525.82,2024-06-24 10:03:00
1719223440000,2.65,2.668,2.647,2.666,25318.93,2024-06-24 10:04:00
1719223500000,2.664,2.666,2.659,2.662,11428.42,2024-06-24 10:05:00
1719223560000,2.662,2.663,2.655,2.66,9368.37,2024-06-24 10:06:00
1719223620000,2.66,2.669,2.659,2.667,12050.37,2024-06-24 10:07:00
1719223680000,2.665,2.668,2.654,2.655,9860.7,2024-06-24 10:08:00
1719223740000,2.654,2.656,2.644,2.656,9656.85,2024-06-24 10:09:00
1719223800000,2.656,2.659,2.652,2.654,9317.78,2024-06-24 10:10:00
1719223860000,2.655,2.662,2.655,2.659,10563.05,2024-06-24 10:11:00
1719223920000,2.661,2.661,2.649,2.649,3529.5,2024-06-24 10:12:00
1719223980000,2.649,2.653,2.649,2.652,7937.58,2024-06-24 10:13:00
1719224040000,2.652,2.662,2.65,2.653,25609.05,2024-06-24 10:14:00
1719224100000,2.653,2.66,2.653,2.654,14182.53,2024-06-24 10:15:00
1719224160000,2.653,2.656,2.651,2.656,6870.73,2024-06-24 10:16:00
1719224220000,2.657,2.659,2.652,2.654,16629.99,2024-06-24 10:17:00
1719224280000,2.655,2.657,2.65,2.651,25075.35,2024-06-24 10:18:00
1719224340000,2.651,2.653,2.649,2.65,27704.16,2024-06-24 10:19:00
1719224400000,2.65,2.652,2.649,2.649,5822.55,2024-06-24 10:20:00
1719224460000,2.649,2.651,2.631,2.634,23945.99,2024-06-24 10:21:00
1719224520000,2.633,2.638,2.63,2.636,21468.08,2024-06-24 10:22:00
1719224580000,2.635,2.635,2.631,2.631,7429.07,2024-06-24 10:23:00
1719224640000,2.63,2.644,2.63,2.643,20833.77,2024-06-24 10:24:00
1719224700000,2.642,2.647,2.641,2.646,5476.83,2024-06-24 10:25:00
1719224760000,2.647,2.648,2.646,2.647,6183.37,2024-06-24 10:26:00
1719224820000,2.646,2.649,2.645,2.649,2743.91,2024-06-24 10:27:00
1719224880000,2.648,2.653,2.645,2.645,36183.68,2024-06-24 10:28:00
1719224940000,2.645,2.647,2.639,2.643,6965.11,2024-06-24 10:29:00
1719225000000,2.642,2.647,2.64,2.642,16088.78,2024-06-24 10:30:00
1719225060000,2.641,2.644,2.636,2.64,8809.08,2024-06-24 10:31:00
1719225120000,2.64,2.645,2.64,2.644,2709.89,2024-06-24 10:32:00
1719225180000,2.645,2.646,2.64,2.642,2718.2,2024-06-24 10:33:00
1719225240000,2.641,2.644,2.635,2.644,6284.02,2024-06-24 10:34:00
1719225300000,2.644,2.644,2.638,2.643,13638.51,2024-06-24 10:35:00
1719225360000,2.644,2.653,2.644,2.651,36256.77,2024-06-24 10:36:00
1719225420000,2.653,2.658,2.65,2.65,10033.08,2024-06-24 10:37:00
1719225480000,2.65,2.65,2.642,2.642,20858.54,2024-06-24 10:38:00
1719225540000,2.641,2.645,2.64,2.641,14882.57,2024-06-24 10:39:00
1719225600000,2.641,2.648,2.641,2.648,20226.46,2024-06-24 10:40:00
1719225660000,2.648,2.648,2.645,2.646,3929.89,2024-06-24 10:41:00
1719225720000,2.647,2.647,2.645,2.647,4434.8,2024-06-24 10:42:00
1719225780000,2.648,2.65,2.645,2.647,6873.75,2024-06-24 10:43:00
1719225840000,2.647,2.65,2.647,2.648,4708.51,2024-06-24 10:44:00
1719225900000,2.649,2.657,2.648,2.657,13348.31,2024-06-24 10:45:00
1719225960000,2.657,2.657,2.651,2.655,9519.74,2024-06-24 10:46:00
1719226020000,2.655,2.657,2.65,2.65,4301.28,2024-06-24 10:47:00
1719226080000,2.649,2.653,2.646,2.652,4414.75,2024-06-24 10:48:00
1719226140000,2.652,2.661,2.649,2.656,6677.0,2024-06-24 10:49:00
1719226200000,2.656,2.656,2.647,2.647,3109.35,2024-06-24 10:50:00
1719226260000,2.648,2.648,2.644,2.645,1672.44,2024-06-24 10:51:00
1719226320000,2.645,2.645,2.641,2.642,3501.36,2024-06-24 10:52:00
1719226380000,2.641,2.645,2.636,2.645,5873.31,2024-06-24 10:53:00
1719226440000,2.645,2.652,2.645,2.652,6758.87,2024-06-24 10:54:00
1719226500000,2.652,2.662,2.651,2.66,13709.64,2024-06-24 10:55:00
1719226560000,2.66,2.668,2.66,2.663,15875.37,2024-06-24 10:56:00
1719226620000,2.664,2.668,2.661,2.665,4575.67,2024-06-24 10:57:00
1719226680000,2.663,2.668,2.66,2.661,18159.38,2024-06-24 10:58:00
1719226740000,2.662,2.668,2.654,2.662,34437.52,2024-06-24 10:59:00
1719226800000,2.663,2.682,2.66,2.68,19470.05,2024-06-24 11:00:00
1719226860000,2.68,2.681,2.671,2.675,17493.33,2024-06-24 11:01:00
1719226920000,2.674,2.675,2.664,2.669,5631.17,2024-06-24 11:02:00
1719226980000,2.669,2.678,2.669,2.676,19063.5,2024-06-24 11:03:00
1719227040000,2.675,2.69,2.675,2.688,28410.37,2024-06-24 11:04:00
1719227100000,2.689,2.689,2.679,2.68,12284.15,2024-06-24 11:05:00
1719227160000,2.681,2.682,2.671,2.673,15175.3,2024-06-24 11:06:00
1719227220000,2.672,2.672,2.653,2.66,10460.5,2024-06-24 11:07:00
1719227280000,2.658,2.658,2.644,2.646,31017.07,2024-06-24 11:08:00
1719227340000,2.646,2.659,2.645,2.656,15789.03,2024-06-24 11:09:00
1719227400000,2.657,2.661,2.639,2.646,27626.35,2024-06-24 11:10:00
1719227460000,2.646,2.649,2.638,2.643,9877.99,2024-06-24 11:11:00
1719227520000,2.643,2.646,2.639,2.643,5585.95,2024-06-24 11:12:00
1719227580000,2.644,2.647,2.643,2.646,1538.5,2024-06-24 11:13:00
1719227640000,2.645,2.646,2.637,2.644,7505.57,2024-06-24 11:14:00
1719227700000,2.642,2.643,2.624,2.627,20105.27,2024-06-24 11:15:00
1719227760000,2.627,2.637,2.627,2.636,5039.98,2024-06-24 11:16:00
1719227820000,2.636,2.638,2.628,2.631,7553.97,2024-06-24 11:17:00
1719227880000,2.632,2.64,2.631,2.638,14051.4,2024-06-24 11:18:00
1719227940000,2.639,2.647,2.639,2.647,4705.27,2024-06-24 11:19:00
1719228000000,2.646,2.646,2.639,2.639,6844.06,2024-06-24 11:20:00
1719228060000,2.639,2.639,2.633,2.636,1434.11,2024-06-24 11:21:00
1719228120000,2.635,2.639,2.633,2.634,5932.35,2024-06-24 11:22:00
1719228180000,2.638,2.638,2.628,2.63,4133.67,2024-06-24 11:23:00
1719228240000,2.631,2.636,2.629,2.634,4884.57,2024-06-24 11:24:00
1719228300000,2.634,2.634,2.63,2.632,1902.52,2024-06-24 11:25:00
1719228360000,2.634,2.637,2.633,2.635,3375.63,2024-06-24 11:26:00
1719228420000,2.635,2.639,2.63,2.631,8531.43,2024-06-24 11:27:00
1719228480000,2.633,2.64,2.631,2.639,1382.44,2024-06-24 11:28:00
1719228540000,2.639,2.642,2.636,2.638,6995.07,2024-06-24 11:29:00
1719228600000,2.637,2.65,2.637,2.649,20710.16,2024-06-24 11:30:00
1719228660000,2.648,2.659,2.648,2.659,6596.63,2024-06-24 11:31:00
1719228720000,2.658,2.658,2.65,2.65,6731.07,2024-06-24 11:32:00
1719228780000,2.652,2.655,2.648,2.655,5695.67,2024-06-24 11:33:00
1719228840000,2.653,2.658,2.653,2.657,8863.57,2024-06-24 11:34:00
1719228900000,2.655,2.658,2.655,2.658,2210.49,2024-06-24 11:35:00
1719228960000,2.657,2.66,2.654,2.656,11579.58,2024-06-24 11:36:00
1719229020000,2.656,2.661,2.654,2.655,5484.23,2024-06-24 11:37:00
1719229080000,2.655,2.657,2.645,2.646,7510.23,2024-06-24 11:38:00
1719229140000,2.645,2.654,2.644,2.651,2215.14,2024-06-24 11:39:00
1719229200000,2.652,2.652,2.644,2.644,1755.77,2024-06-24 11:40:00
1719229260000,2.645,2.651,2.645,2.65,4635.68,2024-06-24 11:41:00
1719229320000,2.65,2.655,2.637,2.64,49568.02,2024-06-24 11:42:00
1719229380000,2.64,2.645,2.636,2.644,11889.02,2024-06-24 11:43:00
1719229440000,2.643,2.645,2.638,2.638,9088.95,2024-06-24 11:44:00
1719229500000,2.638,2.638,2.63,2.638,5880.64,2024-06-24 11:45:00
1719229560000,2.638,2.645,2.638,2.643,3140.09,2024-06-24 11:46:00
1719229620000,2.645,2.647,2.639,2.64,3705.04,2024-06-24 11:47:00
1719229680000,2.64,2.64,2.633,2.636,2542.28,2024-06-24 11:48:00
1719229740000,2.636,2.639,2.635,2.637,3366.28,2024-06-24 11:49:00
1719229800000,2.638,2.639,2.631,2.635,6744.08,2024-06-24 11:50:00
1719229860000,2.638,2.641,2.633,2.64,5364.97,2024-06-24 11:51:00
1719229920000,2.639,2.651,2.638,2.648,9327.81,2024-06-24 11:52:00
1719229980000,2.649,2.654,2.645,2.65,2356.37,2024-06-24 11:53:00
1719230040000,2.65,2.65,2.641,2.643,6667.25,2024-06-24 11:54:00
1719230100000,2.644,2.649,2.643,2.649,1945.43,2024-06-24 11:55:00
1719230160000,2.65,2.658,2.65,2.652,22137.17,2024-06-24 11:56:00
1719230220000,2.652,2.656,2.649,2.656,3594.74,2024-06-24 11:57:00
1719230280000,2.654,2.654,2.645,2.645,1874.75,2024-06-24 11:58:00
1719230340000,2.645,2.648,2.643,2.645,6100.28,2024-06-24 11:59:00
1719230400000,2.645,2.646,2.635,2.637,12519.56,2024-06-24 12:00:00
1719230460000,2.637,2.641,2.635,2.636,6791.48,2024-06-24 12:01:00
1719230520000,2.636,2.64,2.632,2.634,7983.31,2024-06-24 12:02:00
1719230580000,2.632,2.637,2.63,2.637,3357.31,2024-06-24 12:03:00
1719230640000,2.637,2.639,2.631,2.633,4117.85,2024-06-24 12:04:00
1719230700000,2.634,2.651,2.634,2.65,4352.29,2024-06-24 12:05:00
1719230760000,2.65,2.659,2.65,2.657,5306.86,2024-06-24 12:06:00
1719230820000,2.657,2.659,2.657,2.659,1889.95,2024-06-24 12:07:00
1719230880000,2.66,2.67,2.66,2.663,20288.5,2024-06-24 12:08:00
1719230940000,2.662,2.664,2.658,2.658,9882.16,2024-06-24 12:09:00
1719231000000,2.657,2.657,2.65,2.655,4917.9,2024-06-24 12:10:00
1719231060000,2.655,2.655,2.648,2.653,2257.02,2024-06-24 12:11:00
1719231120000,2.653,2.653,2.647,2.647,1776.04,2024-06-24 12:12:00
1719231180000,2.648,2.651,2.646,2.648,2079.53,2024-06-24 12:13:00
1719231240000,2.648,2.659,2.647,2.658,4437.89,2024-06-24 12:14:00
1719231300000,2.658,2.662,2.655,2.661,3719.0,2024-06-24 12:15:00
1719231360000,2.662,2.668,2.659,2.667,5473.84,2024-06-24 12:16:00
1719231420000,2.668,2.69,2.666,2.679,105872.32,2024-06-24 12:17:00
1719231480000,2.68,2.68,2.672,2.674,14327.59,2024-06-24 12:18:00
1719231540000,2.675,2.675,2.669,2.673,3722.87,2024-06-24 12:19:00
1719231600000,2.673,2.675,2.669,2.669,1927.78,2024-06-24 12:20:00
1719231660000,2.671,2.677,2.671,2.677,3918.56,2024-06-24 12:21:00
1719231720000,2.674,2.678,2.67,2.675,4453.29,2024-06-24 12:22:00
1719231780000,2.674,2.685,2.67,2.683,4935.12,2024-06-24 12:23:00
1719231840000,2.681,2.687,2.681,2.685,9723.7,2024-06-24 12:24:00
1719231900000,2.685,2.693,2.682,2.693,8886.66,2024-06-24 12:25:00
1719231960000,2.693,2.694,2.685,2.686,14743.04,2024-06-24 12:26:00
1719232020000,2.686,2.694,2.686,2.69,9479.54,2024-06-24 12:27:00
1719232080000,2.689,2.691,2.672,2.678,52469.64,2024-06-24 12:28:00
1719232140000,2.677,2.677,2.673,2.673,1313.1,2024-06-24 12:29:00
1719232200000,2.673,2.682,2.671,2.682,24536.37,2024-06-24 12:30:00
1719232260000,2.682,2.682,2.665,2.668,16472.83,2024-06-24 12:31:00
1719232320000,2.669,2.676,2.661,2.662,19200.42,2024-06-24 12:32:00
1719232380000,2.663,2.67,2.662,2.664,6691.05,2024-06-24 12:33:00
1719232440000,2.664,2.667,2.66,2.661,12656.66,2024-06-24 12:34:00
1719232500000,2.661,2.664,2.661,2.663,1631.25,2024-06-24 12:35:00
1719232560000,2.663,2.664,2.652,2.652,8331.4,2024-06-24 12:36:00
1719232620000,2.653,2.658,2.648,2.648,14354.75,2024-06-24 12:37:00
1719232680000,2.648,2.65,2.642,2.643,8323.1,2024-06-24 12:38:00
1719232740000,2.644,2.646,2.639,2.641,6120.41,2024-06-24 12:39:00
1719232800000,2.641,2.646,2.638,2.642,5073.39,2024-06-24 12:40:00
1719232860000,2.641,2.65,2.64,2.647,4830.34,2024-06-24 12:41:00
1719232920000,2.648,2.648,2.643,2.648,3765.8,2024-06-24 12:42:00
1719232980000,2.649,2.654,2.648,2.649,3740.47,2024-06-24 12:43:00
1719233040000,2.648,2.649,2.645,2.646,605.46,2024-06-24 12:44:00
1719233100000,2.646,2.655,2.646,2.655,5840.57,2024-06-24 12:45:00
1719233160000,2.654,2.655,2.647,2.648,4468.9,2024-06-24 12:46:00
1719233220000,2.649,2.655,2.649,2.651,4321.47,2024-06-24 12:47:00
1719233280000,2.651,2.651,2.647,2.649,1498.14,2024-06-24 12:48:00
1719233340000,2.649,2.652,2.649,2.65,1026.72,2024-06-24 12:49:00
1719233400000,2.651,2.654,2.647,2.647,7545.9,2024-06-24 12:50:00
1719233460000,2.647,2.655,2.647,2.648,2313.57,2024-06-24 12:51:00
1719233520000,2.648,2.649,2.645,2.645,3034.11,2024-06-24 12:52:00
1719233580000,2.647,2.651,2.647,2.647,2090.92,2024-06-24 12:53:00
1719233640000,2.647,2.651,2.644,2.645,1897.47,2024-06-24 12:54:00
1719233700000,2.646,2.65,2.645,2.649,2958.58,2024-06-24 12:55:00
1719233760000,2.649,2.649,2.643,2.643,3479.97,2024-06-24 12:56:00
1719233820000,2.643,2.647,2.639,2.642,12885.7,2024-06-24 12:57:00
1719233880000,2.642,2.649,2.642,2.649,1352.55,2024-06-24 12:58:00
1719233940000,2.648,2.651,2.647,2.651,961.04,2024-06-24 12:59:00
1719234000000,2.652,2.654,2.644,2.647,6910.63,2024-06-24 13:00:00
1719234060000,2.646,2.646,2.637,2.638,4943.9,2024-06-24 13:01:00
1719234120000,2.639,2.639,2.635,2.635,3759.26,2024-06-24 13:02:00
1719234180000,2.635,2.644,2.635,2.644,5461.26,2024-06-24 13:03:00
1719234240000,2.645,2.645,2.634,2.634,5194.48,2024-06-24 13:04:00
1719234300000,2.635,2.639,2.63,2.632,10015.55,2024-06-24 13:05:00
1719234360000,2.632,2.644,2.632,2.644,5157.19,2024-06-24 13:06:00
1719234420000,2.644,2.646,2.639,2.645,6401.46,2024-06-24 13:07:00
1719234480000,2.646,2.648,2.639,2.647,6289.06,2024-06-24 13:08:00
1719234540000,2.648,2.649,2.638,2.638,5709.45,2024-06-24 13:09:00
1719234600000,2.637,2.642,2.634,2.635,3198.07,2024-06-24 13:10:00
1719234660000,2.635,2.636,2.633,2.636,800.39,2024-06-24 13:11:00
1719234720000,2.636,2.64,2.634,2.638,5232.63,2024-06-24 13:12:00
1719234780000,2.637,2.639,2.635,2.636,3507.47,2024-06-24 13:13:00
1719234840000,2.635,2.641,2.634,2.635,12534.51,2024-06-24 13:14:00
1719234900000,2.633,2.646,2.633,2.643,13867.88,2024-06-24 13:15:00
1719234960000,2.644,2.647,2.641,2.641,5515.7,2024-06-24 13:16:00
1719235020000,2.641,2.642,2.638,2.639,2784.85,2024-06-24 13:17:00
1719235080000,2.638,2.645,2.638,2.642,4614.48,2024-06-24 13:18:00
1719235140000,2.642,2.647,2.642,2.646,4052.96,2024-06-24 13:19:00
1719235200000,2.645,2.647,2.644,2.645,4458.33,2024-06-24 13:20:00
1719235260000,2.643,2.644,2.639,2.644,5036.51,2024-06-24 13:21:00
1719235320000,2.645,2.652,2.644,2.652,10082.26,2024-06-24 13:22:00
1719235380000,2.652,2.654,2.651,2.654,5173.61,2024-06-24 13:23:00
1719235440000,2.655,2.657,2.651,2.651,4144.71,2024-06-24 13:24:00
1719235500000,2.651,2.66,2.651,2.656,5251.45,2024-06-24 13:25:00
1719235560000,2.657,2.657,2.648,2.648,9914.17,2024-06-24 13:26:00
1719235620000,2.649,2.653,2.649,2.651,3455.48,2024-06-24 13:27:00
1719235680000,2.651,2.665,2.651,2.661,25443.68,2024-06-24 13:28:00
1719235740000,2.663,2.664,2.655,2.656,19771.38,2024-06-24 13:29:00
1719235800000,2.657,2.671,2.657,2.67,27826.79,2024-06-24 13:30:00
1719235860000,2.67,2.69,2.67,2.682,162421.51,2024-06-24 13:31:00
1719235920000,2.681,2.685,2.675,2.682,16003.97,2024-06-24 13:32:00
1719235980000,2.681,2.694,2.681,2.694,23763.51,2024-06-24 13:33:00
1719236040000,2.694,2.715,2.694,2.699,82157.32,2024-06-24 13:34:00
1719236100000,2.697,2.703,2.692,2.701,36341.39,2024-06-24 13:35:00
1719236160000,2.701,2.701,2.69,2.691,12363.89,2024-06-24 13:36:00
1719236220000,2.692,2.715,2.686,2.705,141578.25,2024-06-24 13:37:00
1719236280000,2.705,2.706,2.701,2.703,16041.21,2024-06-24 13:38:00
1719236340000,2.702,2.708,2.698,2.708,16993.27,2024-06-24 13:39:00
1719236400000,2.707,2.708,2.701,2.703,6793.67,2024-06-24 13:40:00
1719236460000,2.701,2.702,2.699,2.699,9752.58,2024-06-24 13:41:00
1719236520000,2.7,2.718,2.699,2.714,28056.85,2024-06-24 13:42:00
1719236580000,2.715,2.715,2.707,2.712,30611.4,2024-06-24 13:43:00
1719236640000,2.711,2.72,2.711,2.718,20942.68,2024-06-24 13:44:00
1719236700000,2.719,2.72,2.712,2.715,13803.27,2024-06-24 13:45:00
1719236760000,2.715,2.715,2.71,2.712,3967.92,2024-06-24 13:46:00
1719236820000,2.712,2.737,2.712,2.734,38883.22,2024-06-24 13:47:00
1719236880000,2.734,2.738,2.721,2.727,32688.22,2024-06-24 13:48:00
1719236940000,2.727,2.73,2.718,2.73,18547.72,2024-06-24 13:49:00
1719237000000,2.729,2.729,2.717,2.718,7895.95,2024-06-24 13:50:00
1719237060000,2.719,2.743,2.718,2.741,15369.96,2024-06-24 13:51:00
1719237120000,2.74,2.74,2.731,2.734,16414.09,2024-06-24 13:52:00
1719237180000,2.733,2.748,2.733,2.739,22357.45,2024-06-24 13:53:00
1719237240000,2.741,2.744,2.735,2.742,5439.47,2024-06-24 13:54:00
1719237300000,2.743,2.743,2.724,2.726,10621.82,2024-06-24 13:55:00
1719237360000,2.727,2.731,2.717,2.718,15198.15,2024-06-24 13:56:00
1719237420000,2.718,2.729,2.713,2.729,12135.11,2024-06-24 13:57:00
1719237480000,2.728,2.728,2.713,2.716,10573.51,2024-06-24 13:58:00
1719237540000,2.717,2.722,2.709,2.72,21939.37,2024-06-24 13:59:00
1719237600000,2.719,2.723,2.712,2.723,19452.16,2024-06-24 14:00:00
1719237660000,2.723,2.73,2.721,2.73,9741.39,2024-06-24 14:01:00
1719237720000,2.73,2.731,2.724,2.73,12458.13,2024-06-24 14:02:00
1719237780000,2.73,2.73,2.717,2.721,9433.48,2024-06-24 14:03:00
1719237840000,2.721,2.723,2.715,2.721,12631.14,2024-06-24 14:04:00
1719237900000,2.721,2.732,2.719,2.731,11765.04,2024-06-24 14:05:00
1719237960000,2.731,2.732,2.728,2.73,2767.51,2024-06-24 14:06:00
1719238020000,2.73,2.731,2.718,2.719,8127.43,2024-06-24 14:07:00
1719238080000,2.721,2.721,2.713,2.716,9009.97,2024-06-24 14:08:00
1719238140000,2.716,2.727,2.711,2.724,21283.34,2024-06-24 14:09:00
1719238200000,2.725,2.733,2.725,2.729,12613.55,2024-06-24 14:10:00
1719238260000,2.727,2.727,2.714,2.714,5816.49,2024-06-24 14:11:00
1719238320000,2.714,2.714,2.703,2.705,9366.83,2024-06-24 14:12:00
1719238380000,2.705,2.705,2.698,2.701,16789.35,2024-06-24 14:13:00
1719238440000,2.702,2.708,2.702,2.707,10431.74,2024-06-24 14:14:00
1719238500000,2.707,2.707,2.695,2.696,14836.24,2024-06-24 14:15:00
1719238560000,2.695,2.698,2.689,2.696,14120.6,2024-06-24 14:16:00
1719238620000,2.696,2.709,2.695,2.709,11699.67,2024-06-24 14:17:00
1719238680000,2.708,2.708,2.695,2.698,4037.01,2024-06-24 14:18:00
1719238740000,2.698,2.706,2.698,2.704,2801.47,2024-06-24 14:19:00
1719238800000,2.706,2.707,2.703,2.704,1533.97,2024-06-24 14:20:00
1719238860000,2.704,2.706,2.701,2.702,644.1,2024-06-24 14:21:00
1719238920000,2.705,2.714,2.704,2.712,1900.69,2024-06-24 14:22:00
1719238980000,2.713,2.72,2.71,2.716,7001.43,2024-06-24 14:23:00
1719239040000,2.715,2.715,2.705,2.713,35296.35,2024-06-24 14:24:00
1719239100000,2.713,2.714,2.709,2.709,7299.74,2024-06-24 14:25:00
1719239160000,2.709,2.716,2.709,2.712,5436.97,2024-06-24 14:26:00
1719239220000,2.714,2.714,2.706,2.709,5422.13,2024-06-24 14:27:00
1719239280000,2.71,2.712,2.702,2.704,9193.43,2024-06-24 14:28:00
1719239340000,2.704,2.706,2.698,2.702,2667.81,2024-06-24 14:29:00
1719239400000,2.701,2.713,2.7,2.709,8768.62,2024-06-24 14:30:00
1719239460000,2.709,2.716,2.708,2.71,7271.76,2024-06-24 14:31:00
1719239520000,2.71,2.715,2.709,2.711,3099.39,2024-06-24 14:32:00
1719239580000,2.71,2.711,2.707,2.709,4667.77,2024-06-24 14:33:00
1719239640000,2.707,2.707,2.699,2.704,16560.15,2024-06-24 14:34:00
1719239700000,2.705,2.713,2.705,2.712,9612.25,2024-06-24 14:35:00
1719239760000,2.713,2.718,2.713,2.716,3557.22,2024-06-24 14:36:00
1719239820000,2.717,2.725,2.717,2.721,18106.4,2024-06-24 14:37:00
1719239880000,2.721,2.727,2.718,2.727,6619.04,2024-06-24 14:38:00
1719239940000,2.727,2.738,2.726,2.737,22253.03,2024-06-24 14:39:00
1719240000000,2.734,2.734,2.718,2.719,5412.49,2024-06-24 14:40:00
1719240060000,2.719,2.719,2.712,2.713,5548.42,2024-06-24 14:41:00
1719240120000,2.713,2.716,2.704,2.708,9989.22,2024-06-24 14:42:00
1719240180000,2.708,2.714,2.703,2.708,7649.15,2024-06-24 14:43:00
1719240240000,2.708,2.711,2.7,2.701,11556.22,2024-06-24 14:44:00
1719240300000,2.702,2.717,2.702,2.711,16237.11,2024-06-24 14:45:00
1719240360000,2.711,2.716,2.708,2.712,12508.7,2024-06-24 14:46:00
1719240420000,2.71,2.71,2.7,2.704,8960.76,2024-06-24 14:47:00
1719240480000,2.703,2.703,2.694,2.694,7084.7,2024-06-24 14:48:00
1719240540000,2.693,2.699,2.689,2.694,14962.68,2024-06-24 14:49:00
1719240600000,2.695,2.7,2.695,2.7,5613.81,2024-06-24 14:50:00
1719240660000,2.699,2.704,2.698,2.704,4110.35,2024-06-24 14:51:00
1719240720000,2.704,2.708,2.704,2.705,5481.01,2024-06-24 14:52:00
1719240780000,2.704,2.706,2.701,2.706,2869.45,2024-06-24 14:53:00
1719240840000,2.706,2.708,2.698,2.699,8629.92,2024-06-24 14:54:00
1719240900000,2.698,2.705,2.694,2.704,6871.99,2024-06-24 14:55:00
1719240960000,2.704,2.704,2.696,2.696,3942.81,2024-06-24 14:56:00
1719241020000,2.695,2.714,2.695,2.712,6555.84,2024-06-24 14:57:00
1719241080000,2.715,2.729,2.714,2.727,8730.81,2024-06-24 14:58:00
1719241140000,2.728,2.729,2.718,2.719,8878.65,2024-06-24 14:59:00
1719241200000,2.719,2.724,2.71,2.71,7700.48,2024-06-24 15:00:00
1719241260000,2.709,2.718,2.709,2.71,10396.74,2024-06-24 15:01:00
1719241320000,2.711,2.715,2.711,2.714,834.52,2024-06-24 15:02:00
1719241380000,2.714,2.721,2.711,2.721,7291.47,2024-06-24 15:03:00
1719241440000,2.722,2.727,2.719,2.72,7776.17,2024-06-24 15:04:00
1719241500000,2.72,2.727,2.716,2.716,3743.45,2024-06-24 15:05:00
1719241560000,2.715,2.715,2.708,2.711,2174.36,2024-06-24 15:06:00
1719241620000,2.712,2.715,2.709,2.71,5251.47,2024-06-24 15:07:00
1719241680000,2.708,2.712,2.706,2.709,5448.43,2024-06-24 15:08:00
1719241740000,2.71,2.712,2.705,2.705,4050.89,2024-06-24 15:09:00
1719241800000,2.703,2.717,2.702,2.713,7377.4,2024-06-24 15:10:00
1719241860000,2.714,2.724,2.714,2.723,6512.76,2024-06-24 15:11:00
1719241920000,2.722,2.725,2.718,2.725,6225.36,2024-06-24 15:12:00
1719241980000,2.724,2.731,2.722,2.726,5715.89,2024-06-24 15:13:00
1719242040000,2.726,2.733,2.725,2.73,15507.88,2024-06-24 15:14:00
1719242100000,2.73,2.738,2.726,2.726,7049.81,2024-06-24 15:15:00
1719242160000,2.724,2.732,2.72,2.732,4885.98,2024-06-24 15:16:00
1719242220000,2.732,2.737,2.73,2.73,3310.98,2024-06-24 15:17:00
1719242280000,2.73,2.741,2.73,2.737,7599.19,2024-06-24 15:18:00
1719242340000,2.736,2.743,2.736,2.739,6658.7,2024-06-24 15:19:00
1719242400000,2.739,2.741,2.734,2.734,4113.69,2024-06-24 15:20:00
1719242460000,2.733,2.736,2.732,2.733,2149.23,2024-06-24 15:21:00
1719242520000,2.731,2.733,2.726,2.728,7134.03,2024-06-24 15:22:00
1719242580000,2.728,2.737,2.728,2.736,9606.73,2024-06-24 15:23:00
1719242640000,2.735,2.736,2.727,2.727,899.41,2024-06-24 15:24:00
1719242700000,2.727,2.729,2.723,2.727,7485.82,2024-06-24 15:25:00
1719242760000,2.727,2.729,2.727,2.727,1463.8,2024-06-24 15:26:00
1719242820000,2.724,2.724,2.718,2.721,6915.97,2024-06-24 15:27:00
1719242880000,2.721,2.729,2.721,2.726,1839.59,2024-06-24 15:28:00
1719242940000,2.725,2.727,2.718,2.718,4095.93,2024-06-24 15:29:00
1719243000000,2.719,2.726,2.718,2.723,12025.97,2024-06-24 15:30:00
1719243060000,2.723,2.723,2.71,2.713,7913.12,2024-06-24 15:31:00
1719243120000,2.711,2.717,2.71,2.715,5783.97,2024-06-24 15:32:00
1719243180000,2.716,2.727,2.716,2.727,3417.81,2024-06-24 15:33:00
1719243240000,2.726,2.728,2.724,2.724,5585.11,2024-06-24 15:34:00
1719243300000,2.722,2.722,2.706,2.706,5968.19,2024-06-24 15:35:00
1719243360000,2.707,2.712,2.704,2.704,3647.44,2024-06-24 15:36:00
1719243420000,2.706,2.707,2.702,2.703,11204.46,2024-06-24 15:37:00
1719243480000,2.703,2.712,2.703,2.708,3632.79,2024-06-24 15:38:00
1719243540000,2.708,2.709,2.706,2.709,4676.17,2024-06-24 15:39:00
1719243600000,2.71,2.716,2.704,2.704,6216.02,2024-06-24 15:40:00
1719243660000,2.705,2.708,2.702,2.702,19002.58,2024-06-24 15:41:00
1719243720000,2.701,2.715,2.7,2.715,11102.16,2024-06-24 15:42:00
1719243780000,2.715,2.715,2.703,2.705,4167.28,2024-06-24 15:43:00
1719243840000,2.706,2.714,2.705,2.713,2517.62,2024-06-24 15:44:00
1719243900000,2.714,2.715,2.691,2.696,92316.33,2024-06-24 15:45:00
1719243960000,2.695,2.698,2.691,2.694,6055.71,2024-06-24 15:46:00
1719244020000,2.694,2.697,2.682,2.685,10976.05,2024-06-24 15:47:00
1719244080000,2.686,2.694,2.686,2.691,11185.31,2024-06-24 15:48:00
1719244140000,2.691,2.692,2.684,2.689,10331.58,2024-06-24 15:49:00
1719244200000,2.691,2.695,2.68,2.683,12394.81,2024-06-24 15:50:00
1719244260000,2.683,2.687,2.672,2.678,52260.95,2024-06-24 15:51:00
1719244320000,2.68,2.685,2.677,2.678,17305.1,2024-06-24 15:52:00
1719244380000,2.677,2.685,2.672,2.674,14554.76,2024-06-24 15:53:00
1719244440000,2.674,2.699,2.674,2.692,58767.63,2024-06-24 15:54:00
1719244500000,2.692,2.692,2.678,2.682,17892.82,2024-06-24 15:55:00
1719244560000,2.682,2.696,2.682,2.694,27675.28,2024-06-24 15:56:00
1719244620000,2.694,2.694,2.68,2.684,12341.34,2024-06-24 15:57:00
1719244680000,2.684,2.692,2.684,2.69,4540.24,2024-06-24 15:58:00
1719244740000,2.691,2.696,2.691,2.695,8939.56,2024-06-24 15:59:00
1719244800000,2.695,2.697,2.689,2.69,5947.27,2024-06-24 16:00:00
1719244860000,2.689,2.704,2.685,2.701,14245.62,2024-06-24 16:01:00
1719244920000,2.7,2.706,2.695,2.702,19364.44,2024-06-24 16:02:00
1719244980000,2.702,2.713,2.7,2.713,15407.46,2024-06-24 16:03:00
1719245040000,2.713,2.718,2.706,2.709,31312.13,2024-06-24 16:04:00
1719245100000,2.71,2.723,2.706,2.714,23734.8,2024-06-24 16:05:00
1719245160000,2.714,2.72,2.711,2.713,16781.67,2024-06-24 16:06:00
1719245220000,2.712,2.732,2.711,2.73,35572.43,2024-06-24 16:07:00
1719245280000,2.73,2.737,2.723,2.736,16097.85,2024-06-24 16:08:00
1719245340000,2.736,2.741,2.732,2.732,21988.27,2024-06-24 16:09:00
1719245400000,2.732,2.748,2.732,2.745,29023.22,2024-06-24 16:10:00
1719245460000,2.746,2.771,2.745,2.769,150972.48,2024-06-24 16:11:00
1719245520000,2.768,2.783,2.749,2.75,126062.88,2024-06-24 16:12:00
1719245580000,2.751,2.77,2.751,2.769,18547.17,2024-06-24 16:13:00
1719245640000,2.769,2.774,2.762,2.766,48491.64,2024-06-24 16:14:00
1719245700000,2.767,2.767,2.753,2.753,29307.39,2024-06-24 16:15:00
1719245760000,2.753,2.756,2.746,2.746,12454.91,2024-06-24 16:16:00
1719245820000,2.747,2.747,2.733,2.736,21878.83,2024-06-24 16:17:00
1719245880000,2.736,2.762,2.736,2.754,16998.97,2024-06-24 16:18:00
1719245940000,2.751,2.752,2.736,2.738,4956.51,2024-06-24 16:19:00
1719246000000,2.738,2.75,2.738,2.739,13721.48,2024-06-24 16:20:00
1719246060000,2.739,2.743,2.728,2.729,14522.82,2024-06-24 16:21:00
1719246120000,2.729,2.752,2.729,2.752,18357.57,2024-06-24 16:22:00
1719246180000,2.751,2.764,2.741,2.759,34756.05,2024-06-24 16:23:00
1719246240000,2.758,2.766,2.755,2.758,21066.23,2024-06-24 16:24:00
1719246300000,2.758,2.771,2.758,2.77,9073.61,2024-06-24 16:25:00
1719246360000,2.769,2.774,2.757,2.758,9095.8,2024-06-24 16:26:00
1719246420000,2.757,2.76,2.756,2.756,3990.95,2024-06-24 16:27:00
1719246480000,2.755,2.755,2.742,2.747,20433.03,2024-06-24 16:28:00
1719246540000,2.748,2.754,2.745,2.752,10812.24,2024-06-24 16:29:00
1719246600000,2.752,2.765,2.746,2.764,16145.82,2024-06-24 16:30:00
1719246660000,2.763,2.763,2.745,2.746,16147.16,2024-06-24 16:31:00
1719246720000,2.746,2.751,2.743,2.746,6279.91,2024-06-24 16:32:00
1719246780000,2.746,2.753,2.743,2.743,8928.74,2024-06-24 16:33:00
1719246840000,2.742,2.749,2.74,2.748,10714.14,2024-06-24 16:34:00
1719246900000,2.747,2.747,2.738,2.74,32084.22,2024-06-24 16:35:00
1719246960000,2.74,2.746,2.735,2.736,9327.53,2024-06-24 16:36:00
1719247020000,2.735,2.744,2.731,2.738,12737.62,2024-06-24 16:37:00
1719247080000,2.738,2.74,2.732,2.74,15325.18,2024-06-24 16:38:00
1719247140000,2.739,2.743,2.731,2.741,11165.9,2024-06-24 16:39:00
1719247200000,2.741,2.757,2.741,2.754,15871.35,2024-06-24 16:40:00
1719247260000,2.753,2.754,2.749,2.751,6325.54,2024-06-24 16:41:00
1719247320000,2.75,2.75,2.738,2.744,15327.42,2024-06-24 16:42:00
1719247380000,2.743,2.743,2.73,2.73,17966.18,2024-06-24 16:43:00
1719247440000,2.73,2.735,2.701,2.728,288935.21,2024-06-24 16:44:00
1719247500000,2.728,2.728,2.716,2.721,20932.81,2024-06-24 16:45:00
1719247560000,2.721,2.723,2.716,2.717,11560.25,2024-06-24 16:46:00
1719247620000,2.717,2.725,2.707,2.718,39249.93,2024-06-24 16:47:00
1719247680000,2.719,2.727,2.719,2.725,5340.33,2024-06-24 16:48:00
1719247740000,2.726,2.729,2.718,2.718,11445.99,2024-06-24 16:49:00
1719247800000,2.719,2.726,2.718,2.725,7059.31,2024-06-24 16:50:00
1719247860000,2.725,2.725,2.7,2.705,23643.0,2024-06-24 16:51:00
1719247920000,2.706,2.713,2.704,2.71,12054.48,2024-06-24 16:52:00
1719247980000,2.711,2.714,2.703,2.706,12775.75,2024-06-24 16:53:00
1719248040000,2.707,2.723,2.707,2.719,11281.53,2024-06-24 16:54:00
1719248100000,2.719,2.722,2.714,2.719,10077.1,2024-06-24 16:55:00
1719248160000,2.722,2.728,2.712,2.727,6147.16,2024-06-24 16:56:00
1719248220000,2.728,2.749,2.728,2.745,10342.85,2024-06-24 16:57:00
1719248280000,2.745,2.748,2.738,2.743,13091.57,2024-06-24 16:58:00
1719248340000,2.744,2.745,2.733,2.735,6137.33,2024-06-24 16:59:00
1719248400000,2.735,2.748,2.732,2.746,12184.33,2024-06-24 17:00:00
1719248460000,2.747,2.748,2.742,2.746,4731.38,2024-06-24 17:01:00
1719248520000,2.747,2.751,2.74,2.74,23482.77,2024-06-24 17:02:00
1719248580000,2.74,2.747,2.74,2.747,21618.56,2024-06-24 17:03:00
1719248640000,2.747,2.752,2.747,2.75,5223.12,2024-06-24 17:04:00
1719248700000,2.752,2.756,2.747,2.747,4933.45,2024-06-24 17:05:00
1719248760000,2.747,2.752,2.745,2.747,7229.46,2024-06-24 17:06:00
1719248820000,2.748,2.755,2.744,2.755,3314.15,2024-06-24 17:07:00
1719248880000,2.754,2.755,2.742,2.742,9566.12,2024-06-24 17:08:00
1719248940000,2.742,2.751,2.738,2.749,10856.58,2024-06-24 17:09:00
1719249000000,2.748,2.748,2.733,2.737,29107.7,2024-06-24 17:10:00
1719249060000,2.736,2.738,2.722,2.725,21565.23,2024-06-24 17:11:00
1719249120000,2.725,2.726,2.711,2.726,38524.72,2024-06-24 17:12:00
1719249180000,2.727,2.758,2.727,2.753,40116.87,2024-06-24 17:13:00
1719249240000,2.755,2.756,2.745,2.755,20818.15,2024-06-24 17:14:00
1719249300000,2.755,2.76,2.753,2.757,14006.82,2024-06-24 17:15:00
1719249360000,2.757,2.775,2.755,2.769,19632.03,2024-06-24 17:16:00
1719249420000,2.769,2.777,2.759,2.76,10605.87,2024-06-24 17:17:00
1719249480000,2.759,2.761,2.752,2.752,7957.55,2024-06-24 17:18:00
1719249540000,2.751,2.757,2.748,2.75,14808.71,2024-06-24 17:19:00
1719249600000,2.749,2.75,2.733,2.745,37591.16,2024-06-24 17:20:00
1719249660000,2.745,2.751,2.735,2.744,16454.01,2024-06-24 17:21:00
1719249720000,2.741,2.75,2.737,2.743,9073.25,2024-06-24 17:22:00
1719249780000,2.743,2.749,2.738,2.748,5387.31,2024-06-24 17:23:00
1719249840000,2.747,2.749,2.736,2.737,6087.22,2024-06-24 17:24:00
1719249900000,2.738,2.746,2.734,2.738,13566.77,2024-06-24 17:25:00
1719249960000,2.735,2.739,2.733,2.739,7635.92,2024-06-24 17:26:00
1719250020000,2.74,2.74,2.729,2.733,7914.62,2024-06-24 17:27:00
1719250080000,2.734,2.735,2.715,2.717,15249.42,2024-06-24 17:28:00
1719250140000,2.715,2.722,2.713,2.721,14297.29,2024-06-24 17:29:00
1719250200000,2.72,2.721,2.713,2.72,17733.97,2024-06-24 17:30:00
1719250260000,2.721,2.741,2.72,2.735,34534.15,2024-06-24 17:31:00
1719250320000,2.735,2.736,2.725,2.726,13113.54,2024-06-24 17:32:00
1719250380000,2.724,2.749,2.722,2.748,15924.58,2024-06-24 17:33:00
1719250440000,2.748,2.753,2.747,2.748,16584.87,2024-06-24 17:34:00
1719250500000,2.748,2.757,2.741,2.747,27911.09,2024-06-24 17:35:00
1719250560000,2.748,2.752,2.742,2.743,8500.74,2024-06-24 17:36:00
1719250620000,2.743,2.745,2.738,2.744,7242.9,2024-06-24 17:37:00
1719250680000,2.745,2.745,2.732,2.741,8147.49,2024-06-24 17:38:00
1719250740000,2.741,2.747,2.74,2.743,5247.87,2024-06-24 17:39:00
1719250800000,2.743,2.748,2.74,2.745,18521.83,2024-06-24 17:40:00
1719250860000,2.745,2.754,2.745,2.747,11282.0,2024-06-24 17:41:00
1719250920000,2.747,2.75,2.745,2.746,8148.76,2024-06-24 17:42:00
1719250980000,2.747,2.749,2.744,2.749,5915.93,2024-06-24 17:43:00
1719251040000,2.747,2.748,2.741,2.742,10328.88,2024-06-24 17:44:00
1719251100000,2.743,2.754,2.739,2.752,10133.61,2024-06-24 17:45:00
1719251160000,2.753,2.755,2.751,2.752,4738.84,2024-06-24 17:46:00
1719251220000,2.751,2.755,2.748,2.754,8581.94,2024-06-24 17:47:00
1719251280000,2.754,2.769,2.754,2.766,27991.07,2024-06-24 17:48:00
1719251340000,2.765,2.769,2.759,2.763,7084.31,2024-06-24 17:49:00
1719251400000,2.761,2.761,2.75,2.755,26770.74,2024-06-24 17:50:00
1719251460000,2.754,2.756,2.745,2.745,9749.57,2024-06-24 17:51:00
1719251520000,2.746,2.761,2.746,2.758,15917.04,2024-06-24 17:52:00
1719251580000,2.76,2.766,2.75,2.765,35537.91,2024-06-24 17:53:00
1719251640000,2.765,2.772,2.764,2.772,10329.91,2024-06-24 17:54:00
1719251700000,2.771,2.772,2.757,2.764,13429.65,2024-06-24 17:55:00
1719251760000,2.764,2.776,2.764,2.775,42653.35,2024-06-24 17:56:00
1719251820000,2.774,2.774,2.758,2.764,11616.2,2024-06-24 17:57:00
1719251880000,2.764,2.776,2.763,2.775,25714.74,2024-06-24 17:58:00
1719251940000,2.775,2.784,2.77,2.779,13982.95,2024-06-24 17:59:00
1719252000000,2.778,2.782,2.765,2.78,32158.68,2024-06-24 18:00:00
1719252060000,2.779,2.779,2.766,2.775,37182.26,2024-06-24 18:01:00
1719252120000,2.776,2.784,2.774,2.783,14803.29,2024-06-24 18:02:00
1719252180000,2.78,2.792,2.775,2.788,19582.42,2024-06-24 18:03:00
1719252240000,2.788,2.801,2.786,2.797,32316.79,2024-06-24 18:04:00
1719252300000,2.799,2.804,2.791,2.802,27524.43,2024-06-24 18:05:00
1719252360000,2.801,2.803,2.789,2.792,30358.42,2024-06-24 18:06:00
1719252420000,2.791,2.797,2.786,2.796,24625.58,2024-06-24 18:07:00
1719252480000,2.796,2.799,2.78,2.785,12032.33,2024-06-24 18:08:00
1719252540000,2.785,2.788,2.774,2.782,14250.31,2024-06-24 18:09:00
1719252600000,2.781,2.782,2.777,2.781,9247.93,2024-06-24 18:10:00
1719252660000,2.78,2.791,2.78,2.79,5581.2,2024-06-24 18:11:00
1719252720000,2.791,2.798,2.791,2.792,6441.54,2024-06-24 18:12:00
1719252780000,2.792,2.797,2.789,2.79,5265.18,2024-06-24 18:13:00
1719252840000,2.79,2.791,2.777,2.786,22170.06,2024-06-24 18:14:00
1719252900000,2.787,2.795,2.776,2.779,9926.42,2024-06-24 18:15:00
1719252960000,2.78,2.784,2.768,2.772,15561.61,2024-06-24 18:16:00
1719253020000,2.771,2.787,2.769,2.787,30273.8,2024-06-24 18:17:00
1719253080000,2.785,2.791,2.781,2.791,32916.62,2024-06-24 18:18:00
1719253140000,2.791,2.808,2.791,2.808,10132.75,2024-06-24 18:19:00
1719253200000,2.809,2.812,2.802,2.811,22073.8,2024-06-24 18:20:00
1719253260000,2.811,2.811,2.803,2.811,5851.3,2024-06-24 18:21:00
1719253320000,2.811,2.812,2.803,2.803,4608.67,2024-06-24 18:22:00
1719253380000,2.804,2.828,2.804,2.825,19944.29,2024-06-24 18:23:00
1719253440000,2.827,2.833,2.823,2.824,16132.05,2024-06-24 18:24:00
1719253500000,2.824,2.829,2.818,2.826,10059.31,2024-06-24 18:25:00
1719253560000,2.828,2.833,2.823,2.831,87381.93,2024-06-24 18:26:00
1719253620000,2.831,2.833,2.827,2.827,17942.78,2024-06-24 18:27:00
1719253680000,2.827,2.829,2.818,2.829,15816.15,2024-06-24 18:28:00
1719253740000,2.829,2.832,2.825,2.83,9593.06,2024-06-24 18:29:00
1719253800000,2.829,2.834,2.822,2.829,15945.23,2024-06-24 18:30:00
1719253860000,2.828,2.828,2.815,2.82,15584.12,2024-06-24 18:31:00
1719253920000,2.821,2.833,2.806,2.826,51038.46,2024-06-24 18:32:00
1719253980000,2.826,2.832,2.814,2.817,10816.94,2024-06-24 18:33:00
1719254040000,2.816,2.816,2.808,2.813,7318.57,2024-06-24 18:34:00
1719254100000,2.814,2.814,2.809,2.81,2848.23,2024-06-24 18:35:00
1719254160000,2.808,2.814,2.805,2.807,9559.57,2024-06-24 18:36:00
1719254220000,2.807,2.807,2.798,2.799,8992.67,2024-06-24 18:37:00
1719254280000,2.8,2.802,2.795,2.798,8620.53,2024-06-24 18:38:00
1719254340000,2.798,2.802,2.796,2.802,7726.67,2024-06-24 18:39:00
1719254400000,2.801,2.814,2.8,2.809,18036.57,2024-06-24 18:40:00
1719254460000,2.81,2.81,2.799,2.804,10047.22,2024-06-24 18:41:00
1719254520000,2.804,2.806,2.8,2.806,4362.96,2024-06-24 18:42:00
1719254580000,2.806,2.806,2.795,2.801,24707.8,2024-06-24 18:43:00
1719254640000,2.802,2.809,2.801,2.805,5572.76,2024-06-24 18:44:00
1719254700000,2.803,2.815,2.802,2.812,12981.78,2024-06-24 18:45:00
1719254760000,2.811,2.812,2.803,2.805,6457.28,2024-06-24 18:46:00
1719254820000,2.804,2.816,2.804,2.816,7229.83,2024-06-24 18:47:00
1719254880000,2.816,2.817,2.809,2.809,5359.18,2024-06-24 18:48:00
1719254940000,2.808,2.813,2.806,2.81,10270.58,2024-06-24 18:49:00
1719255000000,2.807,2.807,2.801,2.801,5057.83,2024-06-24 18:50:00
1719255060000,2.801,2.816,2.801,2.811,6101.16,2024-06-24 18:51:00
1719255120000,2.81,2.81,2.8,2.802,3245.86,2024-06-24 18:52:00
1719255180000,2.801,2.804,2.796,2.801,15340.81,2024-06-24 18:53:00
1719255240000,2.8,2.805,2.8,2.801,4936.97,2024-06-24 18:54:00
1719255300000,2.801,2.801,2.8,2.8,11928.27,2024-06-24 18:55:00
1719255360000,2.801,2.814,2.801,2.808,10458.65,2024-06-24 18:56:00
1719255420000,2.808,2.822,2.808,2.822,6792.97,2024-06-24 18:57:00
1719255480000,2.822,2.828,2.816,2.821,14251.29,2024-06-24 18:58:00
1719255540000,2.82,2.832,2.82,2.829,15691.57,2024-06-24 18:59:00
1719255600000,2.829,2.833,2.819,2.824,33231.04,2024-06-24 19:00:00
1719255660000,2.826,2.826,2.82,2.82,8980.98,2024-06-24 19:01:00
1719255720000,2.819,2.83,2.819,2.829,3033.03,2024-06-24 19:02:00
1719255780000,2.829,2.83,2.825,2.826,1414.8,2024-06-24 19:03:00
1719255840000,2.826,2.826,2.811,2.813,3524.86,2024-06-24 19:04:00
1719255900000,2.813,2.819,2.813,2.819,5415.27,2024-06-24 19:05:00
1719255960000,2.819,2.828,2.819,2.825,5994.94,2024-06-24 19:06:00
1719256020000,2.827,2.83,2.822,2.826,6340.35,2024-06-24 19:07:00
1719256080000,2.826,2.828,2.819,2.828,4246.77,2024-06-24 19:08:00
1719256140000,2.829,2.831,2.821,2.823,3402.08,2024-06-24 19:09:00
1719256200000,2.821,2.821,2.806,2.808,8146.36,2024-06-24 19:10:00
1719256260000,2.807,2.812,2.805,2.807,6223.56,2024-06-24 19:11:00
1719256320000,2.807,2.808,2.801,2.801,3717.51,2024-06-24 19:12:00
1719256380000,2.803,2.811,2.802,2.81,3713.42,2024-06-24 19:13:00
1719256440000,2.809,2.814,2.808,2.813,3370.75,2024-06-24 19:14:00
1719256500000,2.813,2.815,2.811,2.812,2184.83,2024-06-24 19:15:00
1719256560000,2.811,2.813,2.806,2.807,3653.64,2024-06-24 19:16:00
1719256620000,2.807,2.811,2.802,2.805,2607.04,2024-06-24 19:17:00
1719256680000,2.805,2.809,2.796,2.798,10841.68,2024-06-24 19:18:00
1719256740000,2.798,2.807,2.795,2.806,8542.05,2024-06-24 19:19:00
1719256800000,2.806,2.806,2.796,2.798,5808.46,2024-06-24 19:20:00
1719256860000,2.799,2.807,2.799,2.805,6968.73,2024-06-24 19:21:00
1719256920000,2.806,2.807,2.799,2.801,8613.98,2024-06-24 19:22:00
1719256980000,2.801,2.809,2.8,2.808,2117.08,2024-06-24 19:23:00
1719257040000,2.806,2.807,2.799,2.799,3614.84,2024-06-24 19:24:00
1719257100000,2.799,2.801,2.796,2.801,3185.22,2024-06-24 19:25:00
1719257160000,2.8,2.812,2.8,2.809,8689.3,2024-06-24 19:26:00
1719257220000,2.808,2.814,2.807,2.81,11701.32,2024-06-24 19:27:00
1719257280000,2.809,2.816,2.809,2.814,3286.43,2024-06-24 19:28:00
1719257340000,2.815,2.822,2.815,2.819,9898.46,2024-06-24 19:29:00
1719257400000,2.819,2.827,2.817,2.823,9165.1,2024-06-24 19:30:00
1719257460000,2.823,2.825,2.814,2.818,7254.89,2024-06-24 19:31:00
1719257520000,2.819,2.83,2.819,2.829,5770.5,2024-06-24 19:32:00
1719257580000,2.828,2.832,2.825,2.827,8467.74,2024-06-24 19:33:00
1719257640000,2.826,2.832,2.826,2.829,5930.54,2024-06-24 19:34:00
1719257700000,2.83,2.839,2.821,2.838,10321.8,2024-06-24 19:35:00
1719257760000,2.838,2.853,2.834,2.853,39052.76,2024-06-24 19:36:00
1719257820000,2.852,2.853,2.839,2.845,27667.21,2024-06-24 19:37:00
1719257880000,2.847,2.848,2.841,2.842,6654.16,2024-06-24 19:38:00
1719257940000,2.842,2.843,2.839,2.84,7111.95,2024-06-24 19:39:00
1719258000000,2.84,2.84,2.83,2.834,7563.98,2024-06-24 19:40:00
1719258060000,2.833,2.834,2.827,2.833,7858.9,2024-06-24 19:41:00
1719258120000,2.831,2.839,2.831,2.838,6530.68,2024-06-24 19:42:00
1719258180000,2.839,2.844,2.834,2.836,7478.88,2024-06-24 19:43:00
1719258240000,2.836,2.846,2.835,2.841,12499.29,2024-06-24 19:44:00
1719258300000,2.839,2.839,2.831,2.833,6601.23,2024-06-24 19:45:00
1719258360000,2.833,2.844,2.833,2.844,1955.81,2024-06-24 19:46:00
1719258420000,2.843,2.846,2.835,2.835,7148.29,2024-06-24 19:47:00
1719258480000,2.835,2.841,2.833,2.839,3301.19,2024-06-24 19:48:00
1719258540000,2.839,2.839,2.819,2.826,13581.95,2024-06-24 19:49:00
1719258600000,2.829,2.834,2.823,2.824,5492.81,2024-06-24 19:50:00
1719258660000,2.825,2.827,2.817,2.818,14321.57,2024-06-24 19:51:00
1719258720000,2.818,2.834,2.818,2.834,7955.52,2024-06-24 19:52:00
1719258780000,2.835,2.839,2.828,2.837,23252.01,2024-06-24 19:53:00
1719258840000,2.838,2.841,2.832,2.832,7358.36,2024-06-24 19:54:00
1719258900000,2.831,2.835,2.819,2.834,13043.68,2024-06-24 19:55:00
1719258960000,2.834,2.844,2.832,2.836,29157.69,2024-06-24 19:56:00
1719259020000,2.836,2.836,2.822,2.831,8315.16,2024-06-24 19:57:00
1719259080000,2.832,2.834,2.827,2.832,5069.19,2024-06-24 19:58:00
1719259140000,2.832,2.838,2.823,2.837,12198.76,2024-06-24 19:59:00
1719259200000,2.835,2.851,2.83,2.849,28802.73,2024-06-24 20:00:00
1719259260000,2.849,2.891,2.842,2.877,133659.27,2024-06-24 20:01:00
1719259320000,2.878,2.879,2.865,2.865,33841.69,2024-06-24 20:02:00
1719259380000,2.865,2.866,2.859,2.862,20892.05,2024-06-24 20:03:00
1719259440000,2.864,2.873,2.862,2.87,11771.62,2024-06-24 20:04:00
1719259500000,2.869,2.873,2.862,2.867,19922.85,2024-06-24 20:05:00
1719259560000,2.865,2.875,2.86,2.875,8384.83,2024-06-24 20:06:00
1719259620000,2.874,2.88,2.873,2.878,9121.06,2024-06-24 20:07:00
1719259680000,2.877,2.881,2.874,2.875,5643.03,2024-06-24 20:08:00
1719259740000,2.874,2.878,2.867,2.867,8190.67,2024-06-24 20:09:00
1719259800000,2.866,2.867,2.859,2.866,11949.78,2024-06-24 20:10:00
1719259860000,2.865,2.869,2.86,2.862,13321.12,2024-06-24 20:11:00
1719259920000,2.86,2.862,2.854,2.855,7974.72,2024-06-24 20:12:00
1719259980000,2.855,2.858,2.854,2.854,2847.11,2024-06-24 20:13:00
1719260040000,2.853,2.853,2.846,2.85,4257.14,2024-06-24 20:14:00
1719260100000,2.852,2.852,2.847,2.851,4442.28,2024-06-24 20:15:00
1719260160000,2.851,2.851,2.844,2.849,6268.47,2024-06-24 20:16:00
1719260220000,2.85,2.85,2.84,2.84,6278.4,2024-06-24 20:17:00
1719260280000,2.841,2.841,2.829,2.839,19838.58,2024-06-24 20:18:00
1719260340000,2.839,2.841,2.834,2.841,4168.65,2024-06-24 20:19:00
1719260400000,2.842,2.843,2.822,2.824,3984.11,2024-06-24 20:20:00
1719260460000,2.821,2.824,2.803,2.806,41193.19,2024-06-24 20:21:00
1719260520000,2.806,2.813,2.804,2.804,15698.1,2024-06-24 20:22:00
1719260580000,2.806,2.821,2.805,2.815,11578.38,2024-06-24 20:23:00
1719260640000,2.815,2.819,2.81,2.812,22149.55,2024-06-24 20:24:00
1719260700000,2.812,2.813,2.808,2.813,11727.85,2024-06-24 20:25:00
1719260760000,2.813,2.817,2.809,2.809,3687.56,2024-06-24 20:26:00
1719260820000,2.807,2.809,2.799,2.801,18448.8,2024-06-24 20:27:00
1719260880000,2.801,2.808,2.795,2.796,11840.74,2024-06-24 20:28:00
1719260940000,2.795,2.8,2.783,2.793,34777.4,2024-06-24 20:29:00
1719261000000,2.793,2.797,2.782,2.791,35869.65,2024-06-24 20:30:00
1719261060000,2.792,2.805,2.788,2.805,15496.22,2024-06-24 20:31:00
1719261120000,2.804,2.804,2.792,2.793,8649.26,2024-06-24 20:32:00
1719261180000,2.796,2.821,2.796,2.821,12380.52,2024-06-24 20:33:00
1719261240000,2.822,2.831,2.815,2.827,26782.85,2024-06-24 20:34:00
1719261300000,2.828,2.831,2.822,2.824,3551.97,2024-06-24 20:35:00
1719261360000,2.824,2.832,2.819,2.828,24810.1,2024-06-24 20:36:00
1719261420000,2.828,2.837,2.826,2.832,26670.67,2024-06-24 20:37:00
1719261480000,2.831,2.834,2.824,2.834,5303.17,2024-06-24 20:38:00
1719261540000,2.833,2.833,2.818,2.818,18233.42,2024-06-24 20:39:00
1719261600000,2.817,2.824,2.816,2.824,4026.93,2024-06-24 20:40:00
1719261660000,2.824,2.824,2.811,2.813,5716.52,2024-06-24 20:41:00
1719261720000,2.813,2.814,2.807,2.812,4456.97,2024-06-24 20:42:00
1719261780000,2.813,2.814,2.804,2.81,8454.86,2024-06-24 20:43:00
1719261840000,2.809,2.814,2.805,2.809,4700.2,2024-06-24 20:44:00
1719261900000,2.806,2.81,2.804,2.81,4656.01,2024-06-24 20:45:00
1719261960000,2.81,2.814,2.809,2.814,7649.02,2024-06-24 20:46:00
1719262020000,2.812,2.812,2.804,2.805,9608.22,2024-06-24 20:47:00
1719262080000,2.803,2.817,2.8,2.814,8738.98,2024-06-24 20:48:00
1719262140000,2.811,2.821,2.81,2.814,4437.97,2024-06-24 20:49:00
1719262200000,2.816,2.82,2.814,2.819,4066.41,2024-06-24 20:50:00
1719262260000,2.819,2.823,2.816,2.818,9164.71,2024-06-24 20:51:00
1719262320000,2.817,2.818,2.812,2.818,7232.33,2024-06-24 20:52:00
1719262380000,2.817,2.825,2.813,2.814,15144.41,2024-06-24 20:53:00
1719262440000,2.815,2.816,2.809,2.809,8628.69,2024-06-24 20:54:00
1719262500000,2.805,2.809,2.804,2.804,2552.8,2024-06-24 20:55:00
1719262560000,2.804,2.804,2.796,2.798,8873.77,2024-06-24 20:56:00
1719262620000,2.798,2.806,2.796,2.806,7371.7,2024-06-24 20:57:00
1719262680000,2.805,2.805,2.799,2.8,6249.89,2024-06-24 20:58:00
1719262740000,2.798,2.81,2.798,2.802,15207.77,2024-06-24 20:59:00
1719262800000,2.801,2.801,2.797,2.801,3305.61,2024-06-24 21:00:00
1719262860000,2.801,2.808,2.801,2.801,5784.16,2024-06-24 21:01:00
1719262920000,2.802,2.81,2.802,2.802,9742.5,2024-06-24 21:02:00
1719262980000,2.802,2.809,2.799,2.799,25134.48,2024-06-24 21:03:00
1719263040000,2.799,2.799,2.791,2.793,8288.92,2024-06-24 21:04:00
1719263100000,2.792,2.793,2.786,2.788,20583.6,2024-06-24 21:05:00
1719263160000,2.787,2.794,2.785,2.792,11768.62,2024-06-24 21:06:00
1719263220000,2.793,2.802,2.793,2.801,4609.01,2024-06-24 21:07:00
1719263280000,2.801,2.803,2.796,2.801,3355.34,2024-06-24 21:08:00
1719263340000,2.801,2.808,2.799,2.807,3367.37,2024-06-24 21:09:00
1719263400000,2.808,2.82,2.808,2.818,5205.54,2024-06-24 21:10:00
1719263460000,2.82,2.834,2.82,2.824,30360.66,2024-06-24 21:11:00
1719263520000,2.824,2.826,2.82,2.825,4106.93,2024-06-24 21:12:00
1719263580000,2.824,2.824,2.82,2.822,4698.53,2024-06-24 21:13:00
1719263640000,2.822,2.822,2.815,2.82,3998.7,2024-06-24 21:14:00
1719263700000,2.82,2.82,2.81,2.816,11230.15,2024-06-24 21:15:00
1719263760000,2.816,2.821,2.812,2.821,7871.89,2024-06-24 21:16:00
1719263820000,2.821,2.821,2.803,2.805,12373.12,2024-06-24 21:17:00
1719263880000,2.805,2.808,2.801,2.804,9397.17,2024-06-24 21:18:00
1719263940000,2.803,2.812,2.8,2.808,5379.7,2024-06-24 21:19:00
1719264000000,2.81,2.814,2.806,2.806,4391.98,2024-06-24 21:20:00
1719264060000,2.807,2.818,2.807,2.816,7314.8,2024-06-24 21:21:00
1719264120000,2.815,2.834,2.812,2.833,80026.2,2024-06-24 21:22:00
1719264180000,2.832,2.842,2.826,2.84,16642.69,2024-06-24 21:23:00
1719264240000,2.841,2.843,2.823,2.823,10298.0,2024-06-24 21:24:00
1719264300000,2.822,2.825,2.816,2.817,16292.76,2024-06-24 21:25:00
1719264360000,2.816,2.816,2.811,2.811,3159.37,2024-06-24 21:26:00
1719264420000,2.811,2.817,2.809,2.809,6587.41,2024-06-24 21:27:00
1719264480000,2.809,2.815,2.809,2.811,2502.45,2024-06-24 21:28:00
1719264540000,2.81,2.822,2.81,2.821,2790.81,2024-06-24 21:29:00
1719264600000,2.822,2.837,2.822,2.837,7331.69,2024-06-24 21:30:00
1719264660000,2.836,2.843,2.836,2.839,14751.65,2024-06-24 21:31:00
1719264720000,2.84,2.846,2.837,2.844,11662.91,2024-06-24 21:32:00
1719264780000,2.843,2.849,2.836,2.836,16877.03,2024-06-24 21:33:00
1719264840000,2.836,2.843,2.834,2.84,6175.73,2024-06-24 21:34:00
1719264900000,2.841,2.85,2.841,2.849,18703.78,2024-06-24 21:35:00
1719264960000,2.848,2.853,2.846,2.846,8299.09,2024-06-24 21:36:00
1719265020000,2.847,2.853,2.847,2.85,1195.87,2024-06-24 21:37:00
1719265080000,2.849,2.852,2.844,2.848,6306.93,2024-06-24 21:38:00
1719265140000,2.847,2.847,2.832,2.835,10927.24,2024-06-24 21:39:00
1719265200000,2.836,2.836,2.826,2.826,11021.07,2024-06-24 21:40:00
1719265260000,2.828,2.829,2.822,2.823,6916.53,2024-06-24 21:41:00
1719265320000,2.823,2.823,2.818,2.82,2612.04,2024-06-24 21:42:00
1719265380000,2.819,2.824,2.817,2.822,3708.3,2024-06-24 21:43:00
1719265440000,2.822,2.822,2.821,2.821,3138.49,2024-06-24 21:44:00
1719265500000,2.821,2.822,2.819,2.82,4533.53,2024-06-24 21:45:00
1719265560000,2.82,2.82,2.82,2.82,21.79,2024-06-24 21:46:00
1719265620000,2.819,2.82,2.818,2.818,2247.45,2024-06-24 21:47:00
1719265680000,2.818,2.818,2.817,2.818,740.83,2024-06-24 21:48:00
1719265740000,2.817,2.817,2.808,2.809,3306.9,2024-06-24 21:49:00
1719265800000,2.808,2.809,2.807,2.807,12477.99,2024-06-24 21:50:00
1719265860000,2.808,2.809,2.807,2.809,1256.73,2024-06-24 21:51:00
1719265920000,2.809,2.809,2.805,2.806,4769.13,2024-06-24 21:52:00
1719265980000,2.806,2.806,2.799,2.801,18221.4,2024-06-24 21:53:00
1719266040000,2.8,2.806,2.799,2.806,8976.84,2024-06-24 21:54:00
1719266100000,2.805,2.807,2.803,2.803,3196.79,2024-06-24 21:55:00
1719266160000,2.805,2.806,2.805,2.805,804.48,2024-06-24 21:56:00
1719266220000,2.805,2.806,2.805,2.806,115.57,2024-06-24 21:57:00
1719266280000,2.806,2.81,2.806,2.809,223.61,2024-06-24 21:58:00
1719266340000,2.81,2.81,2.807,2.808,4908.39,2024-06-24 21:59:00
1719266400000,2.81,2.815,2.81,2.815,2869.55,2024-06-24 22:00:00
1719266460000,2.815,2.816,2.815,2.815,370.1,2024-06-24 22:01:00
1719266520000,2.815,2.815,2.813,2.814,1528.68,2024-06-24 22:02:00
1719266580000,2.815,2.815,2.814,2.814,2966.31,2024-06-24 22:03:00
1719266640000,2.814,2.814,2.81,2.811,1175.75,2024-06-24 22:04:00
1719266700000,2.81,2.811,2.809,2.809,660.33,2024-06-24 22:05:00
1719266760000,2.809,2.81,2.808,2.808,1517.43,2024-06-24 22:06:00
1719266820000,2.807,2.807,2.802,2.803,3912.71,2024-06-24 22:07:00
1719266880000,2.803,2.803,2.802,2.803,322.56,2024-06-24 22:08:00
1719266940000,2.802,2.802,2.798,2.798,10738.68,2024-06-24 22:09:00
1719267000000,2.797,2.798,2.791,2.794,14868.77,2024-06-24 22:10:00
1719267060000,2.794,2.796,2.793,2.796,5878.25,2024-06-24 22:11:00
1719267120000,2.796,2.8,2.796,2.8,4342.01,2024-06-24 22:12:00
1719267180000,2.8,2.803,2.8,2.802,7462.65,2024-06-24 22:13:00
1719267240000,2.803,2.803,2.8,2.8,3919.54,2024-06-24 22:14:00
1719267300000,2.8,2.802,2.795,2.799,15907.12,2024-06-24 22:15:00
1719267360000,2.8,2.802,2.8,2.802,6222.02,2024-06-24 22:16:00
1719267420000,2.801,2.802,2.788,2.79,9354.04,2024-06-24 22:17:00
1719267480000,2.789,2.796,2.788,2.796,9620.42,2024-06-24 22:18:00
1719267540000,2.796,2.8,2.793,2.795,15967.48,2024-06-24 22:19:00
1719267600000,2.796,2.797,2.791,2.797,5311.21,2024-06-24 22:20:00
1719267660000,2.798,2.801,2.797,2.801,4439.49,2024-06-24 22:21:00
1719267720000,2.801,2.802,2.801,2.801,1429.7,2024-06-24 22:22:00
1719267780000,2.801,2.804,2.801,2.804,1361.61,2024-06-24 22:23:00
1719267840000,2.804,2.805,2.802,2.804,4101.05,2024-06-24 22:24:00
1719267900000,2.804,2.804,2.801,2.803,1748.22,2024-06-24 22:25:00
1719267960000,2.803,2.815,2.803,2.814,23252.83,2024-06-24 22:26:00
1719268020000,2.814,2.814,2.813,2.814,1520.81,2024-06-24 22:27:00
1719268080000,2.813,2.813,2.808,2.808,5848.76,2024-06-24 22:28:00
1719268140000,2.808,2.811,2.808,2.811,892.39,2024-06-24 22:29:00
1719268200000,2.812,2.812,2.803,2.805,4336.12,2024-06-24 22:30:00
1719268260000,2.807,2.812,2.807,2.811,5628.89,2024-06-24 22:31:00
1719268320000,2.81,2.811,2.808,2.809,962.78,2024-06-24 22:32:00
1719268380000,2.808,2.808,2.803,2.806,8498.55,2024-06-24 22:33:00
1719268440000,2.806,2.806,2.799,2.801,4585.1,2024-06-24 22:34:00
1719268500000,2.8,2.8,2.791,2.797,6040.97,2024-06-24 22:35:00
1719268560000,2.797,2.798,2.795,2.797,506.25,2024-06-24 22:36:00
1719268620000,2.797,2.797,2.794,2.794,572.11,2024-06-24 22:37:00
1719268680000,2.796,2.796,2.795,2.795,364.69,2024-06-24 22:38:00
1719268740000,2.795,2.802,2.794,2.801,4333.16,2024-06-24 22:39:00
1719268800000,2.802,2.804,2.8,2.804,6951.52,2024-06-24 22:40:00
1719268860000,2.804,2.808,2.804,2.805,4094.5,2024-06-24 22:41:00
1719268920000,2.805,2.806,2.803,2.806,1725.99,2024-06-24 22:42:00
1719268980000,2.806,2.809,2.804,2.805,2978.86,2024-06-24 22:43:00
1719269040000,2.805,2.81,2.805,2.809,1743.19,2024-06-24 22:44:00
1719269100000,2.808,2.809,2.805,2.805,932.95,2024-06-24 22:45:00
1719269160000,2.806,2.806,2.803,2.804,2944.07,2024-06-24 22:46:00
1719269220000,2.804,2.804,2.801,2.801,596.72,2024-06-24 22:47:00
1719269280000,2.801,2.801,2.797,2.797,1290.05,2024-06-24 22:48:00
1719269340000,2.796,2.798,2.796,2.798,567.06,2024-06-24 22:49:00
1719269400000,2.796,2.796,2.795,2.795,755.93,2024-06-24 22:50:00
1719269460000,2.795,2.795,2.782,2.784,15585.1,2024-06-24 22:51:00
1719269520000,2.784,2.788,2.783,2.785,5918.44,2024-06-24 22:52:00
1719269580000,2.786,2.79,2.786,2.786,3728.05,2024-06-24 22:53:00
1719269640000,2.787,2.787,2.783,2.785,1228.56,2024-06-24 22:54:00
1719269700000,2.785,2.789,2.785,2.787,4598.66,2024-06-24 22:55:00
1719269760000,2.786,2.787,2.783,2.784,5354.58,2024-06-24 22:56:00
1719269820000,2.786,2.791,2.786,2.79,4165.55,2024-06-24 22:57:00
1719269880000,2.791,2.791,2.782,2.782,6692.43,2024-06-24 22:58:00
1719269940000,2.783,2.784,2.779,2.784,6108.93,2024-06-24 22:59:00
1719270000000,2.784,2.789,2.784,2.789,5729.06,2024-06-24 23:00:00
1719270060000,2.789,2.791,2.787,2.787,3880.37,2024-06-24 23:01:00
1719270120000,2.787,2.791,2.787,2.79,1442.18,2024-06-24 23:02:00
1719270180000,2.79,2.791,2.784,2.784,4542.72,2024-06-24 23:03:00
1719270240000,2.783,2.783,2.779,2.779,3366.58,2024-06-24 23:04:00
1719270300000,2.779,2.782,2.776,2.782,9121.03,2024-06-24 23:05:00
1719270360000,2.782,2.784,2.782,2.784,3330.15,2024-06-24 23:06:00
1719270420000,2.785,2.791,2.785,2.791,861.79,2024-06-24 23:07:00
1719270480000,2.791,2.793,2.79,2.793,460.46,2024-06-24 23:08:00
1719270540000,2.794,2.799,2.794,2.799,546.47,2024-06-24 23:09:00
1719270600000,2.8,2.803,2.798,2.801,5156.69,2024-06-24 23:10:00
1719270660000,2.798,2.804,2.797,2.802,4688.82,2024-06-24 23:11:00
1719270720000,2.802,2.805,2.799,2.8,4812.09,2024-06-24 23:12:00
1719270780000,2.801,2.807,2.801,2.805,2973.43,2024-06-24 23:13:00
1719270840000,2.805,2.805,2.798,2.798,5872.21,2024-06-24 23:14:00
1719270900000,2.795,2.801,2.792,2.801,9346.24,2024-06-24 23:15:00
1719270960000,2.8,2.803,2.799,2.801,3921.7,2024-06-24 23:16:00
1719271020000,2.801,2.804,2.798,2.798,8981.67,2024-06-24 23:17:00
1719271080000,2.797,2.8,2.793,2.798,6222.5,2024-06-24 23:18:00
1719271140000,2.8,2.8,2.797,2.8,2070.7,2024-06-24 23:19:00
1719271200000,2.801,2.803,2.8,2.802,1729.3,2024-06-24 23:20:00
1719271260000,2.802,2.802,2.796,2.798,2049.45,2024-06-24 23:21:00
1719271320000,2.798,2.805,2.798,2.804,2228.05,2024-06-24 23:22:00
1719271380000,2.804,2.807,2.803,2.806,1273.8,2024-06-24 23:23:00
1719271440000,2.806,2.807,2.803,2.807,2068.6,2024-06-24 23:24:00
1719271500000,2.807,2.807,2.806,2.807,183.04,2024-06-24 23:25:00
1719271560000,2.808,2.813,2.808,2.811,2431.3,2024-06-24 23:26:00
1719271620000,2.81,2.811,2.807,2.81,654.23,2024-06-24 23:27:00
1719271680000,2.81,2.811,2.807,2.807,1083.95,2024-06-24 23:28:00
1719271740000,2.807,2.81,2.805,2.809,12787.86,2024-06-24 23:29:00
1719271800000,2.809,2.812,2.809,2.81,1094.26,2024-06-24 23:30:00
1719271860000,2.811,2.814,2.811,2.814,2381.23,2024-06-24 23:31:00
1719271920000,2.814,2.817,2.814,2.815,1726.38,2024-06-24 23:32:00
1719271980000,2.816,2.819,2.816,2.818,1908.0,2024-06-24 23:33:00
1719272040000,2.819,2.83,2.819,2.821,13298.72,2024-06-24 23:34:00
1719272100000,2.821,2.822,2.818,2.819,2943.08,2024-06-24 23:35:00
1719272160000,2.819,2.824,2.819,2.822,2702.98,2024-06-24 23:36:00
1719272220000,2.824,2.829,2.824,2.827,8206.07,2024-06-24 23:37:00
1719272280000,2.826,2.83,2.826,2.83,3088.76,2024-06-24 23:38:00
1719272340000,2.83,2.831,2.828,2.83,1765.0,2024-06-24 23:39:00
1719272400000,2.828,2.833,2.827,2.832,2303.7,2024-06-24 23:40:00
1719272460000,2.834,2.837,2.833,2.835,3044.7,2024-06-24 23:41:00
1719272520000,2.835,2.842,2.835,2.841,11077.0,2024-06-24 23:42:00
1719272580000,2.841,2.844,2.832,2.834,9531.61,2024-06-24 23:43:00
1719272640000,2.834,2.837,2.834,2.835,4216.09,2024-06-24 23:44:00
1719272700000,2.836,2.836,2.827,2.835,9472.15,2024-06-24 23:45:00
1719272760000,2.834,2.842,2.834,2.842,14877.95,2024-06-24 23:46:00
1719272820000,2.841,2.846,2.838,2.845,20447.68,2024-06-24 23:47:00
1719272880000,2.846,2.848,2.845,2.845,4506.61,2024-06-24 23:48:00
1719272940000,2.845,2.846,2.84,2.841,5650.07,2024-06-24 23:49:00
1719273000000,2.842,2.842,2.841,2.841,933.09,2024-06-24 23:50:00
1719273060000,2.841,2.842,2.837,2.842,5130.98,2024-06-24 23:51:00
1719273120000,2.842,2.845,2.841,2.845,5006.4,2024-06-24 23:52:00
1719273180000,2.845,2.848,2.844,2.848,3329.67,2024-06-24 23:53:00
1719273240000,2.847,2.847,2.831,2.838,5088.75,2024-06-24 23:54:00
1719273300000,2.839,2.847,2.833,2.847,35026.27,2024-06-24 23:55:00
1719273360000,2.847,2.848,2.844,2.844,6244.93,2024-06-24 23:56:00
1719273420000,2.843,2.844,2.84,2.84,1420.29,2024-06-24 23:57:00
1719273480000,2.84,2.84,2.836,2.837,16520.12,2024-06-24 23:58:00
1719273540000,2.838,2.843,2.836,2.842,20515.92,2024-06-24 23:59:00
1719273600000,2.842,2.844,2.826,2.832,47618.48,2024-06-25 00:00:00
1719273660000,2.832,2.836,2.826,2.828,39614.13,2024-06-25 00:01:00
1719273720000,2.825,2.825,2.82,2.822,10478.57,2024-06-25 00:02:00
1719273780000,2.822,2.832,2.819,2.828,10596.97,2024-06-25 00:03:00
1719273840000,2.829,2.832,2.828,2.83,12535.34,2024-06-25 00:04:00
1719273900000,2.83,2.839,2.83,2.837,8403.92,2024-06-25 00:05:00
1719273960000,2.836,2.836,2.83,2.83,1902.07,2024-06-25 00:06:00
1719274020000,2.83,2.83,2.821,2.822,3465.62,2024-06-25 00:07:00
1719274080000,2.82,2.822,2.817,2.82,7696.05,2024-06-25 00:08:00
1719274140000,2.821,2.832,2.821,2.831,4916.41,2024-06-25 00:09:00
1719274200000,2.831,2.835,2.829,2.833,2612.45,2024-06-25 00:10:00
1719274260000,2.833,2.833,2.821,2.823,4321.32,2024-06-25 00:11:00
1719274320000,2.824,2.825,2.817,2.82,3774.11,2024-06-25 00:12:00
1719274380000,2.82,2.82,2.809,2.809,9841.23,2024-06-25 00:13:00
1719274440000,2.809,2.814,2.808,2.809,7932.3,2024-06-25 00:14:00
1719274500000,2.809,2.81,2.801,2.81,14587.28,2024-06-25 00:15:00
1719274560000,2.81,2.81,2.801,2.801,10926.85,2024-06-25 00:16:00
1719274620000,2.802,2.805,2.784,2.796,82953.04,2024-06-25 00:17:00
1719274680000,2.797,2.806,2.795,2.806,11860.76,2024-06-25 00:18:00
1719274740000,2.805,2.82,2.802,2.819,7714.18,2024-06-25 00:19:00
1719274800000,2.819,2.822,2.812,2.815,4717.07,2024-06-25 00:20:00
1719274860000,2.815,2.816,2.809,2.815,4109.45,2024-06-25 00:21:00
1719274920000,2.815,2.817,2.813,2.817,8531.03,2024-06-25 00:22:00
1719274980000,2.817,2.817,2.805,2.807,5879.5,2024-06-25 00:23:00
1719275040000,2.807,2.812,2.801,2.812,4539.78,2024-06-25 00:24:00
1719275100000,2.813,2.824,2.813,2.824,9103.66,2024-06-25 00:25:00
1719275160000,2.824,2.826,2.821,2.822,5585.34,2024-06-25 00:26:00
1719275220000,2.822,2.822,2.813,2.819,7565.72,2024-06-25 00:27:00
1719275280000,2.819,2.82,2.812,2.812,2499.63,2024-06-25 00:28:00
1719275340000,2.813,2.826,2.813,2.826,2866.03,2024-06-25 00:29:00
1719275400000,2.825,2.832,2.823,2.828,40427.9,2024-06-25 00:30:00
1719275460000,2.828,2.831,2.824,2.824,3736.97,2024-06-25 00:31:00
1719275520000,2.824,2.826,2.815,2.826,8530.02,2024-06-25 00:32:00
1719275580000,2.825,2.828,2.825,2.828,2533.11,2024-06-25 00:33:00
1719275640000,2.827,2.838,2.826,2.836,15671.64,2024-06-25 00:34:00
1719275700000,2.836,2.845,2.836,2.844,9226.82,2024-06-25 00:35:00
1719275760000,2.844,2.849,2.842,2.843,19396.21,2024-06-25 00:36:00
1719275820000,2.843,2.851,2.836,2.849,12517.42,2024-06-25 00:37:00
1719275880000,2.851,2.862,2.845,2.86,25628.58,2024-06-25 00:38:00
1719275940000,2.86,2.861,2.846,2.85,21348.07,2024-06-25 00:39:00
1719276000000,2.85,2.85,2.83,2.836,18701.32,2024-06-25 00:40:00
1719276060000,2.837,2.84,2.832,2.84,7894.92,2024-06-25 00:41:00
1719276120000,2.842,2.852,2.842,2.85,5517.6,2024-06-25 00:42:00
1719276180000,2.852,2.852,2.84,2.852,5987.9,2024-06-25 00:43:00
1719276240000,2.852,2.855,2.847,2.848,6416.29,2024-06-25 00:44:00
1719276300000,2.848,2.851,2.842,2.843,4997.57,2024-06-25 00:45:00
1719276360000,2.84,2.85,2.837,2.85,4632.94,2024-06-25 00:46:00
1719276420000,2.85,2.854,2.848,2.85,10087.5,2024-06-25 00:47:00
1719276480000,2.847,2.853,2.846,2.853,5520.88,2024-06-25 00:48:00
1719276540000,2.853,2.857,2.849,2.852,3939.97,2024-06-25 00:49:00
1719276600000,2.852,2.868,2.852,2.868,23593.97,2024-06-25 00:50:00
1719276660000,2.867,2.871,2.865,2.865,11613.68,2024-06-25 00:51:00
1719276720000,2.864,2.868,2.86,2.868,2368.1,2024-06-25 00:52:00
1719276780000,2.869,2.872,2.867,2.87,5595.9,2024-06-25 00:53:00
1719276840000,2.87,2.885,2.868,2.885,8837.78,2024-06-25 00:54:00
1719276900000,2.885,2.888,2.874,2.875,20129.25,2024-06-25 00:55:00
1719276960000,2.875,2.878,2.87,2.871,9033.5,2024-06-25 00:56:00
1719277020000,2.872,2.875,2.862,2.872,15766.19,2024-06-25 00:57:00
1719277080000,2.872,2.88,2.867,2.88,8624.3,2024-06-25 00:58:00
1719277140000,2.879,2.879,2.869,2.873,11797.63,2024-06-25 00:59:00
1719277200000,2.873,2.873,2.85,2.862,20965.88,2024-06-25 01:00:00
1719277260000,2.861,2.863,2.854,2.863,4458.01,2024-06-25 01:01:00
1719277320000,2.863,2.865,2.856,2.858,8180.8,2024-06-25 01:02:00
1719277380000,2.858,2.858,2.842,2.847,8469.23,2024-06-25 01:03:00
1719277440000,2.848,2.856,2.84,2.856,5550.16,2024-06-25 01:04:00
1719277500000,2.857,2.859,2.848,2.849,12805.47,2024-06-25 01:05:00
1719277560000,2.849,2.849,2.842,2.845,9673.13,2024-06-25 01:06:00
1719277620000,2.847,2.853,2.841,2.853,6537.08,2024-06-25 01:07:00
1719277680000,2.853,2.857,2.85,2.855,6242.77,2024-06-25 01:08:00
1719277740000,2.853,2.856,2.852,2.855,7840.71,2024-06-25 01:09:00
1719277800000,2.855,2.873,2.855,2.872,10924.22,2024-06-25 01:10:00
1719277860000,2.871,2.886,2.871,2.885,13591.47,2024-06-25 01:11:00
1719277920000,2.885,2.89,2.885,2.89,15757.41,2024-06-25 01:12:00
1719277980000,2.89,2.898,2.888,2.891,16591.09,2024-06-25 01:13:00
1719278040000,2.89,2.893,2.888,2.893,5869.79,2024-06-25 01:14:00
1719278100000,2.893,2.893,2.869,2.873,13650.68,2024-06-25 01:15:00
1719278160000,2.874,2.879,2.87,2.877,8920.31,2024-06-25 01:16:00
1719278220000,2.877,2.878,2.869,2.869,553.85,2024-06-25 01:17:00
1719278280000,2.868,2.872,2.863,2.868,5269.66,2024-06-25 01:18:00
1719278340000,2.867,2.873,2.865,2.87,8183.33,2024-06-25 01:19:00
1719278400000,2.871,2.871,2.863,2.864,3549.45,2024-06-25 01:20:00
1719278460000,2.865,2.87,2.859,2.859,6970.7,2024-06-25 01:21:00
1719278520000,2.858,2.868,2.858,2.868,3197.72,2024-06-25 01:22:00
1719278580000,2.869,2.869,2.863,2.863,1978.89,2024-06-25 01:23:00
1719278640000,2.862,2.867,2.861,2.866,13575.96,2024-06-25 01:24:00
1719278700000,2.864,2.868,2.862,2.868,2699.72,2024-06-25 01:25:00
1719278760000,2.867,2.867,2.854,2.859,5847.22,2024-06-25 01:26:00
1719278820000,2.859,2.866,2.859,2.865,6289.86,2024-06-25 01:27:00
1719278880000,2.864,2.864,2.858,2.859,2389.34,2024-06-25 01:28:00
1719278940000,2.857,2.869,2.855,2.868,10126.77,2024-06-25 01:29:00
1719279000000,2.868,2.868,2.862,2.862,1241.76,2024-06-25 01:30:00
1719279060000,2.862,2.862,2.853,2.853,20818.89,2024-06-25 01:31:00
1719279120000,2.853,2.858,2.849,2.849,11621.19,2024-06-25 01:32:00
1719279180000,2.85,2.854,2.845,2.846,12205.73,2024-06-25 01:33:00
1719279240000,2.846,2.846,2.841,2.841,7161.45,2024-06-25 01:34:00
1719279300000,2.841,2.849,2.841,2.848,3020.86,2024-06-25 01:35:00
1719279360000,2.848,2.858,2.848,2.856,9927.78,2024-06-25 01:36:00
1719279420000,2.857,2.864,2.857,2.864,1262.52,2024-06-25 01:37:00
1719279480000,2.863,2.863,2.853,2.86,4998.25,2024-06-25 01:38:00
1719279540000,2.86,2.865,2.858,2.865,5658.92,2024-06-25 01:39:00
1719279600000,2.864,2.866,2.859,2.866,16019.24,2024-06-25 01:40:00
1719279660000,2.866,2.876,2.866,2.872,19645.16,2024-06-25 01:41:00
1719279720000,2.872,2.877,2.871,2.876,4181.27,2024-06-25 01:42:00
1719279780000,2.877,2.883,2.873,2.882,30565.7,2024-06-25 01:43:00
1719279840000,2.882,2.882,2.874,2.878,7916.07,2024-06-25 01:44:00
1719279900000,2.877,2.883,2.874,2.882,4050.92,2024-06-25 01:45:00
1719279960000,2.883,2.883,2.876,2.876,1745.29,2024-06-25 01:46:00
1719280020000,2.876,2.888,2.87,2.887,15124.16,2024-06-25 01:47:00
1719280080000,2.887,2.888,2.883,2.883,13710.78,2024-06-25 01:48:00
1719280140000,2.883,2.889,2.881,2.888,4253.4,2024-06-25 01:49:00
1719280200000,2.886,2.89,2.883,2.889,12724.89,2024-06-25 01:50:00
1719280260000,2.889,2.896,2.886,2.895,2258.81,2024-06-25 01:51:00
1719280320000,2.895,2.912,2.894,2.907,23106.6,2024-06-25 01:52:00
1719280380000,2.907,2.907,2.9,2.905,6187.73,2024-06-25 01:53:00
1719280440000,2.905,2.905,2.889,2.892,11017.18,2024-06-25 01:54:00
1719280500000,2.891,2.92,2.885,2.91,59204.1,2024-06-25 01:55:00
1719280560000,2.911,2.914,2.902,2.907,13741.04,2024-06-25 01:56:00
1719280620000,2.908,2.916,2.905,2.915,20040.68,2024-06-25 01:57:00
1719280680000,2.915,2.916,2.905,2.916,26997.08,2024-06-25 01:58:00
1719280740000,2.915,2.916,2.907,2.916,7218.98,2024-06-25 01:59:00
1719280800000,2.917,2.918,2.905,2.909,8865.61,2024-06-25 02:00:00
1719280860000,2.909,2.911,2.902,2.903,7123.23,2024-06-25 02:01:00
1719280920000,2.903,2.915,2.883,2.893,123886.4,2024-06-25 02:02:00
1719280980000,2.89,2.893,2.871,2.889,42223.32,2024-06-25 02:03:00
1719281040000,2.89,2.896,2.887,2.892,10305.73,2024-06-25 02:04:00
1719281100000,2.892,2.899,2.887,2.889,4973.09,2024-06-25 02:05:00
1719281160000,2.889,2.894,2.887,2.893,2427.68,2024-06-25 02:06:00
1719281220000,2.892,2.893,2.887,2.892,4310.84,2024-06-25 02:07:00
1719281280000,2.892,2.899,2.89,2.896,10367.24,2024-06-25 02:08:00
1719281340000,2.894,2.894,2.887,2.887,3165.27,2024-06-25 02:09:00
1719281400000,2.887,2.889,2.883,2.883,10761.22,2024-06-25 02:10:00
1719281460000,2.882,2.883,2.876,2.878,7194.75,2024-06-25 02:11:00
1719281520000,2.876,2.876,2.866,2.87,19733.12,2024-06-25 02:12:00
1719281580000,2.869,2.872,2.862,2.872,9439.26,2024-06-25 02:13:00
1719281640000,2.871,2.874,2.866,2.869,6718.4,2024-06-25 02:14:00
1719281700000,2.869,2.87,2.859,2.862,6061.01,2024-06-25 02:15:00
1719281760000,2.861,2.861,2.851,2.852,15802.41,2024-06-25 02:16:00
1719281820000,2.85,2.863,2.848,2.862,8269.82,2024-06-25 02:17:00
1719281880000,2.863,2.866,2.858,2.866,5189.32,2024-06-25 02:18:00
1719281940000,2.866,2.867,2.859,2.862,3385.55,2024-06-25 02:19:00
1719282000000,2.861,2.863,2.847,2.851,19704.14,2024-06-25 02:20:00
1719282060000,2.85,2.85,2.836,2.838,8799.91,2024-06-25 02:21:00
1719282120000,2.838,2.845,2.837,2.841,5816.54,2024-06-25 02:22:00
1719282180000,2.842,2.852,2.838,2.852,18587.41,2024-06-25 02:23:00
1719282240000,2.852,2.856,2.85,2.856,2900.95,2024-06-25 02:24:00
1719282300000,2.857,2.871,2.856,2.869,10676.68,2024-06-25 02:25:00
1719282360000,2.868,2.868,2.858,2.858,7805.63,2024-06-25 02:26:00
1719282420000,2.857,2.868,2.856,2.867,3400.5,2024-06-25 02:27:00
1719282480000,2.866,2.869,2.86,2.863,7860.0,2024-06-25 02:28:00
1719282540000,2.863,2.872,2.863,2.867,1645.11,2024-06-25 02:29:00
1719282600000,2.867,2.867,2.857,2.857,4614.67,2024-06-25 02:30:00
1719282660000,2.858,2.868,2.858,2.868,3324.26,2024-06-25 02:31:00
1719282720000,2.869,2.88,2.868,2.876,6171.83,2024-06-25 02:32:00
1719282780000,2.873,2.873,2.865,2.866,4852.06,2024-06-25 02:33:00
1719282840000,2.864,2.865,2.856,2.856,6446.83,2024-06-25 02:34:00
1719282900000,2.855,2.862,2.853,2.861,4154.68,2024-06-25 02:35:00
1719282960000,2.861,2.868,2.861,2.862,9626.77,2024-06-25 02:36:00
1719283020000,2.862,2.863,2.855,2.863,5334.32,2024-06-25 02:37:00
1719283080000,2.864,2.867,2.86,2.86,5836.8,2024-06-25 02:38:00
1719283140000,2.859,2.859,2.853,2.854,4538.05,2024-06-25 02:39:00
1719283200000,2.854,2.854,2.845,2.847,8952.38,2024-06-25 02:40:00
1719283260000,2.845,2.851,2.845,2.851,3168.7,2024-06-25 02:41:00
1719283320000,2.851,2.854,2.847,2.847,4654.69,2024-06-25 02:42:00
1719283380000,2.846,2.847,2.836,2.843,10649.45,2024-06-25 02:43:00
1719283440000,2.843,2.847,2.839,2.839,4517.94,2024-06-25 02:44:00
1719283500000,2.839,2.856,2.838,2.854,9807.77,2024-06-25 02:45:00
1719283560000,2.852,2.86,2.849,2.859,4591.5,2024-06-25 02:46:00
1719283620000,2.858,2.862,2.856,2.862,2708.5,2024-06-25 02:47:00
1719283680000,2.863,2.863,2.854,2.859,9813.98,2024-06-25 02:48:00
1719283740000,2.859,2.859,2.85,2.852,7546.46,2024-06-25 02:49:00
1719283800000,2.852,2.852,2.847,2.851,4140.45,2024-06-25 02:50:00
1719283860000,2.851,2.86,2.851,2.86,4249.51,2024-06-25 02:51:00
1719283920000,2.858,2.865,2.858,2.861,2581.06,2024-06-25 02:52:00
1719283980000,2.858,2.86,2.856,2.857,520.54,2024-06-25 02:53:00
1719284040000,2.857,2.861,2.854,2.86,12568.14,2024-06-25 02:54:00
1719284100000,2.86,2.866,2.857,2.864,4585.42,2024-06-25 02:55:00
1719284160000,2.864,2.873,2.864,2.872,5254.11,2024-06-25 02:56:00
1719284220000,2.872,2.872,2.859,2.859,6127.76,2024-06-25 02:57:00
1719284280000,2.859,2.86,2.854,2.855,1540.46,2024-06-25 02:58:00
1719284340000,2.854,2.859,2.85,2.858,15478.78,2024-06-25 02:59:00
1719284400000,2.858,2.858,2.845,2.845,9275.01,2024-06-25 03:00:00
1719284460000,2.847,2.856,2.847,2.847,4161.71,2024-06-25 03:01:00
1719284520000,2.848,2.859,2.848,2.859,3923.83,2024-06-25 03:02:00
1719284580000,2.859,2.863,2.854,2.861,4806.06,2024-06-25 03:03:00
1719284640000,2.862,2.877,2.861,2.873,8304.7,2024-06-25 03:04:00
1719284700000,2.873,2.881,2.87,2.879,11044.15,2024-06-25 03:05:00
1719284760000,2.881,2.888,2.877,2.879,24322.65,2024-06-25 03:06:00
1719284820000,2.878,2.884,2.872,2.878,21970.72,2024-06-25 03:07:00
1719284880000,2.879,2.883,2.876,2.877,4490.48,2024-06-25 03:08:00
1719284940000,2.877,2.89,2.876,2.888,30524.83,2024-06-25 03:09:00
1719285000000,2.889,2.891,2.878,2.878,16037.87,2024-06-25 03:10:00
1719285060000,2.882,2.887,2.877,2.886,13644.97,2024-06-25 03:11:00
1719285120000,2.886,2.893,2.883,2.893,20875.91,2024-06-25 03:12:00
1719285180000,2.893,2.903,2.893,2.902,27566.36,2024-06-25 03:13:00
1719285240000,2.902,2.905,2.894,2.902,20096.13,2024-06-25 03:14:00
1719285300000,2.904,2.907,2.897,2.9,6960.03,2024-06-25 03:15:00
1719285360000,2.9,2.906,2.897,2.901,9408.25,2024-06-25 03:16:00
1719285420000,2.903,2.907,2.893,2.893,5806.2,2024-06-25 03:17:00
1719285480000,2.893,2.894,2.886,2.889,11178.26,2024-06-25 03:18:00
1719285540000,2.888,2.895,2.886,2.888,5947.05,2024-06-25 03:19:00
1719285600000,2.888,2.894,2.887,2.887,9007.39,2024-06-25 03:20:00
1719285660000,2.885,2.893,2.885,2.892,2594.4,2024-06-25 03:21:00
1719285720000,2.892,2.896,2.888,2.894,10380.14,2024-06-25 03:22:00
1719285780000,2.896,2.896,2.883,2.886,7557.53,2024-06-25 03:23:00
1719285840000,2.887,2.887,2.873,2.877,13324.15,2024-06-25 03:24:00
1719285900000,2.877,2.882,2.875,2.876,6479.95,2024-06-25 03:25:00
1719285960000,2.876,2.876,2.868,2.871,2896.76,2024-06-25 03:26:00
1719286020000,2.872,2.874,2.861,2.866,29787.44,2024-06-25 03:27:00
1719286080000,2.866,2.876,2.862,2.874,16464.59,2024-06-25 03:28:00
1719286140000,2.874,2.877,2.851,2.856,107570.59,2024-06-25 03:29:00
1719286200000,2.856,2.864,2.854,2.86,19273.76,2024-06-25 03:30:00
1719286260000,2.86,2.867,2.847,2.847,47603.57,2024-06-25 03:31:00
1719286320000,2.847,2.856,2.845,2.85,28523.79,2024-06-25 03:32:00
1719286380000,2.85,2.859,2.85,2.853,7748.55,2024-06-25 03:33:00
1719286440000,2.851,2.854,2.848,2.854,5050.06,2024-06-25 03:34:00
1719286500000,2.854,2.864,2.854,2.856,14625.07,2024-06-25 03:35:00
1719286560000,2.855,2.867,2.855,2.866,5863.74,2024-06-25 03:36:00
1719286620000,2.866,2.87,2.866,2.869,2068.97,2024-06-25 03:37:00
1719286680000,2.869,2.872,2.865,2.867,3449.54,2024-06-25 03:38:00
1719286740000,2.867,2.871,2.864,2.864,3581.93,2024-06-25 03:39:00
1719286800000,2.864,2.87,2.861,2.869,6158.41,2024-06-25 03:40:00
1719286860000,2.868,2.875,2.868,2.874,9748.73,2024-06-25 03:41:00
1719286920000,2.873,2.873,2.863,2.864,8114.56,2024-06-25 03:42:00
1719286980000,2.864,2.864,2.856,2.857,3797.19,2024-06-25 03:43:00
1719287040000,2.856,2.866,2.856,2.861,3280.92,2024-06-25 03:44:00
1719287100000,2.861,2.864,2.858,2.863,3608.02,2024-06-25 03:45:00
1719287160000,2.864,2.869,2.862,2.862,3019.03,2024-06-25 03:46:00
1719287220000,2.862,2.864,2.854,2.854,2332.91,2024-06-25 03:47:00
1719287280000,2.854,2.854,2.849,2.85,4258.24,2024-06-25 03:48:00
1719287340000,2.85,2.857,2.85,2.853,5340.32,2024-06-25 03:49:00
1719287400000,2.852,2.856,2.847,2.855,7635.68,2024-06-25 03:50:00
1719287460000,2.852,2.852,2.846,2.85,4162.68,2024-06-25 03:51:00
1719287520000,2.85,2.852,2.846,2.849,6776.64,2024-06-25 03:52:00
1719287580000,2.848,2.848,2.837,2.842,32630.64,2024-06-25 03:53:00
1719287640000,2.841,2.841,2.832,2.836,24265.78,2024-06-25 03:54:00
1719287700000,2.835,2.837,2.815,2.82,51572.57,2024-06-25 03:55:00
1719287760000,2.822,2.827,2.821,2.823,14957.86,2024-06-25 03:56:00
1719287820000,2.822,2.828,2.821,2.823,5315.29,2024-06-25 03:57:00
1719287880000,2.823,2.824,2.818,2.823,14215.5,2024-06-25 03:58:00
1719287940000,2.824,2.83,2.823,2.826,5810.71,2024-06-25 03:59:00
1719288000000,2.825,2.829,2.818,2.82,12912.08,2024-06-25 04:00:00
1719288060000,2.82,2.825,2.818,2.818,13728.66,2024-06-25 04:01:00
1719288120000,2.818,2.823,2.815,2.819,9010.48,2024-06-25 04:02:00
1719288180000,2.821,2.829,2.82,2.828,5842.84,2024-06-25 04:03:00
1719288240000,2.828,2.829,2.821,2.825,4135.51,2024-06-25 04:04:00
1719288300000,2.825,2.827,2.825,2.826,4974.27,2024-06-25 04:05:00
1719288360000,2.826,2.826,2.82,2.821,4600.68,2024-06-25 04:06:00
1719288420000,2.821,2.823,2.819,2.82,5658.36,2024-06-25 04:07:00
1719288480000,2.82,2.82,2.811,2.812,15818.85,2024-06-25 04:08:00
1719288540000,2.811,2.811,2.804,2.807,18130.96,2024-06-25 04:09:00
1719288600000,2.806,2.812,2.806,2.811,9380.85,2024-06-25 04:10:00
1719288660000,2.811,2.811,2.806,2.809,6864.08,2024-06-25 04:11:00
1719288720000,2.811,2.812,2.806,2.808,5399.35,2024-06-25 04:12:00
1719288780000,2.81,2.813,2.81,2.811,864.54,2024-06-25 04:13:00
1719288840000,2.812,2.814,2.804,2.805,16421.13,2024-06-25 04:14:00
1719288900000,2.805,2.816,2.805,2.816,5629.69,2024-06-25 04:15:00
1719288960000,2.816,2.818,2.814,2.815,4488.8,2024-06-25 04:16:00
1719289020000,2.816,2.821,2.816,2.818,12773.85,2024-06-25 04:17:00
1719289080000,2.819,2.824,2.818,2.818,11547.07,2024-06-25 04:18:00
1719289140000,2.817,2.819,2.811,2.813,23611.2,2024-06-25 04:19:00
1719289200000,2.813,2.823,2.811,2.82,26156.55,2024-06-25 04:20:00
1719289260000,2.819,2.819,2.811,2.811,2337.02,2024-06-25 04:21:00
1719289320000,2.81,2.816,2.807,2.807,8565.47,2024-06-25 04:22:00
1719289380000,2.808,2.812,2.807,2.812,554.33,2024-06-25 04:23:00
1719289440000,2.813,2.816,2.809,2.809,1446.58,2024-06-25 04:24:00
1719289500000,2.81,2.816,2.81,2.815,6349.2,2024-06-25 04:25:00
1719289560000,2.817,2.818,2.81,2.812,1000.67,2024-06-25 04:26:00
1719289620000,2.814,2.819,2.814,2.819,2512.15,2024-06-25 04:27:00
1719289680000,2.818,2.818,2.813,2.815,5396.75,2024-06-25 04:28:00
1719289740000,2.815,2.819,2.815,2.816,1535.58,2024-06-25 04:29:00
1719289800000,2.817,2.822,2.817,2.821,2499.88,2024-06-25 04:30:00
1719289860000,2.822,2.844,2.822,2.841,21176.79,2024-06-25 04:31:00
1719289920000,2.841,2.841,2.829,2.829,8136.1,2024-06-25 04:32:00
1719289980000,2.829,2.835,2.829,2.835,6210.52,2024-06-25 04:33:00
1719290040000,2.835,2.882,2.831,2.865,268678.63,2024-06-25 04:34:00
1719290100000,2.866,2.879,2.864,2.874,28389.35,2024-06-25 04:35:00
1719290160000,2.873,2.874,2.867,2.867,8541.45,2024-06-25 04:36:00
1719290220000,2.867,2.873,2.862,2.863,17623.66,2024-06-25 04:37:00
1719290280000,2.861,2.862,2.853,2.858,22940.72,2024-06-25 04:38:00
1719290340000,2.859,2.864,2.853,2.854,11193.71,2024-06-25 04:39:00
1719290400000,2.853,2.856,2.85,2.855,14301.95,2024-06-25 04:40:00
1719290460000,2.855,2.859,2.853,2.854,6858.06,2024-06-25 04:41:00
1719290520000,2.854,2.855,2.845,2.845,8930.42,2024-06-25 04:42:00
1719290580000,2.845,2.849,2.837,2.838,10563.43,2024-06-25 04:43:00
1719290640000,2.837,2.84,2.833,2.836,7434.17,2024-06-25 04:44:00
1719290700000,2.836,2.836,2.821,2.827,25645.24,2024-06-25 04:45:00
1719290760000,2.827,2.832,2.825,2.828,6053.22,2024-06-25 04:46:00
1719290820000,2.825,2.826,2.82,2.821,20091.06,2024-06-25 04:47:00
1719290880000,2.822,2.822,2.819,2.821,2974.3,2024-06-25 04:48:00
1719290940000,2.821,2.825,2.818,2.825,7042.92,2024-06-25 04:49:00
1719291000000,2.825,2.828,2.825,2.828,2347.62,2024-06-25 04:50:00
1719291060000,2.828,2.83,2.828,2.83,2672.68,2024-06-25 04:51:00
1719291120000,2.83,2.836,2.83,2.836,5275.55,2024-06-25 04:52:00
1719291180000,2.837,2.84,2.836,2.839,4706.0,2024-06-25 04:53:00
1719291240000,2.841,2.844,2.838,2.838,2752.48,2024-06-25 04:54:00
1719291300000,2.836,2.836,2.83,2.835,4250.67,2024-06-25 04:55:00
1719291360000,2.836,2.842,2.833,2.835,4350.61,2024-06-25 04:56:00
1719291420000,2.837,2.84,2.834,2.835,4550.91,2024-06-25 04:57:00
1719291480000,2.835,2.835,2.826,2.828,4446.4,2024-06-25 04:58:00
1719291540000,2.828,2.834,2.826,2.827,5385.38,2024-06-25 04:59:00
1719291600000,2.827,2.833,2.824,2.825,5280.76,2024-06-25 05:00:00
1719291660000,2.826,2.826,2.82,2.82,3231.46,2024-06-25 05:01:00
1719291720000,2.82,2.833,2.816,2.829,17518.54,2024-06-25 05:02:00
1719291780000,2.829,2.834,2.829,2.834,4365.26,2024-06-25 05:03:00
1719291840000,2.834,2.838,2.834,2.836,9712.52,2024-06-25 05:04:00
1719291900000,2.838,2.838,2.828,2.83,8012.17,2024-06-25 05:05:00
1719291960000,2.829,2.829,2.823,2.829,9225.71,2024-06-25 05:06:00
1719292020000,2.828,2.829,2.826,2.829,1916.61,2024-06-25 05:07:00
1719292080000,2.829,2.832,2.823,2.824,10052.93,2024-06-25 05:08:00
1719292140000,2.824,2.824,2.819,2.819,4500.89,2024-06-25 05:09:00
1719292200000,2.819,2.819,2.816,2.819,2250.51,2024-06-25 05:10:00
1719292260000,2.82,2.823,2.818,2.82,14379.17,2024-06-25 05:11:00
1719292320000,2.819,2.822,2.813,2.822,15145.6,2024-06-25 05:12:00
1719292380000,2.822,2.822,2.814,2.816,3635.15,2024-06-25 05:13:00
1719292440000,2.815,2.822,2.815,2.821,2680.21,2024-06-25 05:14:00
1719292500000,2.821,2.821,2.816,2.819,8069.42,2024-06-25 05:15:00
1719292560000,2.821,2.824,2.816,2.822,17743.65,2024-06-25 05:16:00
1719292620000,2.821,2.824,2.815,2.815,4714.28,2024-06-25 05:17:00
1719292680000,2.815,2.816,2.814,2.816,2096.76,2024-06-25 05:18:00
1719292740000,2.815,2.815,2.808,2.81,9425.24,2024-06-25 05:19:00
1719292800000,2.81,2.818,2.81,2.811,9094.91,2024-06-25 05:20:00
1719292860000,2.811,2.811,2.797,2.811,29794.87,2024-06-25 05:21:00
1719292920000,2.811,2.814,2.809,2.81,4918.48,2024-06-25 05:22:00
1719292980000,2.81,2.81,2.792,2.8,59620.34,2024-06-25 05:23:00
1719293040000,2.799,2.81,2.799,2.805,19833.82,2024-06-25 05:24:00
1719293100000,2.805,2.809,2.802,2.809,4570.75,2024-06-25 05:25:00
1719293160000,2.808,2.808,2.796,2.801,10011.45,2024-06-25 05:26:00
1719293220000,2.8,2.805,2.8,2.803,1744.78,2024-06-25 05:27:00
1719293280000,2.803,2.806,2.802,2.806,5705.66,2024-06-25 05:28:00
1719293340000,2.806,2.806,2.797,2.799,1354.79,2024-06-25 05:29:00
1719293400000,2.801,2.805,2.797,2.805,3820.75,2024-06-25 05:30:00
1719293460000,2.805,2.807,2.804,2.804,1370.78,2024-06-25 05:31:00
1719293520000,2.805,2.81,2.805,2.808,4874.43,2024-06-25 05:32:00
1719293580000,2.808,2.812,2.802,2.802,7186.93,2024-06-25 05:33:00
1719293640000,2.801,2.806,2.799,2.8,3663.63,2024-06-25 05:34:00
1719293700000,2.8,2.803,2.8,2.801,880.09,2024-06-25 05:35:00
1719293760000,2.801,2.801,2.797,2.797,3344.98,2024-06-25 05:36:00
1719293820000,2.798,2.801,2.795,2.796,4263.49,2024-06-25 05:37:00
1719293880000,2.795,2.801,2.795,2.8,3709.04,2024-06-25 05:38:00
1719293940000,2.8,2.801,2.799,2.8,1976.83,2024-06-25 05:39:00
1719294000000,2.8,2.8,2.791,2.793,7346.55,2024-06-25 05:40:00
1719294060000,2.794,2.797,2.788,2.793,6961.64,2024-06-25 05:41:00
1719294120000,2.795,2.796,2.777,2.778,18822.49,2024-06-25 05:42:00
1719294180000,2.778,2.781,2.775,2.778,25462.83,2024-06-25 05:43:00
1719294240000,2.778,2.78,2.771,2.774,3858.03,2024-06-25 05:44:00
1719294300000,2.776,2.788,2.776,2.787,28560.27,2024-06-25 05:45:00
1719294360000,2.786,2.793,2.784,2.789,8926.37,2024-06-25 05:46:00
1719294420000,2.788,2.795,2.788,2.793,5720.41,2024-06-25 05:47:00
1719294480000,2.793,2.793,2.785,2.788,3244.36,2024-06-25 05:48:00
1719294540000,2.788,2.793,2.787,2.793,8744.66,2024-06-25 05:49:00
1719294600000,2.794,2.794,2.787,2.787,8169.31,2024-06-25 05:50:00
1719294660000,2.788,2.788,2.782,2.787,4390.39,2024-06-25 05:51:00
1719294720000,2.787,2.791,2.785,2.79,12756.49,2024-06-25 05:52:00
1719294780000,2.791,2.791,2.789,2.79,3144.78,2024-06-25 05:53:00
1719294840000,2.79,2.791,2.776,2.778,33114.82,2024-06-25 05:54:00
1719294900000,2.777,2.784,2.775,2.78,24296.46,2024-06-25 05:55:00
1719294960000,2.779,2.784,2.778,2.779,15041.15,2024-06-25 05:56:00
1719295020000,2.778,2.778,2.76,2.773,88806.28,2024-06-25 05:57:00
1719295080000,2.772,2.781,2.772,2.781,11002.35,2024-06-25 05:58:00
1719295140000,2.78,2.782,2.774,2.777,2761.25,2024-06-25 05:59:00
1719295200000,2.778,2.783,2.776,2.776,8519.9,2024-06-25 06:00:00
1719295260000,2.774,2.781,2.772,2.781,6150.93,2024-06-25 06:01:00
1719295320000,2.781,2.781,2.776,2.779,1715.81,2024-06-25 06:02:00
1719295380000,2.779,2.783,2.779,2.783,2321.72,2024-06-25 06:03:00
1719295440000,2.782,2.782,2.768,2.771,6332.78,2024-06-25 06:04:00
1719295500000,2.77,2.774,2.764,2.764,7742.87,2024-06-25 06:05:00
1719295560000,2.765,2.769,2.754,2.755,24281.89,2024-06-25 06:06:00
1719295620000,2.755,2.767,2.755,2.762,10758.84,2024-06-25 06:07:00
1719295680000,2.762,2.767,2.761,2.764,5549.02,2024-06-25 06:08:00
1719295740000,2.766,2.767,2.761,2.767,5811.01,2024-06-25 06:09:00
1719295800000,2.767,2.77,2.764,2.77,7338.95,2024-06-25 06:10:00
1719295860000,2.77,2.773,2.763,2.765,8704.07,2024-06-25 06:11:00
1719295920000,2.764,2.768,2.763,2.765,3746.17,2024-06-25 06:12:00
1719295980000,2.763,2.763,2.758,2.759,5150.9,2024-06-25 06:13:00
1719296040000,2.76,2.768,2.76,2.765,14241.53,2024-06-25 06:14:00
1719296100000,2.764,2.773,2.764,2.771,3653.14,2024-06-25 06:15:00
1719296160000,2.771,2.777,2.771,2.777,2171.43,2024-06-25 06:16:00
1719296220000,2.776,2.776,2.77,2.775,3348.77,2024-06-25 06:17:00
1719296280000,2.775,2.775,2.772,2.774,4696.05,2024-06-25 06:18:00
1719296340000,2.773,2.781,2.773,2.781,4914.07,2024-06-25 06:19:00
1719296400000,2.78,2.783,2.779,2.779,10268.37,2024-06-25 06:20:00
1719296460000,2.78,2.78,2.776,2.779,1930.61,2024-06-25 06:21:00
1719296520000,2.778,2.779,2.768,2.769,2527.12,2024-06-25 06:22:00
1719296580000,2.771,2.78,2.771,2.777,2545.43,2024-06-25 06:23:00
1719296640000,2.775,2.779,2.775,2.778,417.95,2024-06-25 06:24:00
1719296700000,2.778,2.778,2.772,2.772,2268.11,2024-06-25 06:25:00
1719296760000,2.773,2.778,2.773,2.778,1894.15,2024-06-25 06:26:00
1719296820000,2.779,2.786,2.779,2.786,4450.95,2024-06-25 06:27:00
1719296880000,2.786,2.786,2.776,2.779,16794.43,2024-06-25 06:28:00
1719296940000,2.779,2.782,2.778,2.778,1027.32,2024-06-25 06:29:00
1719297000000,2.779,2.781,2.778,2.781,1003.88,2024-06-25 06:30:00
1719297060000,2.783,2.788,2.783,2.788,2311.53,2024-06-25 06:31:00
1719297120000,2.788,2.788,2.786,2.788,927.86,2024-06-25 06:32:00
1719297180000,2.788,2.793,2.788,2.791,1375.28,2024-06-25 06:33:00
1719297240000,2.791,2.792,2.789,2.789,1923.6,2024-06-25 06:34:00
1719297300000,2.789,2.789,2.783,2.783,2638.92,2024-06-25 06:35:00
1719297360000,2.783,2.794,2.782,2.793,6087.31,2024-06-25 06:36:00
1719297420000,2.794,2.8,2.793,2.799,9188.13,2024-06-25 06:37:00
1719297480000,2.798,2.8,2.796,2.799,3673.27,2024-06-25 06:38:00
1719297540000,2.799,2.8,2.798,2.798,865.27,2024-06-25 06:39:00
1719297600000,2.799,2.8,2.796,2.797,6044.98,2024-06-25 06:40:00
1719297660000,2.795,2.801,2.794,2.797,2502.37,2024-06-25 06:41:00
1719297720000,2.799,2.802,2.797,2.799,4678.58,2024-06-25 06:42:00
1719297780000,2.799,2.799,2.791,2.793,6800.75,2024-06-25 06:43:00
1719297840000,2.793,2.797,2.792,2.793,3167.7,2024-06-25 06:44:00
1719297900000,2.791,2.792,2.789,2.792,2349.81,2024-06-25 06:45:00
1719297960000,2.793,2.798,2.793,2.795,4563.8,2024-06-25 06:46:00
1719298020000,2.795,2.798,2.795,2.796,1549.84,2024-06-25 06:47:00
1719298080000,2.796,2.8,2.794,2.799,3100.54,2024-06-25 06:48:00
1719298140000,2.799,2.801,2.799,2.801,1953.43,2024-06-25 06:49:00
1719298200000,2.801,2.802,2.799,2.802,3049.1,2024-06-25 06:50:00
1719298260000,2.801,2.804,2.8,2.803,2417.15,2024-06-25 06:51:00
1719298320000,2.803,2.806,2.801,2.804,3928.72,2024-06-25 06:52:00
1719298380000,2.804,2.805,2.799,2.799,2100.44,2024-06-25 06:53:00
1719298440000,2.799,2.799,2.782,2.787,69030.65,2024-06-25 06:54:00
1719298500000,2.788,2.79,2.788,2.789,6054.17,2024-06-25 06:55:00
1719298560000,2.788,2.788,2.786,2.787,3440.1,2024-06-25 06:56:00
1719298620000,2.786,2.788,2.784,2.788,4315.78,2024-06-25 06:57:00
1719298680000,2.787,2.788,2.782,2.782,2397.9,2024-06-25 06:58:00
1719298740000,2.782,2.785,2.779,2.785,8360.6,2024-06-25 06:59:00
1719298800000,2.785,2.785,2.778,2.781,22524.76,2024-06-25 07:00:00
1719298860000,2.781,2.781,2.765,2.77,43707.32,2024-06-25 07:01:00
1719298920000,2.77,2.779,2.77,2.778,3714.3,2024-06-25 07:02:00
1719298980000,2.777,2.778,2.776,2.778,2314.16,2024-06-25 07:03:00
1719299040000,2.779,2.784,2.779,2.782,5004.85,2024-06-25 07:04:00
1719299100000,2.784,2.786,2.783,2.786,451.59,2024-06-25 07:05:00
1719299160000,2.786,2.788,2.785,2.788,1450.05,2024-06-25 07:06:00
1719299220000,2.788,2.788,2.776,2.78,4450.87,2024-06-25 07:07:00
1719299280000,2.779,2.783,2.779,2.781,2372.97,2024-06-25 07:08:00
1719299340000,2.781,2.781,2.776,2.777,1595.9,2024-06-25 07:09:00
1719299400000,2.775,2.775,2.768,2.769,3188.47,2024-06-25 07:10:00
1719299460000,2.77,2.772,2.768,2.769,4197.2,2024-06-25 07:11:00
1719299520000,2.769,2.778,2.768,2.778,11647.36,2024-06-25 07:12:00
1719299580000,2.778,2.779,2.771,2.777,4826.61,2024-06-25 07:13:00
1719299640000,2.776,2.778,2.772,2.772,2129.46,2024-06-25 07:14:00
1719299700000,2.77,2.773,2.757,2.764,156085.54,2024-06-25 07:15:00
1719299760000,2.765,2.767,2.765,2.766,3611.3,2024-06-25 07:16:00
1719299820000,2.766,2.766,2.762,2.766,4574.73,2024-06-25 07:17:00
1719299880000,2.765,2.765,2.76,2.76,6991.1,2024-06-25 07:18:00
1719299940000,2.76,2.761,2.753,2.755,14867.22,2024-06-25 07:19:00
1719300000000,2.753,2.755,2.745,2.751,24693.86,2024-06-25 07:20:00
1719300060000,2.75,2.752,2.747,2.751,6131.02,2024-06-25 07:21:00
1719300120000,2.752,2.757,2.752,2.757,3556.95,2024-06-25 07:22:00
1719300180000,2.756,2.756,2.751,2.751,3695.92,2024-06-25 07:23:00
1719300240000,2.751,2.754,2.75,2.753,1532.8,2024-06-25 07:24:00
1719300300000,2.754,2.758,2.754,2.758,1168.95,2024-06-25 07:25:00
1719300360000,2.758,2.759,2.755,2.756,2927.78,2024-06-25 07:26:00
1719300420000,2.757,2.757,2.754,2.755,1777.45,2024-06-25 07:27:00
1719300480000,2.756,2.758,2.755,2.757,1793.66,2024-06-25 07:28:00
1719300540000,2.757,2.76,2.757,2.758,1602.9,2024-06-25 07:29:00
1719300600000,2.757,2.766,2.757,2.766,5623.09,2024-06-25 07:30:00
1719300660000,2.766,2.766,2.758,2.759,6185.02,2024-06-25 07:31:00
1719300720000,2.758,2.782,2.758,2.771,117589.04,2024-06-25 07:32:00
1719300780000,2.771,2.773,2.77,2.77,6289.8,2024-06-25 07:33:00
1719300840000,2.77,2.772,2.77,2.772,2240.32,2024-06-25 07:34:00
1719300900000,2.772,2.791,2.772,2.787,75795.85,2024-06-25 07:35:00
1719300960000,2.788,2.788,2.782,2.782,5770.09,2024-06-25 07:36:00
1719301020000,2.782,2.786,2.782,2.783,6349.59,2024-06-25 07:37:00
1719301080000,2.782,2.784,2.78,2.784,7924.34,2024-06-25 07:38:00
1719301140000,2.783,2.787,2.783,2.784,2285.95,2024-06-25 07:39:00
1719301200000,2.784,2.784,2.777,2.781,34143.41,2024-06-25 07:40:00
1719301260000,2.782,2.784,2.776,2.776,2682.54,2024-06-25 07:41:00
1719301320000,2.777,2.779,2.774,2.774,3877.6,2024-06-25 07:42:00
1719301380000,2.773,2.774,2.766,2.767,3390.48,2024-06-25 07:43:00
1719301440000,2.767,2.775,2.767,2.775,1843.44,2024-06-25 07:44:00
1719301500000,2.775,2.78,2.775,2.779,1815.67,2024-06-25 07:45:00
1719301560000,2.779,2.779,2.768,2.768,5746.66,2024-06-25 07:46:00
1719301620000,2.768,2.774,2.768,2.774,2508.29,2024-06-25 07:47:00
1719301680000,2.774,2.774,2.765,2.766,4856.62,2024-06-25 07:48:00
1719301740000,2.766,2.767,2.766,2.767,2789.04,2024-06-25 07:49:00
1719301800000,2.767,2.77,2.759,2.761,24237.15,2024-06-25 07:50:00
1719301860000,2.76,2.764,2.759,2.763,10550.96,2024-06-25 07:51:00
1719301920000,2.762,2.765,2.762,2.765,5138.87,2024-06-25 07:52:00
1719301980000,2.765,2.768,2.764,2.766,2926.28,2024-06-25 07:53:00
1719302040000,2.766,2.769,2.761,2.763,7966.81,2024-06-25 07:54:00
1719302100000,2.763,2.764,2.757,2.758,8631.67,2024-06-25 07:55:00
1719302160000,2.759,2.763,2.758,2.759,6994.61,2024-06-25 07:56:00
1719302220000,2.759,2.765,2.759,2.765,5729.9,2024-06-25 07:57:00
1719302280000,2.765,2.767,2.764,2.764,1656.93,2024-06-25 07:58:00
1719302340000,2.763,2.763,2.76,2.761,1536.72,2024-06-25 07:59:00
1719302400000,2.761,2.775,2.761,2.775,6044.04,2024-06-25 08:00:00
1719302460000,2.775,2.776,2.767,2.77,5929.37,2024-06-25 08:01:00
1719302520000,2.77,2.775,2.77,2.773,5642.18,2024-06-25 08:02:00
1719302580000,2.773,2.773,2.767,2.768,1903.77,2024-06-25 08:03:00
1719302640000,2.768,2.771,2.767,2.767,8010.82,2024-06-25 08:04:00
1719302700000,2.767,2.771,2.767,2.769,4164.2,2024-06-25 08:05:00
1719302760000,2.771,2.775,2.767,2.767,3128.13,2024-06-25 08:06:00
1719302820000,2.768,2.768,2.766,2.768,1077.63,2024-06-25 08:07:00
1719302880000,2.769,2.77,2.764,2.765,4596.19,2024-06-25 08:08:00
1719302940000,2.764,2.768,2.762,2.767,6054.29,2024-06-25 08:09:00
1719303000000,2.767,2.769,2.761,2.763,2312.32,2024-06-25 08:10:00
1719303060000,2.762,2.768,2.761,2.768,3639.21,2024-06-25 08:11:00
1719303120000,2.768,2.776,2.768,2.776,4160.81,2024-06-25 08:12:00
1719303180000,2.776,2.776,2.773,2.773,4044.92,2024-06-25 08:13:00
1719303240000,2.773,2.773,2.77,2.771,1644.83,2024-06-25 08:14:00
1719303300000,2.771,2.775,2.766,2.766,2278.35,2024-06-25 08:15:00
1719303360000,2.766,2.768,2.764,2.765,3984.14,2024-06-25 08:16:00
1719303420000,2.763,2.765,2.762,2.765,2538.46,2024-06-25 08:17:00
1719303480000,2.765,2.77,2.765,2.77,2016.82,2024-06-25 08:18:00
1719303540000,2.769,2.769,2.763,2.764,1876.28,2024-06-25 08:19:00
1719303600000,2.764,2.765,2.757,2.757,3939.07,2024-06-25 08:20:00
1719303660000,2.757,2.76,2.755,2.755,5684.45,2024-06-25 08:21:00
1719303720000,2.755,2.76,2.749,2.751,21762.54,2024-06-25 08:22:00
1719303780000,2.75,2.755,2.749,2.753,5060.82,2024-06-25 08:23:00
1719303840000,2.753,2.754,2.751,2.754,1288.75,2024-06-25 08:24:00
1719303900000,2.754,2.761,2.754,2.76,5863.25,2024-06-25 08:25:00
1719303960000,2.759,2.76,2.756,2.758,3006.42,2024-06-25 08:26:00
1719304020000,2.759,2.766,2.759,2.765,3571.84,2024-06-25 08:27:00
1719304080000,2.764,2.768,2.764,2.767,613.28,2024-06-25 08:28:00
1719304140000,2.766,2.766,2.761,2.763,2024.45,2024-06-25 08:29:00
1719304200000,2.763,2.765,2.762,2.763,2752.18,2024-06-25 08:30:00
1719304260000,2.764,2.766,2.761,2.761,8817.04,2024-06-25 08:31:00
1719304320000,2.76,2.767,2.76,2.766,1792.99,2024-06-25 08:32:00
1719304380000,2.765,2.765,2.756,2.757,2512.95,2024-06-25 08:33:00
1719304440000,2.756,2.761,2.756,2.758,3479.65,2024-06-25 08:34:00
1719304500000,2.758,2.76,2.748,2.748,9163.21,2024-06-25 08:35:00
1719304560000,2.747,2.751,2.745,2.748,9721.12,2024-06-25 08:36:00
1719304620000,2.748,2.769,2.748,2.769,56888.32,2024-06-25 08:37:00
1719304680000,2.767,2.768,2.764,2.767,2254.06,2024-06-25 08:38:00
1719304740000,2.768,2.77,2.761,2.763,9932.14,2024-06-25 08:39:00
1719304800000,2.763,2.766,2.762,2.763,3198.76,2024-06-25 08:40:00
1719304860000,2.761,2.761,2.756,2.757,1266.77,2024-06-25 08:41:00
1719304920000,2.758,2.758,2.753,2.753,1674.94,2024-06-25 08:42:00
1719304980000,2.754,2.756,2.748,2.751,6430.27,2024-06-25 08:43:00
1719305040000,2.75,2.75,2.746,2.746,1233.71,2024-06-25 08:44:00
1719305100000,2.747,2.752,2.747,2.751,6435.92,2024-06-25 08:45:00
1719305160000,2.751,2.751,2.745,2.748,5134.05,2024-06-25 08:46:00
1719305220000,2.747,2.751,2.747,2.749,4104.75,2024-06-25 08:47:00
1719305280000,2.749,2.752,2.749,2.752,7024.6,2024-06-25 08:48:00
1719305340000,2.753,2.756,2.752,2.755,4313.97,2024-06-25 08:49:00
1719305400000,2.756,2.761,2.755,2.759,2115.51,2024-06-25 08:50:00
1719305460000,2.759,2.759,2.751,2.753,4918.8,2024-06-25 08:51:00
1719305520000,2.752,2.755,2.749,2.75,2425.5,2024-06-25 08:52:00
1719305580000,2.749,2.752,2.746,2.751,5875.55,2024-06-25 08:53:00
1719305640000,2.75,2.757,2.747,2.756,5494.55,2024-06-25 08:54:00
1719305700000,2.756,2.764,2.756,2.759,4201.18,2024-06-25 08:55:00
1719305760000,2.76,2.766,2.757,2.764,4332.99,2024-06-25 08:56:00
1719305820000,2.765,2.765,2.76,2.764,4193.98,2024-06-25 08:57:00
1719305880000,2.764,2.768,2.764,2.766,2748.39,2024-06-25 08:58:00
1719305940000,2.767,2.768,2.762,2.764,4362.78,2024-06-25 08:59:00
1719306000000,2.765,2.769,2.757,2.758,5055.95,2024-06-25 09:00:00
1719306060000,2.758,2.758,2.753,2.756,4572.48,2024-06-25 09:01:00
1719306120000,2.756,2.758,2.754,2.758,1868.55,2024-06-25 09:02:00
1719306180000,2.756,2.759,2.756,2.759,1166.97,2024-06-25 09:03:00
1719306240000,2.759,2.759,2.747,2.75,4736.34,2024-06-25 09:04:00
1719306300000,2.749,2.75,2.745,2.746,4516.28,2024-06-25 09:05:00
1719306360000,2.747,2.751,2.747,2.751,8152.5,2024-06-25 09:06:00
1719306420000,2.751,2.751,2.738,2.745,66625.24,2024-06-25 09:07:00
1719306480000,2.746,2.752,2.745,2.751,8667.92,2024-06-25 09:08:00
1719306540000,2.75,2.754,2.75,2.754,3994.0,2024-06-25 09:09:00
1719306600000,2.755,2.764,2.755,2.764,11439.02,2024-06-25 09:10:00
1719306660000,2.763,2.764,2.757,2.763,7232.71,2024-06-25 09:11:00
1719306720000,2.763,2.764,2.76,2.76,4620.53,2024-06-25 09:12:00
1719306780000,2.759,2.759,2.757,2.758,5873.78,2024-06-25 09:13:00
1719306840000,2.758,2.758,2.754,2.754,865.48,2024-06-25 09:14:00
1719306900000,2.754,2.755,2.754,2.755,2669.0,2024-06-25 09:15:00
1719306960000,2.755,2.757,2.755,2.757,3509.18,2024-06-25 09:16:00
1719307020000,2.755,2.761,2.754,2.761,1885.19,2024-06-25 09:17:00
1719307080000,2.762,2.77,2.762,2.768,5864.85,2024-06-25 09:18:00
1719307140000,2.769,2.772,2.768,2.771,7218.18,2024-06-25 09:19:00
1719307200000,2.769,2.77,2.769,2.77,4453.26,2024-06-25 09:20:00
1719307260000,2.769,2.769,2.761,2.761,8531.75,2024-06-25 09:21:00
1719307320000,2.761,2.761,2.757,2.757,3250.41,2024-06-25 09:22:00
1719307380000,2.757,2.757,2.751,2.752,15317.47,2024-06-25 09:23:00
1719307440000,2.752,2.758,2.75,2.75,18773.41,2024-06-25 09:24:00
1719307500000,2.75,2.756,2.748,2.751,10996.58,2024-06-25 09:25:00
1719307560000,2.751,2.752,2.751,2.752,1041.5,2024-06-25 09:26:00
1719307620000,2.752,2.752,2.735,2.741,34418.67,2024-06-25 09:27:00
1719307680000,2.741,2.75,2.74,2.745,13469.79,2024-06-25 09:28:00
1719307740000,2.746,2.746,2.741,2.744,1804.62,2024-06-25 09:29:00
1719307800000,2.744,2.749,2.742,2.743,3435.55,2024-06-25 09:30:00
1719307860000,2.743,2.75,2.743,2.75,4505.32,2024-06-25 09:31:00
1719307920000,2.75,2.755,2.75,2.755,2721.58,2024-06-25 09:32:00
1719307980000,2.755,2.756,2.75,2.756,2848.67,2024-06-25 09:33:00
1719308040000,2.756,2.761,2.756,2.758,3106.48,2024-06-25 09:34:00
1719308100000,2.759,2.766,2.759,2.763,3924.59,2024-06-25 09:35:00
1719308160000,2.764,2.771,2.764,2.769,7650.76,2024-06-25 09:36:00
1719308220000,2.767,2.77,2.765,2.769,5047.02,2024-06-25 09:37:00
1719308280000,2.769,2.77,2.767,2.767,1495.03,2024-06-25 09:38:00
1719308340000,2.766,2.766,2.759,2.76,25979.9,2024-06-25 09:39:00
1719308400000,2.759,2.761,2.757,2.757,4498.95,2024-06-25 09:40:00
1719308460000,2.758,2.76,2.757,2.76,3090.06,2024-06-25 09:41:00
1719308520000,2.758,2.758,2.756,2.757,1153.06,2024-06-25 09:42:00
1719308580000,2.757,2.757,2.752,2.754,5715.05,2024-06-25 09:43:00
1719308640000,2.753,2.757,2.751,2.757,3144.7,2024-06-25 09:44:00
1719308700000,2.756,2.756,2.746,2.748,15256.0,2024-06-25 09:45:00
1719308760000,2.748,2.749,2.745,2.745,1298.87,2024-06-25 09:46:00
1719308820000,2.745,2.749,2.719,2.741,148259.27,2024-06-25 09:47:00
1719308880000,2.741,2.742,2.73,2.733,10108.44,2024-06-25 09:48:00
1719308940000,2.732,2.736,2.73,2.734,12714.56,2024-06-25 09:49:00
1719309000000,2.734,2.746,2.734,2.74,8789.48,2024-06-25 09:50:00
1719309060000,2.741,2.747,2.738,2.743,7348.37,2024-06-25 09:51:00
1719309120000,2.743,2.752,2.742,2.751,8078.92,2024-06-25 09:52:00
1719309180000,2.751,2.76,2.749,2.759,9122.23,2024-06-25 09:53:00
1719309240000,2.758,2.763,2.757,2.762,20469.2,2024-06-25 09:54:00
1719309300000,2.764,2.768,2.764,2.768,12593.7,2024-06-25 09:55:00
1719309360000,2.766,2.773,2.763,2.772,10221.18,2024-06-25 09:56:00
1719309420000,2.771,2.771,2.76,2.76,7300.62,2024-06-25 09:57:00
1719309480000,2.76,2.76,2.753,2.754,3114.5,2024-06-25 09:58:00
1719309540000,2.754,2.763,2.753,2.758,11553.72,2024-06-25 09:59:00
1719309600000,2.758,2.758,2.751,2.752,14695.14,2024-06-25 10:00:00
1719309660000,2.752,2.754,2.748,2.754,7831.2,2024-06-25 10:01:00
1719309720000,2.754,2.754,2.749,2.749,2175.31,2024-06-25 10:02:00
1719309780000,2.749,2.749,2.745,2.746,3067.93,2024-06-25 10:03:00
1719309840000,2.745,2.745,2.74,2.741,9441.39,2024-06-25 10:04:00
1719309900000,2.741,2.749,2.74,2.749,11926.22,2024-06-25 10:05:00
1719309960000,2.75,2.751,2.747,2.747,2875.93,2024-06-25 10:06:00
1719310020000,2.747,2.76,2.747,2.759,12575.09,2024-06-25 10:07:00
1719310080000,2.758,2.759,2.754,2.759,3681.57,2024-06-25 10:08:00
1719310140000,2.758,2.759,2.754,2.754,2271.52,2024-06-25 10:09:00
1719310200000,2.753,2.753,2.746,2.746,3755.89,2024-06-25 10:10:00
1719310260000,2.746,2.748,2.745,2.747,2788.99,2024-06-25 10:11:00
1719310320000,2.748,2.748,2.743,2.744,4056.47,2024-06-25 10:12:00
1719310380000,2.744,2.744,2.737,2.738,8704.91,2024-06-25 10:13:00
1719310440000,2.737,2.746,2.736,2.745,5556.66,2024-06-25 10:14:00
1719310500000,2.745,2.745,2.737,2.737,1953.82,2024-06-25 10:15:00
1719310560000,2.737,2.738,2.733,2.736,4926.83,2024-06-25 10:16:00
1719310620000,2.736,2.744,2.736,2.743,5960.33,2024-06-25 10:17:00
1719310680000,2.743,2.743,2.733,2.733,5749.2,2024-06-25 10:18:00
1719310740000,2.733,2.742,2.733,2.742,6645.5,2024-06-25 10:19:00
1719310800000,2.741,2.743,2.736,2.738,9093.44,2024-06-25 10:20:00
1719310860000,2.738,2.747,2.738,2.745,11200.48,2024-06-25 10:21:00
1719310920000,2.745,2.745,2.735,2.735,13947.72,2024-06-25 10:22:00
1719310980000,2.736,2.739,2.736,2.736,2949.85,2024-06-25 10:23:00
1719311040000,2.736,2.739,2.734,2.738,6223.37,2024-06-25 10:24:00
1719311100000,2.738,2.741,2.736,2.737,7695.4,2024-06-25 10:25:00
1719311160000,2.736,2.746,2.736,2.743,27590.75,2024-06-25 10:26:00
1719311220000,2.744,2.744,2.734,2.737,6957.81,2024-06-25 10:27:00
1719311280000,2.738,2.739,2.735,2.735,2327.55,2024-06-25 10:28:00
1719311340000,2.735,2.739,2.73,2.738,15069.34,2024-06-25 10:29:00
1719311400000,2.738,2.738,2.733,2.736,33120.82,2024-06-25 10:30:00
1719311460000,2.736,2.743,2.736,2.74,7173.26,2024-06-25 10:31:00
1719311520000,2.741,2.746,2.741,2.746,6851.07,2024-06-25 10:32:00
1719311580000,2.746,2.748,2.745,2.745,3861.6,2024-06-25 10:33:00
1719311640000,2.745,2.747,2.739,2.745,15191.52,2024-06-25 10:34:00
1719311700000,2.745,2.745,2.738,2.739,1862.15,2024-06-25 10:35:00
1719311760000,2.738,2.744,2.737,2.744,4332.64,2024-06-25 10:36:00
1719311820000,2.744,2.745,2.742,2.743,1595.95,2024-06-25 10:37:00
1719311880000,2.744,2.746,2.735,2.736,4906.0,2024-06-25 10:38:00
1719311940000,2.737,2.738,2.737,2.738,2728.61,2024-06-25 10:39:00
1719312000000,2.739,2.74,2.739,2.739,1256.95,2024-06-25 10:40:00
1719312060000,2.74,2.748,2.74,2.745,12938.55,2024-06-25 10:41:00
1719312120000,2.745,2.745,2.741,2.741,4085.49,2024-06-25 10:42:00
1719312180000,2.741,2.743,2.739,2.739,286.71,2024-06-25 10:43:00
1719312240000,2.739,2.74,2.738,2.74,975.0,2024-06-25 10:44:00
1719312300000,2.74,2.74,2.735,2.735,2579.43,2024-06-25 10:45:00
1719312360000,2.736,2.739,2.736,2.739,1887.37,2024-06-25 10:46:00
1719312420000,2.739,2.739,2.733,2.735,3656.18,2024-06-25 10:47:00
1719312480000,2.734,2.735,2.733,2.735,2997.83,2024-06-25 10:48:00
1719312540000,2.734,2.742,2.733,2.741,5721.71,2024-06-25 10:49:00
1719312600000,2.741,2.741,2.739,2.74,830.7,2024-06-25 10:50:00
1719312660000,2.74,2.743,2.74,2.743,1506.36,2024-06-25 10:51:00
1719312720000,2.743,2.743,2.733,2.734,5879.62,2024-06-25 10:52:00
1719312780000,2.733,2.736,2.731,2.735,6424.34,2024-06-25 10:53:00
1719312840000,2.735,2.738,2.733,2.738,4764.09,2024-06-25 10:54:00
1719312900000,2.738,2.738,2.734,2.737,1481.4,2024-06-25 10:55:00
1719312960000,2.737,2.739,2.733,2.734,2215.01,2024-06-25 10:56:00
1719313020000,2.736,2.738,2.736,2.738,1784.32,2024-06-25 10:57:00
1719313080000,2.739,2.743,2.738,2.742,2543.23,2024-06-25 10:58:00
1719313140000,2.742,2.746,2.742,2.743,3222.09,2024-06-25 10:59:00
1719313200000,2.741,2.741,2.736,2.74,10218.67,2024-06-25 11:00:00
1719313260000,2.74,2.742,2.737,2.737,2088.44,2024-06-25 11:01:00
1719313320000,2.738,2.738,2.735,2.736,1128.49,2024-06-25 11:02:00
1719313380000,2.736,2.739,2.735,2.739,1304.61,2024-06-25 11:03:00
1719313440000,2.739,2.741,2.738,2.741,1099.06,2024-06-25 11:04:00
1719313500000,2.741,2.75,2.741,2.75,6596.25,2024-06-25 11:05:00
1719313560000,2.75,2.753,2.748,2.753,10055.5,2024-06-25 11:06:00
1719313620000,2.754,2.757,2.753,2.757,8218.66,2024-06-25 11:07:00
1719313680000,2.757,2.757,2.75,2.751,1766.25,2024-06-25 11:08:00
1719313740000,2.751,2.751,2.748,2.748,987.72,2024-06-25 11:09:00
1719313800000,2.747,2.752,2.745,2.752,5875.03,2024-06-25 11:10:00
1719313860000,2.75,2.759,2.749,2.758,3759.44,2024-06-25 11:11:00
1719313920000,2.76,2.76,2.751,2.755,6112.05,2024-06-25 11:12:00
1719313980000,2.753,2.754,2.749,2.751,3902.45,2024-06-25 11:13:00
1719314040000,2.75,2.752,2.746,2.752,6591.02,2024-06-25 11:14:00
1719314100000,2.752,2.759,2.752,2.758,7020.6,2024-06-25 11:15:00
1719314160000,2.757,2.761,2.757,2.758,7479.91,2024-06-25 11:16:00
1719314220000,2.759,2.765,2.754,2.757,46560.85,2024-06-25 11:17:00
1719314280000,2.758,2.758,2.753,2.755,4095.67,2024-06-25 11:18:00
1719314340000,2.755,2.757,2.755,2.755,1932.06,2024-06-25 11:19:00
1719314400000,2.755,2.755,2.75,2.75,3808.65,2024-06-25 11:20:00
1719314460000,2.751,2.76,2.751,2.76,1649.6,2024-06-25 11:21:00
1719314520000,2.759,2.773,2.759,2.77,21179.54,2024-06-25 11:22:00
1719314580000,2.77,2.78,2.766,2.776,93131.92,2024-06-25 11:23:00
1719314640000,2.777,2.78,2.77,2.773,12833.73,2024-06-25 11:24:00
1719314700000,2.773,2.778,2.772,2.774,7202.79,2024-06-25 11:25:00
1719314760000,2.773,2.776,2.767,2.77,8291.96,2024-06-25 11:26:00
1719314820000,2.768,2.77,2.762,2.762,6827.25,2024-06-25 11:27:00
1719314880000,2.76,2.765,2.76,2.764,6098.14,2024-06-25 11:28:00
1719314940000,2.763,2.763,2.755,2.756,4712.13,2024-06-25 11:29:00
1719315000000,2.754,2.758,2.753,2.757,3797.33,2024-06-25 11:30:00
1719315060000,2.757,2.763,2.757,2.763,4238.46,2024-06-25 11:31:00
1719315120000,2.763,2.763,2.751,2.752,5103.91,2024-06-25 11:32:00
1719315180000,2.751,2.757,2.75,2.751,3909.63,2024-06-25 11:33:00
1719315240000,2.752,2.752,2.75,2.75,1338.52,2024-06-25 11:34:00
1719315300000,2.749,2.75,2.747,2.748,2626.13,2024-06-25 11:35:00
1719315360000,2.748,2.748,2.746,2.746,1319.1,2024-06-25 11:36:00
1719315420000,2.747,2.747,2.742,2.742,3041.04,2024-06-25 11:37:00
1719315480000,2.742,2.744,2.741,2.744,5163.97,2024-06-25 11:38:00
1719315540000,2.744,2.745,2.737,2.739,4708.74,2024-06-25 11:39:00
1719315600000,2.739,2.741,2.737,2.741,2581.46,2024-06-25 11:40:00
1719315660000,2.741,2.741,2.735,2.736,6088.17,2024-06-25 11:41:00
1719315720000,2.736,2.737,2.728,2.735,7755.79,2024-06-25 11:42:00
1719315780000,2.736,2.738,2.733,2.734,2971.46,2024-06-25 11:43:00
1719315840000,2.733,2.734,2.728,2.731,10401.54,2024-06-25 11:44:00
1719315900000,2.732,2.74,2.731,2.739,6638.55,2024-06-25 11:45:00
1719315960000,2.739,2.739,2.732,2.734,4853.1,2024-06-25 11:46:00
1719316020000,2.735,2.736,2.734,2.735,498.37,2024-06-25 11:47:00
1719316080000,2.735,2.735,2.733,2.733,1200.3,2024-06-25 11:48:00
1719316140000,2.732,2.733,2.73,2.731,1760.73,2024-06-25 11:49:00
1719316200000,2.731,2.735,2.73,2.735,4430.88,2024-06-25 11:50:00
1719316260000,2.735,2.737,2.734,2.735,2825.14,2024-06-25 11:51:00
1719316320000,2.737,2.746,2.737,2.745,6057.09,2024-06-25 11:52:00
1719316380000,2.745,2.746,2.742,2.743,3664.62,2024-06-25 11:53:00
1719316440000,2.743,2.744,2.738,2.738,3229.77,2024-06-25 11:54:00
1719316500000,2.739,2.74,2.738,2.74,989.81,2024-06-25 11:55:00
1719316560000,2.739,2.739,2.734,2.734,5529.26,2024-06-25 11:56:00
1719316620000,2.734,2.739,2.733,2.739,963.8,2024-06-25 11:57:00
1719316680000,2.739,2.74,2.738,2.74,840.58,2024-06-25 11:58:00
1719316740000,2.74,2.74,2.734,2.734,3165.53,2024-06-25 11:59:00
1719316800000,2.734,2.743,2.733,2.741,3996.5,2024-06-25 12:00:00
1719316860000,2.741,2.743,2.739,2.741,3940.81,2024-06-25 12:01:00
1719316920000,2.739,2.739,2.737,2.737,3328.98,2024-06-25 12:02:00
1719316980000,2.738,2.744,2.736,2.742,3839.68,2024-06-25 12:03:00
1719317040000,2.742,2.745,2.742,2.744,4745.77,2024-06-25 12:04:00
1719317100000,2.745,2.748,2.745,2.748,6290.59,2024-06-25 12:05:00
1719317160000,2.748,2.748,2.743,2.744,2085.17,2024-06-25 12:06:00
1719317220000,2.744,2.744,2.734,2.735,4406.15,2024-06-25 12:07:00
1719317280000,2.734,2.736,2.732,2.736,2227.13,2024-06-25 12:08:00
1719317340000,2.735,2.74,2.735,2.738,1933.95,2024-06-25 12:09:00
1719317400000,2.737,2.742,2.736,2.742,3099.34,2024-06-25 12:10:00
1719317460000,2.741,2.745,2.741,2.743,12869.27,2024-06-25 12:11:00
1719317520000,2.743,2.743,2.737,2.737,1226.05,2024-06-25 12:12:00
1719317580000,2.737,2.74,2.735,2.74,3737.14,2024-06-25 12:13:00
1719317640000,2.74,2.742,2.74,2.742,1034.59,2024-06-25 12:14:00
1719317700000,2.742,2.748,2.741,2.748,4915.48,2024-06-25 12:15:00
1719317760000,2.749,2.75,2.744,2.745,3790.92,2024-06-25 12:16:00
1719317820000,2.744,2.747,2.743,2.745,4110.67,2024-06-25 12:17:00
1719317880000,2.746,2.748,2.746,2.747,1296.36,2024-06-25 12:18:00
1719317940000,2.748,2.751,2.747,2.748,3485.17,2024-06-25 12:19:00
1719318000000,2.748,2.751,2.746,2.747,5759.74,2024-06-25 12:20:00
1719318060000,2.747,2.753,2.745,2.751,19106.37,2024-06-25 12:21:00
1719318120000,2.751,2.753,2.751,2.751,1537.62,2024-06-25 12:22:00
1719318180000,2.753,2.756,2.751,2.755,5380.05,2024-06-25 12:23:00
1719318240000,2.754,2.758,2.754,2.756,4745.42,2024-06-25 12:24:00
1719318300000,2.756,2.756,2.748,2.751,11129.38,2024-06-25 12:25:00
1719318360000,2.752,2.756,2.752,2.754,5279.99,2024-06-25 12:26:00
1719318420000,2.755,2.756,2.754,2.754,4667.57,2024-06-25 12:27:00
1719318480000,2.754,2.757,2.753,2.757,9537.35,2024-06-25 12:28:00
1719318540000,2.758,2.761,2.755,2.761,2937.64,2024-06-25 12:29:00
1719318600000,2.76,2.761,2.758,2.761,6122.74,2024-06-25 12:30:00
1719318660000,2.761,2.761,2.757,2.758,4252.78,2024-06-25 12:31:00
1719318720000,2.757,2.761,2.756,2.761,8400.67,2024-06-25 12:32:00
1719318780000,2.761,2.764,2.761,2.763,5351.38,2024-06-25 12:33:00
1719318840000,2.761,2.761,2.755,2.755,7316.44,2024-06-25 12:34:00
1719318900000,2.756,2.756,2.753,2.756,1638.18,2024-06-25 12:35:00
1719318960000,2.755,2.762,2.755,2.761,22085.36,2024-06-25 12:36:00
1719319020000,2.76,2.766,2.76,2.766,7981.8,2024-06-25 12:37:00
1719319080000,2.765,2.765,2.762,2.764,1569.7,2024-06-25 12:38:00
1719319140000,2.763,2.765,2.76,2.76,4807.55,2024-06-25 12:39:00
1719319200000,2.76,2.763,2.76,2.761,17825.42,2024-06-25 12:40:00
1719319260000,2.761,2.766,2.761,2.765,2297.43,2024-06-25 12:41:00
1719319320000,2.766,2.769,2.765,2.767,7134.57,2024-06-25 12:42:00
1719319380000,2.767,2.772,2.767,2.769,9853.6,2024-06-25 12:43:00
1719319440000,2.768,2.768,2.762,2.763,15542.38,2024-06-25 12:44:00
1719319500000,2.763,2.764,2.762,2.763,1552.98,2024-06-25 12:45:00
1719319560000,2.763,2.763,2.759,2.759,11218.97,2024-06-25 12:46:00
1719319620000,2.758,2.758,2.752,2.753,4679.53,2024-06-25 12:47:00
1719319680000,2.754,2.76,2.753,2.76,1910.21,2024-06-25 12:48:00
1719319740000,2.759,2.76,2.754,2.755,1051.12,2024-06-25 12:49:00
1719319800000,2.754,2.754,2.746,2.747,4876.11,2024-06-25 12:50:00
1719319860000,2.747,2.752,2.743,2.746,5639.34,2024-06-25 12:51:00
1719319920000,2.746,2.748,2.746,2.746,1026.08,2024-06-25 12:52:00
1719319980000,2.746,2.746,2.743,2.744,3593.37,2024-06-25 12:53:00
1719320040000,2.745,2.747,2.743,2.743,1993.14,2024-06-25 12:54:00
1719320100000,2.743,2.749,2.742,2.749,3859.83,2024-06-25 12:55:00
1719320160000,2.749,2.754,2.749,2.754,4807.18,2024-06-25 12:56:00
1719320220000,2.754,2.754,2.75,2.75,1616.23,2024-06-25 12:57:00
1719320280000,2.75,2.756,2.75,2.755,867.97,2024-06-25 12:58:00
1719320340000,2.755,2.756,2.755,2.756,554.34,2024-06-25 12:59:00
1719320400000,2.757,2.76,2.757,2.759,1636.94,2024-06-25 13:00:00
1719320460000,2.76,2.762,2.76,2.762,3114.95,2024-06-25 13:01:00
1719320520000,2.762,2.764,2.762,2.763,2703.15,2024-06-25 13:02:00
1719320580000,2.763,2.769,2.763,2.769,10488.9,2024-06-25 13:03:00
1719320640000,2.768,2.77,2.767,2.769,2329.04,2024-06-25 13:04:00
1719320700000,2.769,2.773,2.766,2.773,4149.13,2024-06-25 13:05:00
1719320760000,2.773,2.777,2.772,2.772,8391.2,2024-06-25 13:06:00
1719320820000,2.773,2.778,2.773,2.774,4927.17,2024-06-25 13:07:00
1719320880000,2.774,2.775,2.767,2.769,12838.46,2024-06-25 13:08:00
1719320940000,2.768,2.771,2.767,2.768,4229.12,2024-06-25 13:09:00
1719321000000,2.767,2.767,2.765,2.765,4723.41,2024-06-25 13:10:00
1719321060000,2.766,2.768,2.766,2.768,1403.83,2024-06-25 13:11:00
1719321120000,2.768,2.777,2.768,2.777,16399.23,2024-06-25 13:12:00
1719321180000,2.777,2.778,2.775,2.776,3268.0,2024-06-25 13:13:00
1719321240000,2.777,2.781,2.773,2.779,17123.62,2024-06-25 13:14:00
1719321300000,2.779,2.784,2.776,2.784,17853.87,2024-06-25 13:15:00
1719321360000,2.783,2.784,2.78,2.782,2273.39,2024-06-25 13:16:00
1719321420000,2.781,2.781,2.777,2.781,7250.21,2024-06-25 13:17:00
1719321480000,2.78,2.808,2.78,2.803,67686.03,2024-06-25 13:18:00
1719321540000,2.803,2.806,2.799,2.804,23676.54,2024-06-25 13:19:00
1719321600000,2.804,2.804,2.794,2.794,11789.49,2024-06-25 13:20:00
1719321660000,2.793,2.799,2.792,2.798,7171.09,2024-06-25 13:21:00
1719321720000,2.798,2.798,2.793,2.797,14042.29,2024-06-25 13:22:00
1719321780000,2.798,2.802,2.798,2.801,6753.92,2024-06-25 13:23:00
1719321840000,2.801,2.805,2.801,2.801,10044.44,2024-06-25 13:24:00
1719321900000,2.8,2.8,2.786,2.788,4955.42,2024-06-25 13:25:00
1719321960000,2.785,2.795,2.785,2.791,10424.22,2024-06-25 13:26:00
1719322020000,2.79,2.792,2.786,2.791,11092.74,2024-06-25 13:27:00
1719322080000,2.791,2.793,2.786,2.787,6592.17,2024-06-25 13:28:00
1719322140000,2.788,2.791,2.787,2.787,17433.1,2024-06-25 13:29:00
1719322200000,2.787,2.788,2.778,2.781,7952.25,2024-06-25 13:30:00
1719322260000,2.78,2.782,2.772,2.774,10787.24,2024-06-25 13:31:00
1719322320000,2.773,2.776,2.771,2.775,4305.45,2024-06-25 13:32:00
1719322380000,2.774,2.78,2.768,2.779,23213.86,2024-06-25 13:33:00
1719322440000,2.779,2.791,2.777,2.788,47287.41,2024-06-25 13:34:00
1719322500000,2.789,2.794,2.782,2.791,43957.97,2024-06-25 13:35:00
1719322560000,2.791,2.802,2.789,2.798,25123.89,2024-06-25 13:36:00
1719322620000,2.799,2.806,2.798,2.804,32513.38,2024-06-25 13:37:00
1719322680000,2.804,2.814,2.804,2.811,47842.22,2024-06-25 13:38:00
1719322740000,2.812,2.812,2.806,2.806,3566.54,2024-06-25 13:39:00
1719322800000,2.806,2.806,2.799,2.8,2345.24,2024-06-25 13:40:00
1719322860000,2.802,2.805,2.8,2.8,4930.54,2024-06-25 13:41:00
1719322920000,2.8,2.803,2.799,2.801,3397.72,2024-06-25 13:42:00
1719322980000,2.8,2.8,2.792,2.799,7425.77,2024-06-25 13:43:00
1719323040000,2.799,2.799,2.788,2.789,4793.8,2024-06-25 13:44:00
1719323100000,2.788,2.8,2.784,2.798,36760.44,2024-06-25 13:45:00
1719323160000,2.8,2.801,2.795,2.801,10424.9,2024-06-25 13:46:00
1719323220000,2.802,2.807,2.802,2.806,9569.65,2024-06-25 13:47:00
1719323280000,2.806,2.808,2.801,2.802,4097.1,2024-06-25 13:48:00
1719323340000,2.801,2.801,2.794,2.795,1606.88,2024-06-25 13:49:00
1719323400000,2.793,2.798,2.793,2.796,4037.73,2024-06-25 13:50:00
1719323460000,2.796,2.797,2.788,2.789,3586.79,2024-06-25 13:51:00
1719323520000,2.789,2.789,2.783,2.783,7450.74,2024-06-25 13:52:00
1719323580000,2.782,2.782,2.778,2.778,2727.09,2024-06-25 13:53:00
1719323640000,2.777,2.779,2.777,2.777,2648.27,2024-06-25 13:54:00
1719323700000,2.777,2.777,2.771,2.774,7000.09,2024-06-25 13:55:00
1719323760000,2.774,2.778,2.773,2.777,3628.71,2024-06-25 13:56:00
1719323820000,2.775,2.778,2.774,2.776,2040.2,2024-06-25 13:57:00
1719323880000,2.775,2.776,2.773,2.773,3705.0,2024-06-25 13:58:00
1719323940000,2.774,2.78,2.77,2.778,3742.61,2024-06-25 13:59:00
1719324000000,2.779,2.793,2.777,2.793,3737.44,2024-06-25 14:00:00
1719324060000,2.791,2.791,2.784,2.784,3522.12,2024-06-25 14:01:00
1719324120000,2.784,2.79,2.782,2.79,3124.27,2024-06-25 14:02:00
1719324180000,2.79,2.79,2.785,2.788,2126.29,2024-06-25 14:03:00
1719324240000,2.787,2.791,2.786,2.789,5038.42,2024-06-25 14:04:00
1719324300000,2.79,2.791,2.786,2.791,4765.85,2024-06-25 14:05:00
1719324360000,2.791,2.798,2.789,2.796,4823.08,2024-06-25 14:06:00
1719324420000,2.797,2.8,2.797,2.799,1247.13,2024-06-25 14:07:00
1719324480000,2.799,2.801,2.793,2.793,4860.75,2024-06-25 14:08:00
1719324540000,2.793,2.798,2.792,2.798,1982.4,2024-06-25 14:09:00
1719324600000,2.798,2.806,2.798,2.804,5781.14,2024-06-25 14:10:00
1719324660000,2.804,2.81,2.804,2.805,9378.89,2024-06-25 14:11:00
1719324720000,2.804,2.808,2.799,2.8,5572.24,2024-06-25 14:12:00
1719324780000,2.799,2.813,2.799,2.81,6537.67,2024-06-25 14:13:00
1719324840000,2.809,2.811,2.803,2.803,4361.64,2024-06-25 14:14:00
1719324900000,2.802,2.81,2.797,2.797,38662.13,2024-06-25 14:15:00
1719324960000,2.797,2.803,2.797,2.799,7757.38,2024-06-25 14:16:00
1719325020000,2.799,2.805,2.798,2.802,1969.8,2024-06-25 14:17:00
1719325080000,2.803,2.806,2.799,2.802,4239.55,2024-06-25 14:18:00
1719325140000,2.802,2.809,2.802,2.809,4751.66,2024-06-25 14:19:00
1719325200000,2.808,2.827,2.808,2.82,24957.97,2024-06-25 14:20:00
1719325260000,2.819,2.823,2.812,2.816,31368.48,2024-06-25 14:21:00
1719325320000,2.817,2.822,2.812,2.812,19201.96,2024-06-25 14:22:00
1719325380000,2.812,2.821,2.811,2.82,4003.75,2024-06-25 14:23:00
1719325440000,2.82,2.822,2.807,2.809,8300.71,2024-06-25 14:24:00
1719325500000,2.809,2.809,2.801,2.804,5123.54,2024-06-25 14:25:00
1719325560000,2.805,2.815,2.804,2.812,27783.22,2024-06-25 14:26:00
1719325620000,2.812,2.823,2.812,2.815,10515.16,2024-06-25 14:27:00
1719325680000,2.816,2.828,2.816,2.826,10444.86,2024-06-25 14:28:00
1719325740000,2.826,2.842,2.825,2.835,52167.78,2024-06-25 14:29:00
1719325800000,2.838,2.843,2.836,2.836,7285.85,2024-06-25 14:30:00
1719325860000,2.836,2.842,2.832,2.84,19640.71,2024-06-25 14:31:00
1719325920000,2.839,2.855,2.839,2.844,21930.16,2024-06-25 14:32:00
1719325980000,2.844,2.848,2.836,2.836,11402.8,2024-06-25 14:33:00
1719326040000,2.836,2.838,2.835,2.837,11114.24,2024-06-25 14:34:00
1719326100000,2.836,2.852,2.834,2.851,11679.99,2024-06-25 14:35:00
1719326160000,2.851,2.859,2.846,2.859,17548.24,2024-06-25 14:36:00
1719326220000,2.858,2.871,2.858,2.866,47230.78,2024-06-25 14:37:00
1719326280000,2.866,2.868,2.851,2.855,30208.16,2024-06-25 14:38:00
1719326340000,2.855,2.861,2.84,2.847,21371.17,2024-06-25 14:39:00
1719326400000,2.846,2.847,2.838,2.838,14729.12,2024-06-25 14:40:00
1719326460000,2.838,2.845,2.81,2.826,174930.52,2024-06-25 14:41:00
1719326520000,2.825,2.828,2.822,2.827,7379.59,2024-06-25 14:42:00
1719326580000,2.826,2.83,2.824,2.826,9157.76,2024-06-25 14:43:00
1719326640000,2.826,2.826,2.822,2.824,6242.34,2024-06-25 14:44:00
1719326700000,2.823,2.831,2.817,2.817,14682.76,2024-06-25 14:45:00
1719326760000,2.818,2.82,2.814,2.817,14165.2,2024-06-25 14:46:00
1719326820000,2.815,2.822,2.814,2.82,4500.12,2024-06-25 14:47:00
1719326880000,2.82,2.82,2.8,2.81,66644.56,2024-06-25 14:48:00
1719326940000,2.809,2.814,2.806,2.814,11888.43,2024-06-25 14:49:00
1719327000000,2.813,2.814,2.811,2.811,3022.26,2024-06-25 14:50:00
1719327060000,2.811,2.813,2.805,2.809,10082.08,2024-06-25 14:51:00
1719327120000,2.808,2.813,2.8,2.802,20743.77,2024-06-25 14:52:00
1719327180000,2.802,2.805,2.797,2.804,36941.64,2024-06-25 14:53:00
1719327240000,2.805,2.821,2.797,2.813,187040.97,2024-06-25 14:54:00
1719327300000,2.813,2.813,2.804,2.811,8120.02,2024-06-25 14:55:00
1719327360000,2.813,2.815,2.81,2.815,9082.61,2024-06-25 14:56:00
1719327420000,2.814,2.825,2.814,2.824,15990.24,2024-06-25 14:57:00
1719327480000,2.825,2.825,2.817,2.817,8255.69,2024-06-25 14:58:00
1719327540000,2.816,2.82,2.814,2.814,8033.08,2024-06-25 14:59:00
1719327600000,2.815,2.826,2.815,2.818,20190.37,2024-06-25 15:00:00
1719327660000,2.819,2.819,2.816,2.818,8281.4,2024-06-25 15:01:00
1719327720000,2.817,2.817,2.811,2.812,11991.48,2024-06-25 15:02:00
1719327780000,2.812,2.814,2.808,2.814,6265.32,2024-06-25 15:03:00
1719327840000,2.814,2.814,2.807,2.807,8343.47,2024-06-25 15:04:00
1719327900000,2.807,2.809,2.805,2.807,2403.08,2024-06-25 15:05:00
1719327960000,2.804,2.805,2.804,2.804,2007.84,2024-06-25 15:06:00
1719328020000,2.804,2.814,2.804,2.813,28032.34,2024-06-25 15:07:00
1719328080000,2.812,2.813,2.809,2.81,7559.19,2024-06-25 15:08:00
1719328140000,2.81,2.815,2.808,2.815,10921.31,2024-06-25 15:09:00
1719328200000,2.815,2.822,2.814,2.822,6191.51,2024-06-25 15:10:00
1719328260000,2.822,2.826,2.815,2.825,6523.53,2024-06-25 15:11:00
1719328320000,2.825,2.84,2.825,2.836,47641.67,2024-06-25 15:12:00
1719328380000,2.837,2.839,2.831,2.831,10111.04,2024-06-25 15:13:00
1719328440000,2.831,2.837,2.826,2.826,9652.02,2024-06-25 15:14:00
1719328500000,2.826,2.831,2.821,2.83,31197.38,2024-06-25 15:15:00
1719328560000,2.831,2.837,2.831,2.836,10860.85,2024-06-25 15:16:00
1719328620000,2.838,2.847,2.838,2.846,26133.82,2024-06-25 15:17:00
1719328680000,2.846,2.858,2.845,2.857,30382.87,2024-06-25 15:18:00
1719328740000,2.857,2.863,2.852,2.854,10259.73,2024-06-25 15:19:00
1719328800000,2.853,2.864,2.853,2.86,19502.07,2024-06-25 15:20:00
1719328860000,2.86,2.869,2.858,2.868,10886.78,2024-06-25 15:21:00
1719328920000,2.869,2.875,2.862,2.862,58662.77,2024-06-25 15:22:00
1719328980000,2.862,2.866,2.859,2.86,12967.84,2024-06-25 15:23:00
1719329040000,2.86,2.862,2.846,2.846,16314.49,2024-06-25 15:24:00
1719329100000,2.846,2.854,2.846,2.851,9877.09,2024-06-25 15:25:00
1719329160000,2.85,2.851,2.842,2.846,13002.09,2024-06-25 15:26:00
1719329220000,2.846,2.848,2.844,2.847,4607.29,2024-06-25 15:27:00
1719329280000,2.848,2.855,2.808,2.835,191438.29,2024-06-25 15:28:00
1719329340000,2.835,2.84,2.834,2.84,4506.91,2024-06-25 15:29:00
1719329400000,2.839,2.842,2.838,2.839,8358.83,2024-06-25 15:30:00
1719329460000,2.838,2.841,2.835,2.84,6446.43,2024-06-25 15:31:00
1719329520000,2.84,2.842,2.839,2.841,5418.65,2024-06-25 15:32:00
1719329580000,2.842,2.842,2.839,2.839,3913.83,2024-06-25 15:33:00
1719329640000,2.84,2.845,2.837,2.841,11726.09,2024-06-25 15:34:00
1719329700000,2.842,2.847,2.841,2.846,1514.26,2024-06-25 15:35:00
1719329760000,2.846,2.846,2.843,2.845,7444.73,2024-06-25 15:36:00
1719329820000,2.846,2.85,2.845,2.846,4627.65,2024-06-25 15:37:00
1719329880000,2.846,2.852,2.846,2.85,4930.13,2024-06-25 15:38:00
1719329940000,2.851,2.851,2.844,2.845,8261.55,2024-06-25 15:39:00
1719330000000,2.845,2.845,2.836,2.842,8799.95,2024-06-25 15:40:00
1719330060000,2.842,2.85,2.842,2.85,1675.22,2024-06-25 15:41:00
1719330120000,2.849,2.854,2.848,2.852,9658.97,2024-06-25 15:42:00
1719330180000,2.852,2.852,2.847,2.851,4893.28,2024-06-25 15:43:00
1719330240000,2.852,2.857,2.852,2.855,1811.22,2024-06-25 15:44:00
1719330300000,2.855,2.859,2.852,2.856,10134.99,2024-06-25 15:45:00
1719330360000,2.856,2.856,2.848,2.848,1622.57,2024-06-25 15:46:00
1719330420000,2.849,2.85,2.844,2.844,3786.48,2024-06-25 15:47:00
1719330480000,2.844,2.847,2.84,2.843,3899.67,2024-06-25 15:48:00
1719330540000,2.842,2.846,2.828,2.83,133447.46,2024-06-25 15:49:00
1719330600000,2.831,2.862,2.83,2.855,103091.0,2024-06-25 15:50:00
1719330660000,2.855,2.862,2.85,2.853,37441.91,2024-06-25 15:51:00
1719330720000,2.853,2.855,2.85,2.851,9649.56,2024-06-25 15:52:00
1719330780000,2.851,2.855,2.85,2.852,5296.87,2024-06-25 15:53:00
1719330840000,2.852,2.852,2.843,2.844,6008.85,2024-06-25 15:54:00
1719330900000,2.843,2.847,2.834,2.838,14280.2,2024-06-25 15:55:00
1719330960000,2.839,2.845,2.839,2.844,2724.35,2024-06-25 15:56:00
1719331020000,2.843,2.843,2.836,2.836,2965.27,2024-06-25 15:57:00
1719331080000,2.837,2.838,2.836,2.837,3180.31,2024-06-25 15:58:00
1719331140000,2.84,2.842,2.84,2.84,3185.56,2024-06-25 15:59:00
1719331200000,2.839,2.852,2.838,2.85,6832.05,2024-06-25 16:00:00
1719331260000,2.85,2.85,2.84,2.845,8024.81,2024-06-25 16:01:00
1719331320000,2.846,2.847,2.841,2.841,3315.51,2024-06-25 16:02:00
1719331380000,2.84,2.85,2.84,2.845,5322.99,2024-06-25 16:03:00
1719331440000,2.842,2.843,2.829,2.829,8866.07,2024-06-25 16:04:00
1719331500000,2.83,2.833,2.824,2.827,11454.29,2024-06-25 16:05:00
1719331560000,2.825,2.83,2.814,2.827,37396.44,2024-06-25 16:06:00
1719331620000,2.826,2.835,2.822,2.834,9701.01,2024-06-25 16:07:00
1719331680000,2.834,2.837,2.834,2.836,6097.37,2024-06-25 16:08:00
1719331740000,2.837,2.838,2.829,2.829,3956.5,2024-06-25 16:09:00
1719331800000,2.829,2.834,2.827,2.83,7869.86,2024-06-25 16:10:00
1719331860000,2.83,2.837,2.83,2.837,5258.76,2024-06-25 16:11:00
1719331920000,2.838,2.854,2.838,2.853,26035.5,2024-06-25 16:12:00
1719331980000,2.853,2.854,2.839,2.839,6278.22,2024-06-25 16:13:00
1719332040000,2.839,2.853,2.839,2.853,8714.49,2024-06-25 16:14:00
1719332100000,2.854,2.857,2.848,2.85,11615.01,2024-06-25 16:15:00
1719332160000,2.851,2.859,2.851,2.857,16028.23,2024-06-25 16:16:00
1719332220000,2.857,2.859,2.852,2.858,6123.47,2024-06-25 16:17:00
1719332280000,2.858,2.871,2.858,2.867,21109.58,2024-06-25 16:18:00
1719332340000,2.869,2.869,2.861,2.868,6277.28,2024-06-25 16:19:00
1719332400000,2.868,2.87,2.863,2.868,14984.15,2024-06-25 16:20:00
1719332460000,2.869,2.872,2.86,2.861,13615.68,2024-06-25 16:21:00
1719332520000,2.861,2.865,2.858,2.86,4780.86,2024-06-25 16:22:00
1719332580000,2.86,2.86,2.85,2.853,5170.26,2024-06-25 16:23:00
1719332640000,2.851,2.851,2.841,2.842,6762.97,2024-06-25 16:24:00
1719332700000,2.841,2.848,2.841,2.848,6401.93,2024-06-25 16:25:00
1719332760000,2.848,2.848,2.842,2.842,2187.25,2024-06-25 16:26:00
1719332820000,2.844,2.846,2.84,2.843,15077.09,2024-06-25 16:27:00
1719332880000,2.842,2.848,2.838,2.848,29358.2,2024-06-25 16:28:00
1719332940000,2.847,2.847,2.838,2.839,31770.42,2024-06-25 16:29:00
1719333000000,2.839,2.84,2.838,2.838,896.75,2024-06-25 16:30:00
1719333060000,2.839,2.845,2.839,2.845,3334.7,2024-06-25 16:31:00
1719333120000,2.845,2.856,2.843,2.853,7188.21,2024-06-25 16:32:00
1719333180000,2.853,2.858,2.85,2.85,3382.16,2024-06-25 16:33:00
1719333240000,2.849,2.855,2.848,2.854,3778.52,2024-06-25 16:34:00
1719333300000,2.854,2.857,2.848,2.848,7972.07,2024-06-25 16:35:00
1719333360000,2.849,2.85,2.843,2.843,3716.72,2024-06-25 16:36:00
1719333420000,2.841,2.845,2.841,2.844,3279.36,2024-06-25 16:37:00
1719333480000,2.844,2.844,2.837,2.839,21729.09,2024-06-25 16:38:00
1719333540000,2.839,2.847,2.838,2.842,17390.85,2024-06-25 16:39:00
1719333600000,2.841,2.844,2.836,2.837,8512.21,2024-06-25 16:40:00
1719333660000,2.836,2.836,2.81,2.819,128069.57,2024-06-25 16:41:00
1719333720000,2.819,2.824,2.818,2.823,9347.2,2024-06-25 16:42:00
1719333780000,2.822,2.827,2.821,2.827,5643.27,2024-06-25 16:43:00
1719333840000,2.826,2.826,2.818,2.819,4729.37,2024-06-25 16:44:00
1719333900000,2.818,2.822,2.817,2.82,4255.6,2024-06-25 16:45:00
1719333960000,2.819,2.82,2.815,2.815,4044.87,2024-06-25 16:46:00
1719334020000,2.814,2.818,2.813,2.815,4818.26,2024-06-25 16:47:00
1719334080000,2.814,2.814,2.808,2.811,9382.7,2024-06-25 16:48:00
1719334140000,2.81,2.818,2.808,2.818,5607.82,2024-06-25 16:49:00
1719334200000,2.818,2.823,2.813,2.817,21694.81,2024-06-25 16:50:00
1719334260000,2.814,2.815,2.809,2.809,3724.4,2024-06-25 16:51:00
1719334320000,2.81,2.81,2.803,2.809,16559.33,2024-06-25 16:52:00
1719334380000,2.807,2.807,2.803,2.805,1383.18,2024-06-25 16:53:00
1719334440000,2.805,2.81,2.805,2.81,1804.95,2024-06-25 16:54:00
1719334500000,2.809,2.809,2.802,2.804,3197.51,2024-06-25 16:55:00
1719334560000,2.805,2.807,2.802,2.804,2769.3,2024-06-25 16:56:00
1719334620000,2.804,2.81,2.804,2.807,4038.97,2024-06-25 16:57:00
1719334680000,2.806,2.806,2.801,2.804,3090.52,2024-06-25 16:58:00
1719334740000,2.804,2.811,2.804,2.811,3451.08,2024-06-25 16:59:00
1719334800000,2.809,2.809,2.802,2.805,4019.23,2024-06-25 17:00:00
1719334860000,2.805,2.814,2.8,2.814,12676.48,2024-06-25 17:01:00
1719334920000,2.815,2.819,2.815,2.817,1664.8,2024-06-25 17:02:00
1719334980000,2.817,2.825,2.817,2.825,8568.66,2024-06-25 17:03:00
1719335040000,2.823,2.823,2.819,2.823,2159.14,2024-06-25 17:04:00
1719335100000,2.823,2.828,2.822,2.827,9724.89,2024-06-25 17:05:00
1719335160000,2.827,2.829,2.823,2.826,16960.28,2024-06-25 17:06:00
1719335220000,2.826,2.829,2.825,2.827,1473.15,2024-06-25 17:07:00
1719335280000,2.827,2.832,2.824,2.824,7274.48,2024-06-25 17:08:00
1719335340000,2.827,2.828,2.827,2.828,848.96,2024-06-25 17:09:00
1719335400000,2.83,2.833,2.829,2.831,3944.01,2024-06-25 17:10:00
1719335460000,2.832,2.832,2.826,2.829,2968.08,2024-06-25 17:11:00
1719335520000,2.828,2.83,2.828,2.829,2095.05,2024-06-25 17:12:00
1719335580000,2.832,2.837,2.832,2.837,4481.97,2024-06-25 17:13:00
1719335640000,2.837,2.841,2.837,2.837,1359.08,2024-06-25 17:14:00
1719335700000,2.838,2.842,2.836,2.836,5418.17,2024-06-25 17:15:00
1719335760000,2.836,2.838,2.831,2.831,7219.2,2024-06-25 17:16:00
1719335820000,2.83,2.837,2.83,2.836,3052.05,2024-06-25 17:17:00
1719335880000,2.837,2.839,2.832,2.832,1891.95,2024-06-25 17:18:00
1719335940000,2.832,2.839,2.831,2.836,3785.49,2024-06-25 17:19:00
1719336000000,2.836,2.836,2.834,2.835,1899.7,2024-06-25 17:20:00
1719336060000,2.835,2.845,2.834,2.843,6136.42,2024-06-25 17:21:00
1719336120000,2.843,2.848,2.843,2.845,7107.04,2024-06-25 17:22:00
1719336180000,2.846,2.85,2.844,2.844,6793.91,2024-06-25 17:23:00
1719336240000,2.843,2.847,2.843,2.843,5991.05,2024-06-25 17:24:00
1719336300000,2.844,2.844,2.84,2.84,1323.85,2024-06-25 17:25:00
1719336360000,2.84,2.849,2.84,2.849,2674.53,2024-06-25 17:26:00
1719336420000,2.849,2.85,2.848,2.85,2548.05,2024-06-25 17:27:00
1719336480000,2.85,2.85,2.85,2.85,28361.67,2024-06-25 17:28:00
1719336540000,2.85,2.853,2.849,2.852,10092.21,2024-06-25 17:29:00
1719336600000,2.852,2.854,2.844,2.848,8438.75,2024-06-25 17:30:00
1719336660000,2.847,2.855,2.847,2.854,5810.12,2024-06-25 17:31:00
1719336720000,2.853,2.856,2.851,2.851,5541.31,2024-06-25 17:32:00
1719336780000,2.851,2.851,2.841,2.841,8360.81,2024-06-25 17:33:00
1719336840000,2.842,2.845,2.842,2.843,3970.29,2024-06-25 17:34:00
1719336900000,2.844,2.844,2.834,2.834,6449.85,2024-06-25 17:35:00
1719336960000,2.835,2.846,2.835,2.846,5900.42,2024-06-25 17:36:00
1719337020000,2.846,2.853,2.846,2.853,2108.97,2024-06-25 17:37:00
1719337080000,2.852,2.858,2.849,2.854,12471.08,2024-06-25 17:38:00
1719337140000,2.853,2.863,2.853,2.859,32112.99,2024-06-25 17:39:00
1719337200000,2.858,2.861,2.854,2.856,8753.31,2024-06-25 17:40:00
1719337260000,2.855,2.858,2.851,2.858,5162.97,2024-06-25 17:41:00
1719337320000,2.857,2.862,2.852,2.854,15946.74,2024-06-25 17:42:00
1719337380000,2.854,2.855,2.853,2.854,616.37,2024-06-25 17:43:00
1719337440000,2.855,2.862,2.855,2.862,3307.98,2024-06-25 17:44:00
1719337500000,2.862,2.864,2.86,2.862,3649.58,2024-06-25 17:45:00
1719337560000,2.863,2.871,2.863,2.867,21990.73,2024-06-25 17:46:00
1719337620000,2.866,2.866,2.852,2.854,4247.94,2024-06-25 17:47:00
1719337680000,2.857,2.858,2.85,2.851,8204.96,2024-06-25 17:48:00
1719337740000,2.85,2.856,2.849,2.855,1613.37,2024-06-25 17:49:00
1719337800000,2.855,2.858,2.854,2.858,5401.18,2024-06-25 17:50:00
1719337860000,2.858,2.861,2.858,2.858,3079.34,2024-06-25 17:51:00
1719337920000,2.858,2.868,2.858,2.863,3305.17,2024-06-25 17:52:00
1719337980000,2.863,2.866,2.86,2.86,3594.74,2024-06-25 17:53:00
1719338040000,2.859,2.862,2.856,2.862,2730.45,2024-06-25 17:54:00
1719338100000,2.861,2.865,2.859,2.859,5508.25,2024-06-25 17:55:00
1719338160000,2.86,2.863,2.854,2.855,2866.6,2024-06-25 17:56:00
1719338220000,2.854,2.855,2.847,2.852,7469.56,2024-06-25 17:57:00
1719338280000,2.852,2.859,2.852,2.856,2273.41,2024-06-25 17:58:00
1719338340000,2.855,2.856,2.85,2.852,7253.58,2024-06-25 17:59:00
1719338400000,2.85,2.862,2.848,2.861,8644.88,2024-06-25 18:00:00
1719338460000,2.86,2.862,2.845,2.845,7767.18,2024-06-25 18:01:00
1719338520000,2.846,2.849,2.843,2.843,9615.8,2024-06-25 18:02:00
1719338580000,2.844,2.844,2.836,2.842,14293.81,2024-06-25 18:03:00
1719338640000,2.843,2.854,2.842,2.853,6116.07,2024-06-25 18:04:00
1719338700000,2.852,2.859,2.847,2.859,4948.6,2024-06-25 18:05:00
1719338760000,2.858,2.859,2.856,2.857,8652.21,2024-06-25 18:06:00
1719338820000,2.856,2.856,2.846,2.848,4285.97,2024-06-25 18:07:00
1719338880000,2.849,2.849,2.843,2.845,2770.5,2024-06-25 18:08:00
1719338940000,2.845,2.849,2.844,2.844,1550.28,2024-06-25 18:09:00
1719339000000,2.844,2.849,2.843,2.849,1958.53,2024-06-25 18:10:00
1719339060000,2.849,2.849,2.84,2.842,7231.16,2024-06-25 18:11:00
1719339120000,2.843,2.843,2.839,2.839,2859.12,2024-06-25 18:12:00
1719339180000,2.84,2.85,2.838,2.85,7301.75,2024-06-25 18:13:00
1719339240000,2.85,2.855,2.849,2.855,3376.62,2024-06-25 18:14:00
1719339300000,2.853,2.856,2.851,2.853,5689.34,2024-06-25 18:15:00
1719339360000,2.854,2.857,2.854,2.856,2214.87,2024-06-25 18:16:00
1719339420000,2.856,2.86,2.854,2.86,3508.85,2024-06-25 18:17:00
1719339480000,2.86,2.861,2.855,2.861,2742.83,2024-06-25 18:18:00
1719339540000,2.861,2.88,2.861,2.878,79598.94,2024-06-25 18:19:00
1719339600000,2.879,2.884,2.877,2.879,12693.29,2024-06-25 18:20:00
1719339660000,2.879,2.879,2.875,2.877,4182.25,2024-06-25 18:21:00
1719339720000,2.877,2.881,2.875,2.878,3265.05,2024-06-25 18:22:00
1719339780000,2.877,2.877,2.869,2.871,4041.4,2024-06-25 18:23:00
1719339840000,2.873,2.876,2.872,2.873,5865.21,2024-06-25 18:24:00
1719339900000,2.872,2.873,2.871,2.871,2100.48,2024-06-25 18:25:00
1719339960000,2.873,2.873,2.865,2.868,4427.09,2024-06-25 18:26:00
1719340020000,2.866,2.867,2.863,2.867,3995.93,2024-06-25 18:27:00
1719340080000,2.869,2.869,2.862,2.868,4433.5,2024-06-25 18:28:00
1719340140000,2.869,2.875,2.869,2.873,3678.87,2024-06-25 18:29:00
1719340200000,2.873,2.874,2.87,2.874,2382.57,2024-06-25 18:30:00
1719340260000,2.874,2.874,2.865,2.869,2153.29,2024-06-25 18:31:00
1719340320000,2.869,2.87,2.863,2.87,4596.45,2024-06-25 18:32:00
1719340380000,2.87,2.87,2.865,2.869,1011.19,2024-06-25 18:33:00
1719340440000,2.87,2.874,2.869,2.873,2266.95,2024-06-25 18:34:00
1719340500000,2.872,2.872,2.865,2.865,1525.91,2024-06-25 18:35:00
1719340560000,2.865,2.872,2.862,2.872,3225.53,2024-06-25 18:36:00
1719340620000,2.873,2.875,2.871,2.872,2158.37,2024-06-25 18:37:00
1719340680000,2.873,2.873,2.868,2.868,567.09,2024-06-25 18:38:00
1719340740000,2.87,2.87,2.862,2.865,8683.99,2024-06-25 18:39:00
1719340800000,2.865,2.865,2.858,2.863,5349.5,2024-06-25 18:40:00
1719340860000,2.863,2.865,2.863,2.865,1013.96,2024-06-25 18:41:00
1719340920000,2.867,2.867,2.858,2.86,9894.07,2024-06-25 18:42:00
1719340980000,2.861,2.865,2.861,2.865,1520.17,2024-06-25 18:43:00
1719341040000,2.865,2.866,2.865,2.865,564.62,2024-06-25 18:44:00
1719341100000,2.865,2.867,2.862,2.866,3416.89,2024-06-25 18:45:00
1719341160000,2.867,2.871,2.863,2.871,14356.63,2024-06-25 18:46:00
1719341220000,2.87,2.875,2.87,2.875,2389.71,2024-06-25 18:47:00
1719341280000,2.875,2.875,2.862,2.862,2444.69,2024-06-25 18:48:00
1719341340000,2.862,2.863,2.859,2.859,3487.76,2024-06-25 18:49:00
1719341400000,2.858,2.859,2.855,2.857,2525.32,2024-06-25 18:50:00
1719341460000,2.856,2.861,2.854,2.856,5448.95,2024-06-25 18:51:00
1719341520000,2.856,2.865,2.856,2.863,2930.05,2024-06-25 18:52:00
1719341580000,2.864,2.865,2.862,2.864,2612.72,2024-06-25 18:53:00
1719341640000,2.865,2.869,2.865,2.868,2514.9,2024-06-25 18:54:00
1719341700000,2.867,2.867,2.859,2.859,3652.01,2024-06-25 18:55:00
1719341760000,2.859,2.859,2.856,2.859,2520.26,2024-06-25 18:56:00
1719341820000,2.859,2.865,2.859,2.865,2449.21,2024-06-25 18:57:00
1719341880000,2.866,2.866,2.858,2.859,8179.68,2024-06-25 18:58:00
1719341940000,2.858,2.859,2.853,2.854,8560.12,2024-06-25 18:59:00
1719342000000,2.855,2.858,2.851,2.855,6198.16,2024-06-25 19:00:00
1719342060000,2.854,2.859,2.854,2.858,2988.36,2024-06-25 19:01:00
1719342120000,2.858,2.858,2.854,2.854,1355.41,2024-06-25 19:02:00
1719342180000,2.855,2.864,2.855,2.857,9237.75,2024-06-25 19:03:00
1719342240000,2.857,2.857,2.85,2.851,4282.93,2024-06-25 19:04:00
1719342300000,2.85,2.852,2.847,2.852,11871.26,2024-06-25 19:05:00
1719342360000,2.852,2.852,2.846,2.846,4383.97,2024-06-25 19:06:00
1719342420000,2.847,2.848,2.846,2.846,1581.26,2024-06-25 19:07:00
1719342480000,2.845,2.846,2.838,2.841,5443.52,2024-06-25 19:08:00
1719342540000,2.84,2.841,2.839,2.839,2327.59,2024-06-25 19:09:00
1719342600000,2.839,2.839,2.837,2.838,1549.62,2024-06-25 19:10:00
1719342660000,2.839,2.841,2.833,2.841,14078.31,2024-06-25 19:11:00
1719342720000,2.84,2.845,2.837,2.838,9569.38,2024-06-25 19:12:00
1719342780000,2.837,2.84,2.835,2.837,3517.92,2024-06-25 19:13:00
1719342840000,2.837,2.847,2.837,2.847,5690.17,2024-06-25 19:14:00
1719342900000,2.845,2.846,2.841,2.841,2612.48,2024-06-25 19:15:00
1719342960000,2.841,2.843,2.837,2.843,4164.73,2024-06-25 19:16:00
1719343020000,2.844,2.845,2.84,2.845,8890.07,2024-06-25 19:17:00
1719343080000,2.844,2.845,2.839,2.841,2517.86,2024-06-25 19:18:00
1719343140000,2.838,2.838,2.837,2.837,108.15,2024-06-25 19:19:00
1719343200000,2.837,2.838,2.819,2.825,124671.44,2024-06-25 19:20:00
1719343260000,2.825,2.828,2.824,2.826,3630.85,2024-06-25 19:21:00
1719343320000,2.827,2.829,2.826,2.829,1090.32,2024-06-25 19:22:00
1719343380000,2.829,2.83,2.823,2.824,3988.56,2024-06-25 19:23:00
1719343440000,2.824,2.825,2.822,2.824,2043.01,2024-06-25 19:24:00
1719343500000,2.824,2.826,2.822,2.823,3152.67,2024-06-25 19:25:00
1719343560000,2.823,2.823,2.819,2.819,8862.31,2024-06-25 19:26:00
1719343620000,2.819,2.82,2.817,2.819,4823.53,2024-06-25 19:27:00
1719343680000,2.818,2.827,2.818,2.825,7163.43,2024-06-25 19:28:00
1719343740000,2.826,2.826,2.824,2.824,1029.83,2024-06-25 19:29:00
1719343800000,2.824,2.824,2.819,2.82,3984.15,2024-06-25 19:30:00
1719343860000,2.82,2.82,2.816,2.819,3682.6,2024-06-25 19:31:00
1719343920000,2.819,2.819,2.815,2.817,5731.79,2024-06-25 19:32:00
1719343980000,2.816,2.817,2.814,2.816,3008.23,2024-06-25 19:33:00
1719344040000,2.816,2.82,2.816,2.82,1676.37,2024-06-25 19:34:00
1719344100000,2.819,2.821,2.816,2.82,3023.45,2024-06-25 19:35:00
1719344160000,2.821,2.823,2.819,2.82,3150.22,2024-06-25 19:36:00
1719344220000,2.819,2.82,2.815,2.815,3350.8,2024-06-25 19:37:00
1719344280000,2.815,2.816,2.812,2.816,3441.09,2024-06-25 19:38:00
1719344340000,2.816,2.817,2.814,2.814,1797.52,2024-06-25 19:39:00
1719344400000,2.814,2.826,2.814,2.826,3644.67,2024-06-25 19:40:00
1719344460000,2.826,2.831,2.824,2.824,7286.28,2024-06-25 19:41:00
1719344520000,2.824,2.826,2.823,2.826,5130.63,2024-06-25 19:42:00
1719344580000,2.825,2.825,2.823,2.824,5118.87,2024-06-25 19:43:00
1719344640000,2.824,2.826,2.822,2.825,3817.45,2024-06-25 19:44:00
1719344700000,2.826,2.826,2.823,2.823,4003.47,2024-06-25 19:45:00
1719344760000,2.823,2.823,2.82,2.821,1462.45,2024-06-25 19:46:00
1719344820000,2.821,2.821,2.819,2.819,2313.49,2024-06-25 19:47:00
1719344880000,2.819,2.83,2.818,2.83,3722.64,2024-06-25 19:48:00
1719344940000,2.83,2.83,2.824,2.824,8557.56,2024-06-25 19:49:00
1719345000000,2.824,2.829,2.823,2.829,4178.14,2024-06-25 19:50:00
1719345060000,2.829,2.833,2.829,2.832,4151.9,2024-06-25 19:51:00
1719345120000,2.832,2.834,2.83,2.833,2253.38,2024-06-25 19:52:00
1719345180000,2.833,2.834,2.831,2.833,5322.84,2024-06-25 19:53:00
1719345240000,2.833,2.839,2.833,2.839,3002.95,2024-06-25 19:54:00
1719345300000,2.839,2.841,2.836,2.839,5124.09,2024-06-25 19:55:00
1719345360000,2.84,2.843,2.839,2.839,2600.67,2024-06-25 19:56:00
1719345420000,2.838,2.842,2.835,2.842,5125.02,2024-06-25 19:57:00
1719345480000,2.841,2.842,2.837,2.84,4558.28,2024-06-25 19:58:00
1719345540000,2.841,2.841,2.833,2.833,1481.65,2024-06-25 19:59:00
1719345600000,2.834,2.837,2.832,2.836,2894.25,2024-06-25 20:00:00
1719345660000,2.839,2.84,2.833,2.833,2379.28,2024-06-25 20:01:00
1719345720000,2.832,2.834,2.828,2.834,2551.66,2024-06-25 20:02:00
1719345780000,2.835,2.839,2.834,2.839,2295.68,2024-06-25 20:03:00
1719345840000,2.838,2.838,2.831,2.831,2548.9,2024-06-25 20:04:00
1719345900000,2.831,2.837,2.831,2.834,1594.52,2024-06-25 20:05:00
1719345960000,2.836,2.837,2.834,2.834,1012.29,2024-06-25 20:06:00
1719346020000,2.834,2.837,2.833,2.837,1456.15,2024-06-25 20:07:00
1719346080000,2.838,2.838,2.832,2.832,4542.56,2024-06-25 20:08:00
1719346140000,2.831,2.834,2.83,2.833,4817.81,2024-06-25 20:09:00
1719346200000,2.831,2.832,2.829,2.83,687.53,2024-06-25 20:10:00
1719346260000,2.831,2.831,2.825,2.825,1078.6,2024-06-25 20:11:00
1719346320000,2.825,2.828,2.825,2.826,2459.55,2024-06-25 20:12:00
1719346380000,2.827,2.828,2.826,2.828,3360.45,2024-06-25 20:13:00
1719346440000,2.829,2.829,2.825,2.825,709.4,2024-06-25 20:14:00
1719346500000,2.824,2.832,2.823,2.832,1404.21,2024-06-25 20:15:00
1719346560000,2.832,2.832,2.83,2.83,354.35,2024-06-25 20:16:00
1719346620000,2.83,2.836,2.83,2.836,916.09,2024-06-25 20:17:00
1719346680000,2.836,2.837,2.832,2.834,714.69,2024-06-25 20:18:00
1719346740000,2.834,2.835,2.833,2.835,488.42,2024-06-25 20:19:00
1719346800000,2.835,2.835,2.834,2.835,2850.52,2024-06-25 20:20:00
1719346860000,2.835,2.836,2.835,2.835,1907.23,2024-06-25 20:21:00
1719346920000,2.836,2.837,2.83,2.83,2027.36,2024-06-25 20:22:00
1719346980000,2.831,2.836,2.831,2.836,3071.13,2024-06-25 20:23:00
1719347040000,2.835,2.836,2.835,2.835,709.03,2024-06-25 20:24:00
1719347100000,2.835,2.839,2.835,2.838,2426.2,2024-06-25 20:25:00
1719347160000,2.836,2.838,2.836,2.836,481.77,2024-06-25 20:26:00
1719347220000,2.836,2.837,2.834,2.835,9346.22,2024-06-25 20:27:00
1719347280000,2.834,2.839,2.834,2.837,7230.1,2024-06-25 20:28:00
1719347340000,2.838,2.839,2.835,2.835,1005.07,2024-06-25 20:29:00
1719347400000,2.835,2.837,2.834,2.834,3372.83,2024-06-25 20:30:00
1719347460000,2.836,2.837,2.834,2.835,880.89,2024-06-25 20:31:00
1719347520000,2.834,2.834,2.829,2.829,1062.78,2024-06-25 20:32:00
1719347580000,2.83,2.832,2.83,2.832,630.62,2024-06-25 20:33:00
1719347640000,2.831,2.834,2.83,2.834,1292.69,2024-06-25 20:34:00
1719347700000,2.834,2.837,2.833,2.837,1185.97,2024-06-25 20:35:00
1719347760000,2.836,2.837,2.832,2.832,2944.66,2024-06-25 20:36:00
1719347820000,2.832,2.833,2.83,2.83,1843.47,2024-06-25 20:37:00
1719347880000,2.831,2.831,2.831,2.831,20.82,2024-06-25 20:38:00
1719347940000,2.831,2.832,2.83,2.831,882.39,2024-06-25 20:39:00
1719348000000,2.83,2.831,2.829,2.831,449.08,2024-06-25 20:40:00
1719348060000,2.831,2.833,2.831,2.831,1005.66,2024-06-25 20:41:00
1719348120000,2.829,2.829,2.825,2.825,3256.45,2024-06-25 20:42:00
1719348180000,2.826,2.83,2.826,2.83,665.88,2024-06-25 20:43:00
1719348240000,2.828,2.828,2.82,2.821,4737.63,2024-06-25 20:44:00
1719348300000,2.82,2.822,2.82,2.821,2109.27,2024-06-25 20:45:00
1719348360000,2.822,2.823,2.821,2.822,1782.82,2024-06-25 20:46:00
1719348420000,2.822,2.822,2.819,2.822,1703.58,2024-06-25 20:47:00
1719348480000,2.823,2.828,2.823,2.827,1676.44,2024-06-25 20:48:00
1719348540000,2.826,2.826,2.819,2.82,3299.09,2024-06-25 20:49:00
1719348600000,2.821,2.824,2.821,2.822,2267.11,2024-06-25 20:50:00
1719348660000,2.823,2.823,2.819,2.819,4565.02,2024-06-25 20:51:00
1719348720000,2.819,2.828,2.819,2.827,18090.88,2024-06-25 20:52:00
1719348780000,2.827,2.828,2.821,2.821,2213.07,2024-06-25 20:53:00
1719348840000,2.82,2.821,2.816,2.816,3568.37,2024-06-25 20:54:00
1719348900000,2.817,2.827,2.817,2.827,18129.75,2024-06-25 20:55:00
1719348960000,2.829,2.829,2.823,2.823,2659.87,2024-06-25 20:56:00
1719349020000,2.824,2.824,2.822,2.822,964.1,2024-06-25 20:57:00
1719349080000,2.823,2.823,2.819,2.819,2968.27,2024-06-25 20:58:00
1719349140000,2.819,2.827,2.819,2.825,3351.43,2024-06-25 20:59:00
1719349200000,2.825,2.825,2.823,2.823,2040.31,2024-06-25 21:00:00
1719349260000,2.823,2.823,2.818,2.818,2456.55,2024-06-25 21:01:00
1719349320000,2.819,2.819,2.816,2.816,1210.96,2024-06-25 21:02:00
1719349380000,2.817,2.817,2.815,2.817,769.11,2024-06-25 21:03:00
1719349440000,2.817,2.817,2.81,2.811,11730.0,2024-06-25 21:04:00
1719349500000,2.811,2.814,2.809,2.81,9549.3,2024-06-25 21:05:00
1719349560000,2.81,2.812,2.809,2.811,12319.69,2024-06-25 21:06:00
1719349620000,2.811,2.811,2.805,2.807,6588.83,2024-06-25 21:07:00
1719349680000,2.806,2.812,2.805,2.812,5110.19,2024-06-25 21:08:00
1719349740000,2.812,2.812,2.805,2.806,16394.5,2024-06-25 21:09:00
1719349800000,2.808,2.808,2.803,2.805,11481.7,2024-06-25 21:10:00
1719349860000,2.804,2.806,2.803,2.805,1721.12,2024-06-25 21:11:00
1719349920000,2.805,2.808,2.804,2.807,6414.85,2024-06-25 21:12:00
1719349980000,2.806,2.811,2.805,2.808,3089.18,2024-06-25 21:13:00
1719350040000,2.808,2.808,2.794,2.802,32964.02,2024-06-25 21:14:00
1719350100000,2.801,2.808,2.8,2.808,4491.31,2024-06-25 21:15:00
1719350160000,2.808,2.808,2.807,2.808,2681.92,2024-06-25 21:16:00
1719350220000,2.808,2.809,2.807,2.809,2064.25,2024-06-25 21:17:00
1719350280000,2.809,2.81,2.808,2.81,5261.65,2024-06-25 21:18:00
1719350340000,2.809,2.813,2.809,2.813,3730.01,2024-06-25 21:19:00
1719350400000,2.813,2.819,2.813,2.819,6471.99,2024-06-25 21:20:00
1719350460000,2.819,2.82,2.818,2.82,3096.27,2024-06-25 21:21:00
1719350520000,2.82,2.821,2.82,2.821,2094.66,2024-06-25 21:22:00
1719350580000,2.822,2.823,2.82,2.822,4387.89,2024-06-25 21:23:00
1719350640000,2.824,2.829,2.823,2.826,14959.27,2024-06-25 21:24:00
1719350700000,2.825,2.828,2.824,2.828,1952.51,2024-06-25 21:25:00
1719350760000,2.828,2.828,2.825,2.825,1204.55,2024-06-25 21:26:00
1719350820000,2.825,2.825,2.821,2.822,5273.14,2024-06-25 21:27:00
1719350880000,2.821,2.828,2.821,2.828,7245.55,2024-06-25 21:28:00
1719350940000,2.827,2.829,2.826,2.827,3236.62,2024-06-25 21:29:00
1719351000000,2.827,2.827,2.823,2.824,2736.86,2024-06-25 21:30:00
1719351060000,2.823,2.829,2.822,2.828,3597.05,2024-06-25 21:31:00
1719351120000,2.828,2.83,2.827,2.829,1875.29,2024-06-25 21:32:00
1719351180000,2.828,2.828,2.827,2.828,1541.02,2024-06-25 21:33:00
1719351240000,2.827,2.828,2.825,2.825,1032.0,2024-06-25 21:34:00
1719351300000,2.825,2.825,2.822,2.824,4853.53,2024-06-25 21:35:00
1719351360000,2.824,2.824,2.822,2.822,2406.18,2024-06-25 21:36:00
1719351420000,2.822,2.823,2.818,2.818,1956.34,2024-06-25 21:37:00
1719351480000,2.818,2.82,2.816,2.817,4313.27,2024-06-25 21:38:00
1719351540000,2.819,2.821,2.817,2.817,3879.26,2024-06-25 21:39:00
1719351600000,2.817,2.819,2.817,2.818,5778.06,2024-06-25 21:40:00
1719351660000,2.817,2.818,2.815,2.815,3427.61,2024-06-25 21:41:00
1719351720000,2.815,2.815,2.814,2.815,1779.64,2024-06-25 21:42:00
1719351780000,2.815,2.815,2.813,2.813,1258.38,2024-06-25 21:43:00
1719351840000,2.814,2.815,2.812,2.814,2211.35,2024-06-25 21:44:00
1719351900000,2.813,2.813,2.812,2.813,1423.78,2024-06-25 21:45:00
1719351960000,2.814,2.814,2.811,2.811,977.59,2024-06-25 21:46:00
1719352020000,2.812,2.813,2.81,2.813,2267.6,2024-06-25 21:47:00
1719352080000,2.812,2.812,2.808,2.809,4431.82,2024-06-25 21:48:00
1719352140000,2.809,2.809,2.807,2.809,269.75,2024-06-25 21:49:00
1719352200000,2.809,2.809,2.807,2.807,1624.37,2024-06-25 21:50:00
1719352260000,2.807,2.808,2.803,2.804,6868.31,2024-06-25 21:51:00
1719352320000,2.804,2.804,2.803,2.803,2151.72,2024-06-25 21:52:00
1719352380000,2.804,2.804,2.803,2.804,101.78,2024-06-25 21:53:00
1719352440000,2.804,2.804,2.801,2.801,3428.74,2024-06-25 21:54:00
1719352500000,2.801,2.804,2.801,2.802,6861.25,2024-06-25 21:55:00
1719352560000,2.802,2.802,2.801,2.801,251.58,2024-06-25 21:56:00
1719352620000,2.801,2.801,2.797,2.797,5987.41,2024-06-25 21:57:00
1719352680000,2.797,2.797,2.796,2.797,1783.63,2024-06-25 21:58:00
1719352740000,2.796,2.806,2.796,2.804,12885.91,2024-06-25 21:59:00
1719352800000,2.804,2.808,2.802,2.802,11735.43,2024-06-25 22:00:00
1719352860000,2.802,2.803,2.801,2.801,2117.72,2024-06-25 22:01:00
1719352920000,2.802,2.802,2.797,2.797,7101.01,2024-06-25 22:02:00
1719352980000,2.797,2.801,2.796,2.801,5503.07,2024-06-25 22:03:00
1719353040000,2.8,2.806,2.8,2.805,5171.34,2024-06-25 22:04:00
1719353100000,2.805,2.809,2.805,2.809,2321.14,2024-06-25 22:05:00
1719353160000,2.81,2.811,2.81,2.811,1969.79,2024-06-25 22:06:00
1719353220000,2.81,2.813,2.805,2.812,12750.06,2024-06-25 22:07:00
1719353280000,2.812,2.816,2.812,2.813,8455.03,2024-06-25 22:08:00
1719353340000,2.813,2.813,2.806,2.806,6515.46,2024-06-25 22:09:00
1719353400000,2.807,2.813,2.807,2.813,5203.75,2024-06-25 22:10:00
1719353460000,2.812,2.812,2.804,2.811,10016.03,2024-06-25 22:11:00
1719353520000,2.81,2.81,2.806,2.807,3364.71,2024-06-25 22:12:00
1719353580000,2.808,2.809,2.807,2.808,1109.87,2024-06-25 22:13:00
1719353640000,2.808,2.814,2.807,2.807,5837.31,2024-06-25 22:14:00
1719353700000,2.807,2.818,2.807,2.818,3969.29,2024-06-25 22:15:00
1719353760000,2.818,2.818,2.81,2.812,5359.69,2024-06-25 22:16:00
1719353820000,2.813,2.82,2.813,2.82,4356.41,2024-06-25 22:17:00
1719353880000,2.82,2.823,2.82,2.82,688.59,2024-06-25 22:18:00
1719353940000,2.819,2.819,2.812,2.814,4229.97,2024-06-25 22:19:00
1719354000000,2.814,2.821,2.814,2.821,3239.51,2024-06-25 22:20:00
1719354060000,2.82,2.82,2.812,2.813,2648.43,2024-06-25 22:21:00
1719354120000,2.815,2.818,2.812,2.817,5008.19,2024-06-25 22:22:00
1719354180000,2.817,2.817,2.809,2.809,3594.1,2024-06-25 22:23:00
1719354240000,2.81,2.81,2.809,2.809,82.63,2024-06-25 22:24:00
1719354300000,2.809,2.809,2.806,2.806,1134.23,2024-06-25 22:25:00
1719354360000,2.806,2.809,2.805,2.809,2928.13,2024-06-25 22:26:00
1719354420000,2.809,2.809,2.805,2.805,5060.21,2024-06-25 22:27:00
1719354480000,2.805,2.811,2.805,2.811,3242.65,2024-06-25 22:28:00
1719354540000,2.811,2.811,2.805,2.806,2912.67,2024-06-25 22:29:00
1719354600000,2.806,2.808,2.806,2.807,2618.87,2024-06-25 22:30:00
1719354660000,2.806,2.806,2.806,2.806,6.39,2024-06-25 22:31:00
1719354720000,2.806,2.811,2.806,2.811,2026.04,2024-06-25 22:32:00
1719354780000,2.81,2.81,2.804,2.804,2199.03,2024-06-25 22:33:00
1719354840000,2.805,2.807,2.805,2.806,1255.53,2024-06-25 22:34:00
1719354900000,2.806,2.811,2.806,2.808,3093.56,2024-06-25 22:35:00
1719354960000,2.808,2.81,2.807,2.808,2071.76,2024-06-25 22:36:00
1719355020000,2.807,2.807,2.802,2.803,1075.03,2024-06-25 22:37:00
1719355080000,2.802,2.803,2.8,2.8,1837.21,2024-06-25 22:38:00
1719355140000,2.8,2.8,2.788,2.79,42198.19,2024-06-25 22:39:00
1719355200000,2.79,2.794,2.79,2.791,3684.46,2024-06-25 22:40:00
1719355260000,2.791,2.791,2.788,2.789,2205.92,2024-06-25 22:41:00
1719355320000,2.789,2.791,2.784,2.789,11811.7,2024-06-25 22:42:00
1719355380000,2.788,2.789,2.786,2.787,1112.53,2024-06-25 22:43:00
1719355440000,2.787,2.79,2.787,2.79,1113.75,2024-06-25 22:44:00
1719355500000,2.79,2.79,2.784,2.784,1587.73,2024-06-25 22:45:00
1719355560000,2.785,2.791,2.785,2.791,3680.55,2024-06-25 22:46:00
1719355620000,2.791,2.791,2.785,2.786,2561.59,2024-06-25 22:47:00
1719355680000,2.787,2.787,2.784,2.784,1647.79,2024-06-25 22:48:00
1719355740000,2.785,2.786,2.782,2.784,6396.0,2024-06-25 22:49:00
1719355800000,2.784,2.786,2.774,2.775,29997.22,2024-06-25 22:50:00
1719355860000,2.777,2.781,2.777,2.78,2063.7,2024-06-25 22:51:00
1719355920000,2.78,2.78,2.778,2.779,670.69,2024-06-25 22:52:00
1719355980000,2.779,2.78,2.778,2.78,3903.08,2024-06-25 22:53:00
1719356040000,2.779,2.78,2.774,2.776,7876.34,2024-06-25 22:54:00
1719356100000,2.776,2.778,2.776,2.776,2727.18,2024-06-25 22:55:00
1719356160000,2.776,2.778,2.775,2.778,869.15,2024-06-25 22:56:00
1719356220000,2.777,2.777,2.763,2.767,26553.22,2024-06-25 22:57:00
1719356280000,2.768,2.773,2.768,2.773,2684.54,2024-06-25 22:58:00
1719356340000,2.773,2.777,2.773,2.776,4205.86,2024-06-25 22:59:00
1719356400000,2.776,2.776,2.766,2.773,28068.28,2024-06-25 23:00:00
1719356460000,2.773,2.776,2.773,2.776,2256.64,2024-06-25 23:01:00
1719356520000,2.775,2.775,2.767,2.77,21182.0,2024-06-25 23:02:00
1719356580000,2.771,2.771,2.767,2.768,6066.14,2024-06-25 23:03:00
1719356640000,2.767,2.768,2.759,2.765,16166.68,2024-06-25 23:04:00
1719356700000,2.765,2.77,2.764,2.768,10552.41,2024-06-25 23:05:00
1719356760000,2.768,2.768,2.758,2.759,12344.45,2024-06-25 23:06:00
1719356820000,2.759,2.763,2.759,2.763,6550.18,2024-06-25 23:07:00
1719356880000,2.763,2.763,2.756,2.756,5378.22,2024-06-25 23:08:00
1719356940000,2.757,2.757,2.754,2.756,3537.76,2024-06-25 23:09:00
1719357000000,2.756,2.758,2.753,2.758,7819.84,2024-06-25 23:10:00
1719357060000,2.758,2.758,2.749,2.752,10051.5,2024-06-25 23:11:00
1719357120000,2.753,2.754,2.753,2.754,583.8,2024-06-25 23:12:00
1719357180000,2.754,2.754,2.74,2.742,27476.73,2024-06-25 23:13:00
1719357240000,2.742,2.745,2.74,2.745,11551.23,2024-06-25 23:14:00
1719357300000,2.744,2.746,2.744,2.746,1510.72,2024-06-25 23:15:00
1719357360000,2.746,2.748,2.746,2.747,3144.81,2024-06-25 23:16:00
1719357420000,2.747,2.749,2.747,2.749,2527.31,2024-06-25 23:17:00
1719357480000,2.749,2.75,2.748,2.75,1711.36,2024-06-25 23:18:00
1719357540000,2.75,2.753,2.749,2.751,5180.69,2024-06-25 23:19:00
1719357600000,2.751,2.751,2.745,2.746,2506.5,2024-06-25 23:20:00
1719357660000,2.745,2.748,2.744,2.748,2810.95,2024-06-25 23:21:00
1719357720000,2.748,2.75,2.746,2.75,1628.8,2024-06-25 23:22:00
1719357780000,2.749,2.752,2.749,2.751,2298.71,2024-06-25 23:23:00
1719357840000,2.751,2.751,2.747,2.749,2800.94,2024-06-25 23:24:00
1719357900000,2.749,2.753,2.749,2.751,3515.34,2024-06-25 23:25:00
1719357960000,2.751,2.753,2.751,2.753,541.98,2024-06-25 23:26:00
1719358020000,2.754,2.755,2.753,2.754,1309.05,2024-06-25 23:27:00
1719358080000,2.754,2.754,2.75,2.753,2973.2,2024-06-25 23:28:00
1719358140000,2.753,2.753,2.752,2.752,329.14,2024-06-25 23:29:00
1719358200000,2.752,2.755,2.752,2.755,2043.71,2024-06-25 23:30:00
1719358260000,2.754,2.756,2.753,2.754,4391.49,2024-06-25 23:31:00
1719358320000,2.755,2.759,2.754,2.757,2547.92,2024-06-25 23:32:00
1719358380000,2.759,2.763,2.758,2.762,4716.67,2024-06-25 23:33:00
1719358440000,2.763,2.764,2.76,2.763,3887.66,2024-06-25 23:34:00
1719358500000,2.763,2.764,2.762,2.762,3018.94,2024-06-25 23:35:00
1719358560000,2.762,2.762,2.756,2.759,1323.53,2024-06-25 23:36:00
1719358620000,2.759,2.761,2.759,2.76,2179.66,2024-06-25 23:37:00
1719358680000,2.759,2.759,2.753,2.754,4102.27,2024-06-25 23:38:00
1719358740000,2.754,2.759,2.754,2.759,3085.98,2024-06-25 23:39:00
1719358800000,2.758,2.76,2.756,2.759,2153.69,2024-06-25 23:40:00
1719358860000,2.759,2.761,2.759,2.761,955.17,2024-06-25 23:41:00
1719358920000,2.76,2.76,2.758,2.758,3667.81,2024-06-25 23:42:00
1719358980000,2.759,2.762,2.758,2.762,7613.05,2024-06-25 23:43:00
1719359040000,2.76,2.76,2.758,2.758,6465.82,2024-06-25 23:44:00
1719359100000,2.758,2.761,2.757,2.761,2601.43,2024-06-25 23:45:00
1719359160000,2.761,2.763,2.761,2.762,4257.87,2024-06-25 23:46:00
1719359220000,2.761,2.766,2.76,2.765,5121.1,2024-06-25 23:47:00
1719359280000,2.764,2.765,2.761,2.761,2285.75,2024-06-25 23:48:00
1719359340000,2.761,2.765,2.76,2.763,8728.65,2024-06-25 23:49:00
1719359400000,2.764,2.764,2.76,2.761,4015.6,2024-06-25 23:50:00
1719359460000,2.761,2.767,2.761,2.766,6675.86,2024-06-25 23:51:00
1719359520000,2.767,2.768,2.766,2.767,3938.91,2024-06-25 23:52:00
1719359580000,2.766,2.768,2.765,2.768,2567.99,2024-06-25 23:53:00
1719359640000,2.767,2.769,2.766,2.768,4227.08,2024-06-25 23:54:00
1719359700000,2.769,2.77,2.767,2.768,4782.74,2024-06-25 23:55:00
1719359760000,2.767,2.768,2.767,2.768,357.9,2024-06-25 23:56:00
1719359820000,2.769,2.769,2.768,2.769,214.41,2024-06-25 23:57:00
1719359880000,2.769,2.77,2.768,2.769,668.46,2024-06-25 23:58:00
1719359940000,2.768,2.769,2.768,2.768,756.81,2024-06-25 23:59:00
1719360000000,2.768,2.768,2.765,2.766,3977.32,2024-06-26 00:00:00
1719360060000,2.766,2.766,2.758,2.758,7123.93,2024-06-26 00:01:00
1719360120000,2.757,2.757,2.752,2.752,3530.82,2024-06-26 00:02:00
1719360180000,2.752,2.752,2.746,2.749,7254.47,2024-06-26 00:03:00
1719360240000,2.748,2.748,2.745,2.746,4285.33,2024-06-26 00:04:00
1719360300000,2.746,2.746,2.74,2.742,7367.79,2024-06-26 00:05:00
1719360360000,2.742,2.749,2.742,2.749,6239.12,2024-06-26 00:06:00
1719360420000,2.749,2.75,2.748,2.749,3147.32,2024-06-26 00:07:00
1719360480000,2.75,2.75,2.749,2.749,213.24,2024-06-26 00:08:00
1719360540000,2.751,2.754,2.75,2.753,2213.21,2024-06-26 00:09:00
1719360600000,2.753,2.756,2.752,2.755,9371.82,2024-06-26 00:10:00
1719360660000,2.754,2.755,2.753,2.754,1228.22,2024-06-26 00:11:00
1719360720000,2.753,2.753,2.743,2.744,4069.69,2024-06-26 00:12:00
1719360780000,2.744,2.747,2.735,2.737,19451.37,2024-06-26 00:13:00
1719360840000,2.736,2.739,2.731,2.738,14005.41,2024-06-26 00:14:00
1719360900000,2.738,2.741,2.735,2.735,2510.6,2024-06-26 00:15:00
1719360960000,2.736,2.743,2.736,2.743,3256.81,2024-06-26 00:16:00
1719361020000,2.742,2.748,2.742,2.745,2711.7,2024-06-26 00:17:00
1719361080000,2.745,2.748,2.743,2.747,3868.36,2024-06-26 00:18:00
1719361140000,2.748,2.75,2.747,2.749,1936.43,2024-06-26 00:19:00
1719361200000,2.749,2.752,2.749,2.749,2125.16,2024-06-26 00:20:00
1719361260000,2.75,2.75,2.749,2.75,1506.22,2024-06-26 00:21:00
1719361320000,2.748,2.749,2.745,2.749,2240.74,2024-06-26 00:22:00
1719361380000,2.748,2.748,2.742,2.742,7324.94,2024-06-26 00:23:00
1719361440000,2.743,2.743,2.738,2.739,1862.47,2024-06-26 00:24:00
1719361500000,2.739,2.746,2.739,2.745,2367.21,2024-06-26 00:25:00
1719361560000,2.747,2.75,2.747,2.749,1229.35,2024-06-26 00:26:00
1719361620000,2.75,2.75,2.747,2.747,612.64,2024-06-26 00:27:00
1719361680000,2.747,2.751,2.747,2.751,582.91,2024-06-26 00:28:00
1719361740000,2.75,2.75,2.746,2.747,1629.52,2024-06-26 00:29:00
1719361800000,2.746,2.748,2.744,2.748,4413.89,2024-06-26 00:30:00
1719361860000,2.748,2.753,2.748,2.753,1353.0,2024-06-26 00:31:00
1719361920000,2.753,2.753,2.745,2.745,3593.31,2024-06-26 00:32:00
1719361980000,2.744,2.744,2.741,2.741,2018.69,2024-06-26 00:33:00
1719362040000,2.74,2.742,2.738,2.739,2504.3,2024-06-26 00:34:00
1719362100000,2.739,2.739,2.735,2.736,2882.42,2024-06-26 00:35:00
1719362160000,2.736,2.74,2.735,2.736,3851.32,2024-06-26 00:36:00
1719362220000,2.736,2.737,2.734,2.735,3989.23,2024-06-26 00:37:00
1719362280000,2.735,2.74,2.734,2.74,1438.44,2024-06-26 00:38:00
1719362340000,2.739,2.739,2.734,2.738,5738.6,2024-06-26 00:39:00
1719362400000,2.737,2.737,2.73,2.732,5054.12,2024-06-26 00:40:00
1719362460000,2.731,2.731,2.727,2.73,4795.02,2024-06-26 00:41:00
1719362520000,2.729,2.729,2.713,2.722,39822.48,2024-06-26 00:42:00
1719362580000,2.722,2.724,2.722,2.723,714.99,2024-06-26 00:43:00
1719362640000,2.722,2.722,2.72,2.72,4956.71,2024-06-26 00:44:00
1719362700000,2.721,2.725,2.721,2.725,1407.59,2024-06-26 00:45:00
1719362760000,2.725,2.731,2.725,2.731,2105.51,2024-06-26 00:46:00
1719362820000,2.731,2.731,2.73,2.731,110.35,2024-06-26 00:47:00
1719362880000,2.732,2.734,2.732,2.732,2201.6,2024-06-26 00:48:00
1719362940000,2.731,2.736,2.731,2.734,4348.7,2024-06-26 00:49:00
1719363000000,2.733,2.733,2.721,2.721,13615.23,2024-06-26 00:50:00
1719363060000,2.722,2.722,2.712,2.715,19056.92,2024-06-26 00:51:00
1719363120000,2.715,2.723,2.715,2.723,793.57,2024-06-26 00:52:00
1719363180000,2.723,2.723,2.718,2.72,1670.54,2024-06-26 00:53:00
1719363240000,2.72,2.721,2.717,2.721,1584.82,2024-06-26 00:54:00
1719363300000,2.722,2.725,2.722,2.725,3580.55,2024-06-26 00:55:00
1719363360000,2.726,2.728,2.724,2.728,966.52,2024-06-26 00:56:00
1719363420000,2.726,2.728,2.726,2.727,644.65,2024-06-26 00:57:00
1719363480000,2.726,2.726,2.718,2.722,4431.84,2024-06-26 00:58:00
1719363540000,2.722,2.723,2.721,2.723,688.64,2024-06-26 00:59:00
1719363600000,2.722,2.727,2.72,2.726,3407.32,2024-06-26 01:00:00
1719363660000,2.725,2.734,2.724,2.73,7277.97,2024-06-26 01:01:00
1719363720000,2.73,2.73,2.725,2.729,5726.68,2024-06-26 01:02:00
1719363780000,2.729,2.729,2.716,2.717,8812.66,2024-06-26 01:03:00
1719363840000,2.716,2.716,2.706,2.713,13851.22,2024-06-26 01:04:00
1719363900000,2.713,2.716,2.708,2.711,12153.11,2024-06-26 01:05:00
1719363960000,2.712,2.716,2.712,2.716,1536.35,2024-06-26 01:06:00
1719364020000,2.716,2.716,2.712,2.712,2807.21,2024-06-26 01:07:00
1719364080000,2.713,2.718,2.711,2.711,5559.75,2024-06-26 01:08:00
1719364140000,2.711,2.713,2.71,2.71,2424.0,2024-06-26 01:09:00
1719364200000,2.71,2.711,2.704,2.708,33909.38,2024-06-26 01:10:00
1719364260000,2.708,2.712,2.708,2.71,3838.48,2024-06-26 01:11:00
1719364320000,2.709,2.713,2.708,2.708,3808.7,2024-06-26 01:12:00
1719364380000,2.709,2.715,2.709,2.715,2103.41,2024-06-26 01:13:00
1719364440000,2.715,2.72,2.713,2.72,4388.86,2024-06-26 01:14:00
1719364500000,2.72,2.724,2.72,2.724,799.8,2024-06-26 01:15:00
1719364560000,2.725,2.728,2.724,2.727,1332.62,2024-06-26 01:16:00
1719364620000,2.727,2.73,2.724,2.728,4915.63,2024-06-26 01:17:00
1719364680000,2.73,2.732,2.727,2.729,5153.16,2024-06-26 01:18:00
1719364740000,2.731,2.735,2.73,2.732,3369.43,2024-06-26 01:19:00
1719364800000,2.731,2.735,2.73,2.733,8893.54,2024-06-26 01:20:00
1719364860000,2.733,2.74,2.733,2.74,20009.77,2024-06-26 01:21:00
1719364920000,2.739,2.74,2.73,2.73,3630.84,2024-06-26 01:22:00
1719364980000,2.729,2.74,2.729,2.734,25293.98,2024-06-26 01:23:00
1719365040000,2.734,2.739,2.732,2.732,1839.45,2024-06-26 01:24:00
1719365100000,2.732,2.736,2.726,2.728,10323.43,2024-06-26 01:25:00
1719365160000,2.727,2.728,2.724,2.724,2553.53,2024-06-26 01:26:00
1719365220000,2.724,2.725,2.723,2.723,2610.54,2024-06-26 01:27:00
1719365280000,2.723,2.723,2.716,2.716,7085.83,2024-06-26 01:28:00
1719365340000,2.716,2.722,2.716,2.72,5083.13,2024-06-26 01:29:00
1719365400000,2.722,2.722,2.713,2.713,6343.11,2024-06-26 01:30:00
1719365460000,2.713,2.714,2.711,2.711,4958.27,2024-06-26 01:31:00
1719365520000,2.711,2.717,2.711,2.712,3486.5,2024-06-26 01:32:00
1719365580000,2.712,2.722,2.712,2.721,7419.51,2024-06-26 01:33:00
1719365640000,2.721,2.723,2.719,2.719,10557.53,2024-06-26 01:34:00
1719365700000,2.718,2.718,2.709,2.718,8339.36,2024-06-26 01:35:00
1719365760000,2.719,2.726,2.719,2.726,4257.54,2024-06-26 01:36:00
1719365820000,2.725,2.732,2.723,2.729,8468.8,2024-06-26 01:37:00
1719365880000,2.729,2.735,2.729,2.73,18679.8,2024-06-26 01:38:00
1719365940000,2.731,2.739,2.731,2.736,5315.42,2024-06-26 01:39:00
1719366000000,2.736,2.748,2.736,2.746,10698.97,2024-06-26 01:40:00
1719366060000,2.747,2.748,2.742,2.746,6232.8,2024-06-26 01:41:00
1719366120000,2.748,2.751,2.748,2.75,12389.74,2024-06-26 01:42:00
1719366180000,2.749,2.75,2.745,2.749,13766.77,2024-06-26 01:43:00
1719366240000,2.747,2.747,2.738,2.74,4834.91,2024-06-26 01:44:00
1719366300000,2.741,2.742,2.74,2.74,3557.16,2024-06-26 01:45:00
1719366360000,2.741,2.754,2.741,2.752,17615.27,2024-06-26 01:46:00
1719366420000,2.753,2.757,2.75,2.753,12530.59,2024-06-26 01:47:00
1719366480000,2.753,2.758,2.753,2.757,5979.92,2024-06-26 01:48:00
1719366540000,2.758,2.76,2.753,2.754,6466.58,2024-06-26 01:49:00
1719366600000,2.754,2.754,2.75,2.752,3895.54,2024-06-26 01:50:00
1719366660000,2.751,2.754,2.749,2.749,6499.12,2024-06-26 01:51:00
1719366720000,2.748,2.757,2.748,2.755,3779.93,2024-06-26 01:52:00
1719366780000,2.755,2.757,2.755,2.757,2009.33,2024-06-26 01:53:00
1719366840000,2.758,2.758,2.755,2.758,1875.63,2024-06-26 01:54:00
1719366900000,2.757,2.762,2.756,2.762,2376.72,2024-06-26 01:55:00
1719366960000,2.762,2.769,2.762,2.767,10922.98,2024-06-26 01:56:00
1719367020000,2.767,2.769,2.762,2.765,9244.99,2024-06-26 01:57:00
1719367080000,2.765,2.765,2.756,2.757,3979.07,2024-06-26 01:58:00
1719367140000,2.757,2.759,2.755,2.757,4123.22,2024-06-26 01:59:00
1719367200000,2.756,2.763,2.755,2.759,10860.93,2024-06-26 02:00:00
1719367260000,2.759,2.759,2.754,2.754,5295.95,2024-06-26 02:01:00
1719367320000,2.754,2.767,2.753,2.767,15271.49,2024-06-26 02:02:00
1719367380000,2.766,2.774,2.764,2.772,14610.86,2024-06-26 02:03:00
1719367440000,2.773,2.778,2.773,2.775,14508.77,2024-06-26 02:04:00
1719367500000,2.775,2.776,2.775,2.776,711.05,2024-06-26 02:05:00
1719367560000,2.775,2.786,2.77,2.782,54268.05,2024-06-26 02:06:00
1719367620000,2.783,2.793,2.783,2.79,12410.98,2024-06-26 02:07:00
1719367680000,2.791,2.799,2.791,2.796,5226.62,2024-06-26 02:08:00
1719367740000,2.795,2.795,2.789,2.791,11569.69,2024-06-26 02:09:00
1719367800000,2.791,2.798,2.791,2.794,7564.23,2024-06-26 02:10:00
1719367860000,2.794,2.8,2.794,2.798,7355.62,2024-06-26 02:11:00
1719367920000,2.798,2.798,2.79,2.794,3810.23,2024-06-26 02:12:00
1719367980000,2.793,2.797,2.79,2.79,9078.97,2024-06-26 02:13:00
1719368040000,2.789,2.792,2.788,2.791,16040.59,2024-06-26 02:14:00
1719368100000,2.792,2.797,2.792,2.797,6109.58,2024-06-26 02:15:00
1719368160000,2.797,2.799,2.796,2.798,4121.96,2024-06-26 02:16:00
1719368220000,2.798,2.813,2.798,2.808,19488.72,2024-06-26 02:17:00
1719368280000,2.808,2.81,2.8,2.8,7111.43,2024-06-26 02:18:00
1719368340000,2.8,2.802,2.791,2.791,10860.88,2024-06-26 02:19:00
1719368400000,2.791,2.792,2.787,2.788,10959.28,2024-06-26 02:20:00
1719368460000,2.786,2.786,2.78,2.782,7071.48,2024-06-26 02:21:00
1719368520000,2.781,2.795,2.78,2.786,8062.71,2024-06-26 02:22:00
1719368580000,2.788,2.795,2.787,2.795,3377.15,2024-06-26 02:23:00
1719368640000,2.794,2.799,2.793,2.798,21109.42,2024-06-26 02:24:00
1719368700000,2.798,2.798,2.79,2.797,6157.38,2024-06-26 02:25:00
1719368760000,2.797,2.799,2.795,2.796,1899.9,2024-06-26 02:26:00
1719368820000,2.797,2.799,2.794,2.794,2668.88,2024-06-26 02:27:00
1719368880000,2.793,2.797,2.793,2.795,2609.01,2024-06-26 02:28:00
1719368940000,2.795,2.795,2.786,2.787,3822.56,2024-06-26 02:29:00
1719369000000,2.786,2.793,2.785,2.792,4244.31,2024-06-26 02:30:00
1719369060000,2.791,2.796,2.79,2.793,5134.44,2024-06-26 02:31:00
1719369120000,2.793,2.796,2.793,2.793,4103.83,2024-06-26 02:32:00
1719369180000,2.792,2.794,2.789,2.789,6077.06,2024-06-26 02:33:00
1719369240000,2.788,2.788,2.78,2.78,10586.79,2024-06-26 02:34:00
1719369300000,2.779,2.782,2.777,2.777,9338.91,2024-06-26 02:35:00
1719369360000,2.777,2.784,2.777,2.784,7242.88,2024-06-26 02:36:00
1719369420000,2.784,2.786,2.78,2.78,2252.21,2024-06-26 02:37:00
1719369480000,2.781,2.782,2.778,2.779,3903.47,2024-06-26 02:38:00
1719369540000,2.779,2.785,2.779,2.784,3367.08,2024-06-26 02:39:00
1719369600000,2.784,2.784,2.774,2.775,9482.19,2024-06-26 02:40:00
1719369660000,2.774,2.775,2.768,2.768,5385.64,2024-06-26 02:41:00
1719369720000,2.768,2.775,2.768,2.772,5825.66,2024-06-26 02:42:00
1719369780000,2.772,2.778,2.77,2.771,11814.87,2024-06-26 02:43:00
1719369840000,2.77,2.773,2.766,2.77,11901.87,2024-06-26 02:44:00
1719369900000,2.77,2.77,2.762,2.765,2494.19,2024-06-26 02:45:00
1719369960000,2.764,2.765,2.759,2.762,6591.53,2024-06-26 02:46:00
1719370020000,2.762,2.762,2.756,2.758,5310.89,2024-06-26 02:47:00
1719370080000,2.757,2.758,2.75,2.754,14668.75,2024-06-26 02:48:00
1719370140000,2.754,2.757,2.751,2.753,5714.74,2024-06-26 02:49:00
1719370200000,2.754,2.755,2.748,2.748,19117.08,2024-06-26 02:50:00
1719370260000,2.749,2.758,2.749,2.758,6405.31,2024-06-26 02:51:00
1719370320000,2.758,2.758,2.748,2.748,16484.98,2024-06-26 02:52:00
1719370380000,2.749,2.75,2.747,2.748,3450.75,2024-06-26 02:53:00
1719370440000,2.747,2.749,2.746,2.749,1182.44,2024-06-26 02:54:00
1719370500000,2.749,2.749,2.741,2.745,10473.88,2024-06-26 02:55:00
1719370560000,2.743,2.745,2.741,2.743,1988.08,2024-06-26 02:56:00
1719370620000,2.744,2.744,2.737,2.74,4321.28,2024-06-26 02:57:00
1719370680000,2.738,2.74,2.737,2.738,2426.35,2024-06-26 02:58:00
1719370740000,2.738,2.741,2.734,2.74,6505.03,2024-06-26 02:59:00
1719370800000,2.74,2.742,2.736,2.742,4378.88,2024-06-26 03:00:00
1719370860000,2.743,2.746,2.741,2.742,6666.17,2024-06-26 03:01:00
1719370920000,2.742,2.742,2.735,2.737,8805.18,2024-06-26 03:02:00
1719370980000,2.737,2.737,2.73,2.732,5278.38,2024-06-26 03:03:00
1719371040000,2.732,2.732,2.727,2.732,10225.52,2024-06-26 03:04:00
1719371100000,2.732,2.732,2.724,2.725,8211.16,2024-06-26 03:05:00
1719371160000,2.724,2.729,2.72,2.729,20180.55,2024-06-26 03:06:00
1719371220000,2.73,2.736,2.726,2.733,2609.67,2024-06-26 03:07:00
1719371280000,2.734,2.734,2.727,2.728,5990.64,2024-06-26 03:08:00
1719371340000,2.727,2.727,2.722,2.726,1517.65,2024-06-26 03:09:00
1719371400000,2.725,2.729,2.722,2.729,1963.35,2024-06-26 03:10:00
1719371460000,2.728,2.73,2.727,2.73,6742.63,2024-06-26 03:11:00
1719371520000,2.73,2.731,2.729,2.731,2432.32,2024-06-26 03:12:00
1719371580000,2.731,2.733,2.729,2.731,17903.5,2024-06-26 03:13:00
1719371640000,2.731,2.731,2.723,2.724,8872.57,2024-06-26 03:14:00
1719371700000,2.723,2.727,2.723,2.725,2200.6,2024-06-26 03:15:00
1719371760000,2.725,2.73,2.725,2.729,2082.29,2024-06-26 03:16:00
1719371820000,2.73,2.731,2.729,2.73,4036.94,2024-06-26 03:17:00
1719371880000,2.73,2.73,2.725,2.725,6829.5,2024-06-26 03:18:00
1719371940000,2.725,2.725,2.72,2.72,7407.54,2024-06-26 03:19:00
1719372000000,2.721,2.723,2.72,2.722,12248.44,2024-06-26 03:20:00
1719372060000,2.722,2.722,2.72,2.721,16267.02,2024-06-26 03:21:00
1719372120000,2.72,2.72,2.715,2.716,36014.27,2024-06-26 03:22:00
1719372180000,2.715,2.719,2.715,2.719,3904.98,2024-06-26 03:23:00
1719372240000,2.718,2.718,2.712,2.715,6197.0,2024-06-26 03:24:00
1719372300000,2.713,2.713,2.708,2.71,5589.43,2024-06-26 03:25:00
1719372360000,2.711,2.711,2.706,2.706,10366.91,2024-06-26 03:26:00
1719372420000,2.706,2.715,2.706,2.715,5727.34,2024-06-26 03:27:00
1719372480000,2.714,2.714,2.701,2.701,20785.27,2024-06-26 03:28:00
1719372540000,2.701,2.706,2.701,2.706,12455.57,2024-06-26 03:29:00
1719372600000,2.706,2.708,2.699,2.706,20967.61,2024-06-26 03:30:00
1719372660000,2.707,2.709,2.704,2.709,5674.98,2024-06-26 03:31:00
1719372720000,2.709,2.714,2.704,2.704,31883.98,2024-06-26 03:32:00
1719372780000,2.705,2.708,2.695,2.696,14346.9,2024-06-26 03:33:00
1719372840000,2.696,2.697,2.691,2.694,14768.89,2024-06-26 03:34:00
1719372900000,2.694,2.694,2.69,2.692,9224.71,2024-06-26 03:35:00
1719372960000,2.691,2.699,2.691,2.697,16765.26,2024-06-26 03:36:00
1719373020000,2.697,2.698,2.695,2.697,6369.75,2024-06-26 03:37:00
1719373080000,2.697,2.699,2.697,2.699,1422.74,2024-06-26 03:38:00
1719373140000,2.699,2.704,2.697,2.704,14493.78,2024-06-26 03:39:00
1719373200000,2.703,2.708,2.703,2.708,2136.06,2024-06-26 03:40:00
1719373260000,2.708,2.714,2.708,2.712,3633.54,2024-06-26 03:41:00
1719373320000,2.712,2.712,2.708,2.711,5200.8,2024-06-26 03:42:00
1719373380000,2.712,2.713,2.707,2.708,2678.92,2024-06-26 03:43:00
1719373440000,2.708,2.714,2.708,2.714,5774.5,2024-06-26 03:44:00
1719373500000,2.713,2.717,2.713,2.715,10497.89,2024-06-26 03:45:00
1719373560000,2.715,2.718,2.714,2.716,3829.15,2024-06-26 03:46:00
1719373620000,2.716,2.719,2.715,2.715,3771.17,2024-06-26 03:47:00
1719373680000,2.715,2.72,2.714,2.72,3482.59,2024-06-26 03:48:00
1719373740000,2.721,2.722,2.72,2.721,1394.77,2024-06-26 03:49:00
1719373800000,2.721,2.721,2.713,2.713,8304.05,2024-06-26 03:50:00
1719373860000,2.712,2.717,2.712,2.716,1150.71,2024-06-26 03:51:00
1719373920000,2.716,2.718,2.716,2.716,1503.37,2024-06-26 03:52:00
1719373980000,2.715,2.721,2.714,2.716,8926.35,2024-06-26 03:53:00
1719374040000,2.716,2.721,2.716,2.721,1394.03,2024-06-26 03:54:00
1719374100000,2.721,2.723,2.711,2.711,7056.5,2024-06-26 03:55:00
1719374160000,2.711,2.716,2.711,2.714,5246.63,2024-06-26 03:56:00
1719374220000,2.713,2.715,2.712,2.714,3804.37,2024-06-26 03:57:00
1719374280000,2.714,2.718,2.713,2.718,1492.53,2024-06-26 03:58:00
1719374340000,2.718,2.719,2.715,2.716,3501.04,2024-06-26 03:59:00
1719374400000,2.715,2.719,2.715,2.716,2128.25,2024-06-26 04:00:00
1719374460000,2.716,2.717,2.713,2.714,3971.71,2024-06-26 04:01:00
1719374520000,2.713,2.716,2.713,2.713,6092.52,2024-06-26 04:02:00
1719374580000,2.713,2.713,2.709,2.71,2993.51,2024-06-26 04:03:00
1719374640000,2.711,2.717,2.71,2.716,2908.65,2024-06-26 04:04:00
1719374700000,2.716,2.716,2.708,2.709,4011.87,2024-06-26 04:05:00
1719374760000,2.708,2.709,2.703,2.703,2875.97,2024-06-26 04:06:00
1719374820000,2.703,2.703,2.698,2.698,3397.94,2024-06-26 04:07:00
1719374880000,2.698,2.71,2.697,2.701,22503.42,2024-06-26 04:08:00
1719374940000,2.702,2.709,2.701,2.709,3589.42,2024-06-26 04:09:00
1719375000000,2.709,2.709,2.705,2.707,2178.58,2024-06-26 04:10:00
1719375060000,2.707,2.712,2.707,2.711,1565.82,2024-06-26 04:11:00
1719375120000,2.711,2.715,2.71,2.715,3005.55,2024-06-26 04:12:00
1719375180000,2.715,2.718,2.713,2.713,5288.8,2024-06-26 04:13:00
1719375240000,2.714,2.719,2.712,2.713,4673.26,2024-06-26 04:14:00
1719375300000,2.713,2.713,2.708,2.709,4014.53,2024-06-26 04:15:00
1719375360000,2.708,2.708,2.705,2.708,2272.92,2024-06-26 04:16:00
1719375420000,2.708,2.712,2.708,2.712,2489.92,2024-06-26 04:17:00
1719375480000,2.711,2.713,2.708,2.712,3045.17,2024-06-26 04:18:00
1719375540000,2.712,2.719,2.71,2.719,7812.95,2024-06-26 04:19:00
1719375600000,2.719,2.723,2.717,2.72,9301.52,2024-06-26 04:20:00
1719375660000,2.72,2.72,2.717,2.717,1985.76,2024-06-26 04:21:00
1719375720000,2.717,2.719,2.716,2.719,940.23,2024-06-26 04:22:00
1719375780000,2.718,2.718,2.716,2.717,2497.47,2024-06-26 04:23:00
1719375840000,2.719,2.723,2.719,2.722,2426.09,2024-06-26 04:24:00
1719375900000,2.722,2.728,2.719,2.727,4824.19,2024-06-26 04:25:00
1719375960000,2.729,2.735,2.728,2.728,6423.0,2024-06-26 04:26:00
1719376020000,2.728,2.732,2.728,2.731,934.46,2024-06-26 04:27:00
1719376080000,2.731,2.732,2.727,2.732,3313.53,2024-06-26 04:28:00
1719376140000,2.733,2.735,2.732,2.733,2044.49,2024-06-26 04:29:00
1719376200000,2.733,2.736,2.727,2.729,4930.6,2024-06-26 04:30:00
1719376260000,2.728,2.73,2.727,2.73,1303.96,2024-06-26 04:31:00
1719376320000,2.729,2.73,2.723,2.723,2480.69,2024-06-26 04:32:00
1719376380000,2.721,2.722,2.72,2.721,8533.45,2024-06-26 04:33:00
1719376440000,2.721,2.726,2.721,2.725,2232.59,2024-06-26 04:34:00
1719376500000,2.726,2.726,2.717,2.717,4898.09,2024-06-26 04:35:00
1719376560000,2.717,2.718,2.714,2.715,6813.7,2024-06-26 04:36:00
1719376620000,2.714,2.716,2.711,2.712,3870.33,2024-06-26 04:37:00
1719376680000,2.712,2.712,2.706,2.706,4965.39,2024-06-26 04:38:00
1719376740000,2.706,2.706,2.702,2.702,4390.57,2024-06-26 04:39:00
1719376800000,2.702,2.705,2.701,2.704,22418.62,2024-06-26 04:40:00
1719376860000,2.704,2.711,2.704,2.709,4463.02,2024-06-26 04:41:00
1719376920000,2.709,2.709,2.7,2.706,9537.83,2024-06-26 04:42:00
1719376980000,2.704,2.704,2.7,2.701,4979.83,2024-06-26 04:43:00
1719377040000,2.704,2.704,2.697,2.697,4946.18,2024-06-26 04:44:00
1719377100000,2.697,2.697,2.693,2.697,9419.98,2024-06-26 04:45:00
1719377160000,2.698,2.698,2.693,2.694,5776.07,2024-06-26 04:46:00
1719377220000,2.694,2.698,2.694,2.698,4653.54,2024-06-26 04:47:00
1719377280000,2.698,2.698,2.692,2.692,3701.09,2024-06-26 04:48:00
1719377340000,2.693,2.702,2.693,2.702,3919.91,2024-06-26 04:49:00
1719377400000,2.702,2.702,2.694,2.697,3356.7,2024-06-26 04:50:00
1719377460000,2.697,2.697,2.692,2.696,1792.9,2024-06-26 04:51:00
1719377520000,2.696,2.7,2.696,2.697,2682.95,2024-06-26 04:52:00
1719377580000,2.696,2.697,2.695,2.695,2578.39,2024-06-26 04:53:00
1719377640000,2.696,2.697,2.679,2.686,68443.66,2024-06-26 04:54:00
1719377700000,2.686,2.689,2.686,2.689,2221.22,2024-06-26 04:55:00
1719377760000,2.689,2.689,2.685,2.687,3432.67,2024-06-26 04:56:00
1719377820000,2.687,2.687,2.683,2.684,8203.13,2024-06-26 04:57:00
1719377880000,2.685,2.685,2.671,2.674,20122.81,2024-06-26 04:58:00
1719377940000,2.674,2.678,2.672,2.675,4016.48,2024-06-26 04:59:00
1719378000000,2.675,2.68,2.673,2.677,10550.6,2024-06-26 05:00:00
1719378060000,2.677,2.677,2.67,2.672,20953.29,2024-06-26 05:01:00
1719378120000,2.672,2.676,2.667,2.671,22157.32,2024-06-26 05:02:00
1719378180000,2.672,2.679,2.672,2.679,6724.6,2024-06-26 05:03:00
1719378240000,2.679,2.679,2.673,2.676,5587.53,2024-06-26 05:04:00
1719378300000,2.675,2.68,2.669,2.68,13322.14,2024-06-26 05:05:00
1719378360000,2.682,2.689,2.68,2.688,12129.9,2024-06-26 05:06:00
1719378420000,2.688,2.689,2.684,2.689,2194.77,2024-06-26 05:07:00
1719378480000,2.688,2.693,2.684,2.691,5277.04,2024-06-26 05:08:00
1719378540000,2.691,2.691,2.687,2.689,2632.38,2024-06-26 05:09:00
1719378600000,2.688,2.688,2.679,2.68,2348.13,2024-06-26 05:10:00
1719378660000,2.68,2.681,2.678,2.679,1217.62,2024-06-26 05:11:00
1719378720000,2.679,2.681,2.675,2.679,6411.03,2024-06-26 05:12:00
1719378780000,2.679,2.682,2.679,2.681,2682.22,2024-06-26 05:13:00
1719378840000,2.68,2.685,2.679,2.685,2002.02,2024-06-26 05:14:00
1719378900000,2.685,2.688,2.679,2.686,8566.13,2024-06-26 05:15:00
1719378960000,2.685,2.685,2.679,2.68,10115.99,2024-06-26 05:16:00
1719379020000,2.681,2.682,2.675,2.675,3908.69,2024-06-26 05:17:00
1719379080000,2.675,2.676,2.673,2.673,1289.31,2024-06-26 05:18:00
1719379140000,2.673,2.673,2.669,2.67,2993.18,2024-06-26 05:19:00
1719379200000,2.67,2.67,2.661,2.661,14969.09,2024-06-26 05:20:00
1719379260000,2.662,2.671,2.66,2.671,18590.63,2024-06-26 05:21:00
1719379320000,2.671,2.676,2.67,2.675,2503.13,2024-06-26 05:22:00
1719379380000,2.675,2.677,2.673,2.673,7581.74,2024-06-26 05:23:00
1719379440000,2.672,2.672,2.667,2.668,2254.64,2024-06-26 05:24:00
1719379500000,2.667,2.669,2.662,2.662,7801.17,2024-06-26 05:25:00
1719379560000,2.662,2.662,2.657,2.66,6390.64,2024-06-26 05:26:00
1719379620000,2.659,2.659,2.65,2.654,29165.73,2024-06-26 05:27:00
1719379680000,2.655,2.655,2.647,2.649,21309.96,2024-06-26 05:28:00
1719379740000,2.65,2.66,2.647,2.653,12911.11,2024-06-26 05:29:00
1719379800000,2.654,2.654,2.648,2.652,8372.76,2024-06-26 05:30:00
1719379860000,2.653,2.664,2.653,2.664,5317.17,2024-06-26 05:31:00
1719379920000,2.664,2.666,2.66,2.664,7238.43,2024-06-26 05:32:00
1719379980000,2.664,2.666,2.662,2.665,3689.6,2024-06-26 05:33:00
1719380040000,2.665,2.666,2.66,2.661,7133.58,2024-06-26 05:34:00
1719380100000,2.661,2.661,2.654,2.658,4599.2,2024-06-26 05:35:00
1719380160000,2.657,2.664,2.657,2.664,1502.81,2024-06-26 05:36:00
1719380220000,2.663,2.666,2.661,2.666,3420.32,2024-06-26 05:37:00
1719380280000,2.666,2.667,2.664,2.664,2275.39,2024-06-26 05:38:00
1719380340000,2.664,2.671,2.664,2.669,6553.69,2024-06-26 05:39:00
1719380400000,2.668,2.673,2.665,2.673,5283.64,2024-06-26 05:40:00
1719380460000,2.671,2.674,2.67,2.67,5453.27,2024-06-26 05:41:00
1719380520000,2.67,2.671,2.666,2.666,3290.35,2024-06-26 05:42:00
1719380580000,2.666,2.67,2.664,2.667,2670.61,2024-06-26 05:43:00
1719380640000,2.666,2.666,2.661,2.665,4948.15,2024-06-26 05:44:00
1719380700000,2.668,2.669,2.661,2.666,5029.64,2024-06-26 05:45:00
1719380760000,2.666,2.673,2.666,2.669,4344.36,2024-06-26 05:46:00
1719380820000,2.67,2.67,2.66,2.663,6396.08,2024-06-26 05:47:00
1719380880000,2.663,2.665,2.66,2.66,2355.76,2024-06-26 05:48:00
1719380940000,2.66,2.664,2.655,2.662,3225.78,2024-06-26 05:49:00
1719381000000,2.662,2.663,2.657,2.66,7058.78,2024-06-26 05:50:00
1719381060000,2.659,2.666,2.659,2.665,12706.72,2024-06-26 05:51:00
1719381120000,2.664,2.664,2.66,2.663,2037.91,2024-06-26 05:52:00
1719381180000,2.663,2.666,2.663,2.666,3427.96,2024-06-26 05:53:00
1719381240000,2.667,2.67,2.665,2.669,4290.67,2024-06-26 05:54:00
1719381300000,2.668,2.67,2.667,2.668,2940.67,2024-06-26 05:55:00
1719381360000,2.668,2.668,2.647,2.656,95666.76,2024-06-26 05:56:00
1719381420000,2.655,2.659,2.652,2.659,7877.03,2024-06-26 05:57:00
1719381480000,2.659,2.663,2.658,2.658,9324.8,2024-06-26 05:58:00
1719381540000,2.658,2.66,2.647,2.648,34544.79,2024-06-26 05:59:00
1719381600000,2.649,2.656,2.647,2.649,22243.38,2024-06-26 06:00:00
1719381660000,2.649,2.659,2.649,2.658,10949.93,2024-06-26 06:01:00
1719381720000,2.658,2.659,2.656,2.658,3547.51,2024-06-26 06:02:00
1719381780000,2.658,2.658,2.649,2.653,3055.44,2024-06-26 06:03:00
1719381840000,2.652,2.653,2.649,2.649,3225.52,2024-06-26 06:04:00
1719381900000,2.649,2.654,2.647,2.654,4372.62,2024-06-26 06:05:00
1719381960000,2.655,2.655,2.648,2.653,7769.58,2024-06-26 06:06:00
1719382020000,2.653,2.654,2.646,2.647,5371.98,2024-06-26 06:07:00
1719382080000,2.647,2.649,2.646,2.647,4994.0,2024-06-26 06:08:00
1719382140000,2.647,2.647,2.636,2.643,47843.08,2024-06-26 06:09:00
1719382200000,2.644,2.646,2.64,2.642,6856.37,2024-06-26 06:10:00
1719382260000,2.643,2.644,2.642,2.643,595.25,2024-06-26 06:11:00
1719382320000,2.643,2.647,2.643,2.647,2698.72,2024-06-26 06:12:00
1719382380000,2.648,2.651,2.647,2.651,4199.2,2024-06-26 06:13:00
1719382440000,2.65,2.652,2.646,2.647,6545.12,2024-06-26 06:14:00
1719382500000,2.648,2.659,2.646,2.658,4952.38,2024-06-26 06:15:00
1719382560000,2.658,2.665,2.657,2.662,16169.86,2024-06-26 06:16:00
1719382620000,2.662,2.662,2.653,2.654,4965.64,2024-06-26 06:17:00
1719382680000,2.654,2.662,2.653,2.659,11076.24,2024-06-26 06:18:00
1719382740000,2.659,2.662,2.657,2.662,5118.81,2024-06-26 06:19:00
1719382800000,2.662,2.666,2.658,2.664,5641.66,2024-06-26 06:20:00
1719382860000,2.664,2.664,2.658,2.659,3565.14,2024-06-26 06:21:00
1719382920000,2.657,2.663,2.656,2.663,2934.47,2024-06-26 06:22:00
1719382980000,2.663,2.663,2.659,2.659,1859.97,2024-06-26 06:23:00
1719383040000,2.66,2.662,2.66,2.662,2085.14,2024-06-26 06:24:00
1719383100000,2.661,2.663,2.657,2.663,5543.28,2024-06-26 06:25:00
1719383160000,2.663,2.666,2.662,2.666,5399.31,2024-06-26 06:26:00
1719383220000,2.666,2.666,2.66,2.66,4168.93,2024-06-26 06:27:00
1719383280000,2.66,2.66,2.656,2.656,1184.14,2024-06-26 06:28:00
1719383340000,2.657,2.657,2.656,2.656,354.92,2024-06-26 06:29:00
1719383400000,2.657,2.661,2.655,2.66,2754.1,2024-06-26 06:30:00
1719383460000,2.662,2.665,2.662,2.665,2255.65,2024-06-26 06:31:00
1719383520000,2.664,2.666,2.664,2.664,1800.54,2024-06-26 06:32:00
1719383580000,2.664,2.667,2.663,2.664,5525.86,2024-06-26 06:33:00
1719383640000,2.664,2.664,2.662,2.662,1424.4,2024-06-26 06:34:00
1719383700000,2.662,2.662,2.653,2.654,2424.3,2024-06-26 06:35:00
1719383760000,2.655,2.657,2.652,2.657,6605.75,2024-06-26 06:36:00
1719383820000,2.658,2.663,2.658,2.663,777.69,2024-06-26 06:37:00
1719383880000,2.663,2.663,2.655,2.655,3018.24,2024-06-26 06:38:00
1719383940000,2.655,2.655,2.654,2.654,1279.09,2024-06-26 06:39:00
1719384000000,2.654,2.654,2.648,2.648,3555.6,2024-06-26 06:40:00
1719384060000,2.649,2.654,2.649,2.653,3488.44,2024-06-26 06:41:00
1719384120000,2.653,2.653,2.647,2.647,4001.36,2024-06-26 06:42:00
1719384180000,2.647,2.65,2.647,2.649,3688.68,2024-06-26 06:43:00
1719384240000,2.649,2.649,2.646,2.647,1693.36,2024-06-26 06:44:00
1719384300000,2.647,2.654,2.647,2.651,4065.63,2024-06-26 06:45:00
1719384360000,2.652,2.652,2.647,2.65,2820.05,2024-06-26 06:46:00
1719384420000,2.65,2.653,2.65,2.653,1125.99,2024-06-26 06:47:00
1719384480000,2.653,2.653,2.65,2.65,2623.18,2024-06-26 06:48:00
1719384540000,2.651,2.653,2.65,2.65,3899.05,2024-06-26 06:49:00
1719384600000,2.649,2.652,2.648,2.651,5038.7,2024-06-26 06:50:00
1719384660000,2.652,2.66,2.652,2.66,1571.13,2024-06-26 06:51:00
1719384720000,2.661,2.663,2.658,2.661,6080.36,2024-06-26 06:52:00
1719384780000,2.661,2.667,2.66,2.665,3675.57,2024-06-26 06:53:00
1719384840000,2.665,2.666,2.658,2.661,5426.57,2024-06-26 06:54:00
1719384900000,2.661,2.661,2.655,2.656,4114.82,2024-06-26 06:55:00
1719384960000,2.656,2.662,2.654,2.661,5024.18,2024-06-26 06:56:00
1719385020000,2.66,2.66,2.656,2.656,2014.96,2024-06-26 06:57:00
1719385080000,2.656,2.658,2.653,2.656,4559.51,2024-06-26 06:58:00
1719385140000,2.656,2.656,2.652,2.655,3043.01,2024-06-26 06:59:00
1719385200000,2.656,2.661,2.653,2.661,6231.06,2024-06-26 07:00:00
1719385260000,2.661,2.664,2.659,2.662,6158.31,2024-06-26 07:01:00
1719385320000,2.661,2.662,2.658,2.662,7033.09,2024-06-26 07:02:00
1719385380000,2.662,2.664,2.654,2.654,14002.05,2024-06-26 07:03:00
1719385440000,2.654,2.656,2.653,2.655,4335.94,2024-06-26 07:04:00
1719385500000,2.653,2.657,2.652,2.657,2997.82,2024-06-26 07:05:00
1719385560000,2.658,2.665,2.658,2.663,3769.08,2024-06-26 07:06:00
1719385620000,2.663,2.667,2.663,2.666,7592.89,2024-06-26 07:07:00
1719385680000,2.666,2.672,2.665,2.67,10081.36,2024-06-26 07:08:00
1719385740000,2.671,2.671,2.665,2.669,2975.74,2024-06-26 07:09:00
1719385800000,2.669,2.671,2.664,2.67,7839.92,2024-06-26 07:10:00
1719385860000,2.669,2.671,2.666,2.67,3642.69,2024-06-26 07:11:00
1719385920000,2.669,2.678,2.668,2.676,2758.29,2024-06-26 07:12:00
1719385980000,2.677,2.683,2.676,2.679,6773.11,2024-06-26 07:13:00
1719386040000,2.678,2.678,2.674,2.676,2354.78,2024-06-26 07:14:00
1719386100000,2.676,2.678,2.672,2.676,5312.17,2024-06-26 07:15:00
1719386160000,2.677,2.677,2.668,2.674,3936.76,2024-06-26 07:16:00
1719386220000,2.674,2.674,2.669,2.673,5012.97,2024-06-26 07:17:00
1719386280000,2.673,2.679,2.673,2.679,2043.91,2024-06-26 07:18:00
1719386340000,2.679,2.682,2.678,2.682,1884.29,2024-06-26 07:19:00
1719386400000,2.682,2.682,2.674,2.675,7834.2,2024-06-26 07:20:00
1719386460000,2.675,2.7,2.674,2.689,52075.53,2024-06-26 07:21:00
1719386520000,2.69,2.692,2.684,2.69,7569.12,2024-06-26 07:22:00
1719386580000,2.69,2.692,2.687,2.691,7823.28,2024-06-26 07:23:00
1719386640000,2.691,2.698,2.688,2.695,5634.47,2024-06-26 07:24:00
1719386700000,2.695,2.695,2.686,2.686,3713.37,2024-06-26 07:25:00
1719386760000,2.688,2.691,2.685,2.689,5634.23,2024-06-26 07:26:00
1719386820000,2.69,2.692,2.686,2.687,3155.17,2024-06-26 07:27:00
1719386880000,2.687,2.689,2.683,2.687,5405.13,2024-06-26 07:28:00
1719386940000,2.687,2.695,2.686,2.69,15699.14,2024-06-26 07:29:00
1719387000000,2.69,2.693,2.689,2.693,6921.6,2024-06-26 07:30:00
1719387060000,2.693,2.697,2.691,2.692,14197.89,2024-06-26 07:31:00
1719387120000,2.692,2.692,2.682,2.683,4758.05,2024-06-26 07:32:00
1719387180000,2.683,2.692,2.682,2.687,5034.9,2024-06-26 07:33:00
1719387240000,2.687,2.692,2.685,2.689,4297.12,2024-06-26 07:34:00
1719387300000,2.689,2.693,2.687,2.687,4907.69,2024-06-26 07:35:00
1719387360000,2.687,2.688,2.684,2.687,6540.36,2024-06-26 07:36:00
1719387420000,2.687,2.693,2.686,2.693,4231.08,2024-06-26 07:37:00
1719387480000,2.693,2.694,2.689,2.692,5878.68,2024-06-26 07:38:00
1719387540000,2.692,2.694,2.687,2.69,10659.65,2024-06-26 07:39:00
1719387600000,2.69,2.693,2.687,2.69,7137.52,2024-06-26 07:40:00
1719387660000,2.691,2.691,2.685,2.686,4594.87,2024-06-26 07:41:00
1719387720000,2.686,2.687,2.682,2.683,2942.44,2024-06-26 07:42:00
1719387780000,2.684,2.69,2.683,2.69,4201.09,2024-06-26 07:43:00
1719387840000,2.691,2.692,2.689,2.69,3243.71,2024-06-26 07:44:00
1719387900000,2.689,2.69,2.685,2.686,2269.33,2024-06-26 07:45:00
1719387960000,2.686,2.687,2.684,2.687,3738.19,2024-06-26 07:46:00
1719388020000,2.687,2.691,2.684,2.69,6413.68,2024-06-26 07:47:00
1719388080000,2.69,2.693,2.69,2.69,3265.55,2024-06-26 07:48:00
1719388140000,2.691,2.691,2.689,2.689,2038.37,2024-06-26 07:49:00
1719388200000,2.688,2.691,2.688,2.691,3001.93,2024-06-26 07:50:00
1719388260000,2.69,2.69,2.686,2.69,3622.85,2024-06-26 07:51:00
1719388320000,2.69,2.692,2.69,2.692,2099.06,2024-06-26 07:52:00
1719388380000,2.692,2.693,2.692,2.693,1940.85,2024-06-26 07:53:00
1719388440000,2.693,2.705,2.693,2.701,15739.96,2024-06-26 07:54:00
1719388500000,2.7,2.702,2.698,2.702,5326.11,2024-06-26 07:55:00
1719388560000,2.703,2.704,2.698,2.698,7672.59,2024-06-26 07:56:00
1719388620000,2.699,2.7,2.698,2.699,2118.0,2024-06-26 07:57:00
1719388680000,2.699,2.699,2.693,2.695,21109.76,2024-06-26 07:58:00
1719388740000,2.696,2.699,2.695,2.699,5503.6,2024-06-26 07:59:00
1719388800000,2.7,2.7,2.697,2.697,2495.5,2024-06-26 08:00:00
1719388860000,2.695,2.695,2.691,2.691,936.5,2024-06-26 08:01:00
1719388920000,2.69,2.692,2.69,2.69,957.17,2024-06-26 08:02:00
1719388980000,2.691,2.692,2.688,2.688,4484.3,2024-06-26 08:03:00
1719389040000,2.688,2.692,2.687,2.687,3729.06,2024-06-26 08:04:00
1719389100000,2.686,2.686,2.682,2.682,4059.94,2024-06-26 08:05:00
1719389160000,2.683,2.683,2.681,2.681,3775.38,2024-06-26 08:06:00
1719389220000,2.681,2.682,2.678,2.679,7095.51,2024-06-26 08:07:00
1719389280000,2.679,2.68,2.675,2.675,20668.08,2024-06-26 08:08:00
1719389340000,2.676,2.683,2.676,2.683,27201.64,2024-06-26 08:09:00
1719389400000,2.683,2.683,2.677,2.677,8380.13,2024-06-26 08:10:00
1719389460000,2.676,2.677,2.675,2.675,2093.96,2024-06-26 08:11:00
1719389520000,2.677,2.677,2.673,2.674,3076.52,2024-06-26 08:12:00
1719389580000,2.675,2.68,2.674,2.675,8590.26,2024-06-26 08:13:00
1719389640000,2.675,2.679,2.674,2.679,3060.56,2024-06-26 08:14:00
1719389700000,2.678,2.682,2.677,2.678,15130.5,2024-06-26 08:15:00
1719389760000,2.678,2.679,2.667,2.675,19804.42,2024-06-26 08:16:00
1719389820000,2.674,2.676,2.67,2.671,6475.68,2024-06-26 08:17:00
1719389880000,2.67,2.672,2.666,2.668,10411.55,2024-06-26 08:18:00
1719389940000,2.668,2.668,2.659,2.665,43159.18,2024-06-26 08:19:00
1719390000000,2.665,2.666,2.656,2.658,11864.33,2024-06-26 08:20:00
1719390060000,2.659,2.659,2.654,2.658,11482.52,2024-06-26 08:21:00
1719390120000,2.657,2.663,2.657,2.663,7823.7,2024-06-26 08:22:00
1719390180000,2.663,2.664,2.659,2.659,5706.93,2024-06-26 08:23:00
1719390240000,2.659,2.665,2.658,2.664,7406.84,2024-06-26 08:24:00
1719390300000,2.663,2.665,2.659,2.663,15335.84,2024-06-26 08:25:00
1719390360000,2.664,2.669,2.664,2.667,7735.38,2024-06-26 08:26:00
1719390420000,2.665,2.665,2.662,2.663,4203.26,2024-06-26 08:27:00
1719390480000,2.664,2.664,2.659,2.66,2268.21,2024-06-26 08:28:00
1719390540000,2.66,2.666,2.66,2.664,5572.62,2024-06-26 08:29:00
1719390600000,2.666,2.667,2.659,2.66,2848.51,2024-06-26 08:30:00
1719390660000,2.661,2.661,2.656,2.656,5455.31,2024-06-26 08:31:00
1719390720000,2.656,2.656,2.651,2.653,15046.43,2024-06-26 08:32:00
1719390780000,2.654,2.657,2.65,2.651,7572.01,2024-06-26 08:33:00
1719390840000,2.651,2.661,2.651,2.661,3588.89,2024-06-26 08:34:00
1719390900000,2.661,2.663,2.659,2.661,4384.69,2024-06-26 08:35:00
1719390960000,2.662,2.662,2.655,2.658,4508.17,2024-06-26 08:36:00
1719391020000,2.657,2.657,2.654,2.657,3149.79,2024-06-26 08:37:00
1719391080000,2.657,2.657,2.65,2.654,12258.13,2024-06-26 08:38:00
1719391140000,2.653,2.657,2.653,2.657,4974.97,2024-06-26 08:39:00
1719391200000,2.656,2.66,2.654,2.66,2338.3,2024-06-26 08:40:00
1719391260000,2.661,2.663,2.658,2.658,5711.62,2024-06-26 08:41:00
1719391320000,2.657,2.659,2.655,2.655,2364.19,2024-06-26 08:42:00
1719391380000,2.656,2.662,2.655,2.662,4573.21,2024-06-26 08:43:00
1719391440000,2.661,2.662,2.659,2.661,6946.24,2024-06-26 08:44:00
1719391500000,2.662,2.666,2.662,2.664,15222.84,2024-06-26 08:45:00
1719391560000,2.664,2.668,2.664,2.667,3479.17,2024-06-26 08:46:00
1719391620000,2.667,2.667,2.662,2.664,3336.57,2024-06-26 08:47:00
1719391680000,2.664,2.665,2.659,2.659,4738.94,2024-06-26 08:48:00
1719391740000,2.66,2.66,2.655,2.657,2037.62,2024-06-26 08:49:00
1719391800000,2.657,2.66,2.657,2.659,2331.62,2024-06-26 08:50:00
1719391860000,2.659,2.664,2.658,2.659,8665.03,2024-06-26 08:51:00
1719391920000,2.66,2.663,2.66,2.663,3458.64,2024-06-26 08:52:00
1719391980000,2.663,2.665,2.662,2.662,6235.24,2024-06-26 08:53:00
1719392040000,2.662,2.662,2.659,2.661,4329.58,2024-06-26 08:54:00
1719392100000,2.66,2.66,2.657,2.657,2312.88,2024-06-26 08:55:00
1719392160000,2.656,2.657,2.655,2.655,1445.93,2024-06-26 08:56:00
1719392220000,2.655,2.656,2.652,2.652,1971.78,2024-06-26 08:57:00
1719392280000,2.652,2.653,2.651,2.652,2882.62,2024-06-26 08:58:00
1719392340000,2.653,2.653,2.646,2.648,10790.31,2024-06-26 08:59:00
1719392400000,2.648,2.649,2.644,2.646,11823.2,2024-06-26 09:00:00
1719392460000,2.646,2.65,2.63,2.65,62436.04,2024-06-26 09:01:00
1719392520000,2.649,2.656,2.648,2.656,7966.97,2024-06-26 09:02:00
1719392580000,2.656,2.657,2.653,2.656,2015.07,2024-06-26 09:03:00
1719392640000,2.657,2.658,2.651,2.655,12270.24,2024-06-26 09:04:00
1719392700000,2.654,2.654,2.65,2.653,4519.26,2024-06-26 09:05:00
1719392760000,2.652,2.657,2.648,2.656,3865.87,2024-06-26 09:06:00
1719392820000,2.657,2.661,2.655,2.66,4221.51,2024-06-26 09:07:00
1719392880000,2.66,2.667,2.658,2.665,11872.66,2024-06-26 09:08:00
1719392940000,2.665,2.665,2.66,2.66,23154.13,2024-06-26 09:09:00
1719393000000,2.661,2.663,2.657,2.663,3290.72,2024-06-26 09:10:00
1719393060000,2.663,2.666,2.66,2.666,4493.1,2024-06-26 09:11:00
1719393120000,2.665,2.668,2.665,2.668,2344.63,2024-06-26 09:12:00
1719393180000,2.668,2.673,2.668,2.673,3485.88,2024-06-26 09:13:00
1719393240000,2.673,2.674,2.671,2.673,7638.8,2024-06-26 09:14:00
1719393300000,2.674,2.675,2.665,2.665,9767.66,2024-06-26 09:15:00
1719393360000,2.665,2.67,2.665,2.666,2691.26,2024-06-26 09:16:00
1719393420000,2.665,2.665,2.659,2.66,1304.68,2024-06-26 09:17:00
1719393480000,2.66,2.664,2.659,2.662,2497.04,2024-06-26 09:18:00
1719393540000,2.661,2.661,2.651,2.654,11266.37,2024-06-26 09:19:00
1719393600000,2.652,2.659,2.652,2.653,4430.29,2024-06-26 09:20:00
1719393660000,2.653,2.657,2.653,2.656,4980.97,2024-06-26 09:21:00
1719393720000,2.658,2.662,2.658,2.662,1753.99,2024-06-26 09:22:00
1719393780000,2.663,2.663,2.66,2.663,2663.19,2024-06-26 09:23:00
1719393840000,2.662,2.662,2.656,2.66,9825.8,2024-06-26 09:24:00
1719393900000,2.66,2.662,2.658,2.661,3923.75,2024-06-26 09:25:00
1719393960000,2.662,2.666,2.661,2.666,6424.38,2024-06-26 09:26:00
1719394020000,2.665,2.668,2.663,2.668,1776.62,2024-06-26 09:27:00
1719394080000,2.668,2.673,2.666,2.672,4201.56,2024-06-26 09:28:00
1719394140000,2.673,2.673,2.669,2.669,3768.41,2024-06-26 09:29:00
1719394200000,2.669,2.669,2.667,2.667,1691.06,2024-06-26 09:30:00
1719394260000,2.668,2.669,2.665,2.667,3557.51,2024-06-26 09:31:00
1719394320000,2.667,2.667,2.663,2.665,1033.09,2024-06-26 09:32:00
1719394380000,2.665,2.67,2.665,2.67,5001.87,2024-06-26 09:33:00
1719394440000,2.67,2.671,2.667,2.671,878.79,2024-06-26 09:34:00
1719394500000,2.673,2.674,2.672,2.674,1641.68,2024-06-26 09:35:00
1719394560000,2.674,2.674,2.667,2.672,4294.27,2024-06-26 09:36:00
1719394620000,2.67,2.67,2.668,2.67,2302.78,2024-06-26 09:37:00
1719394680000,2.669,2.671,2.668,2.669,2250.8,2024-06-26 09:38:00
1719394740000,2.668,2.67,2.665,2.67,4662.59,2024-06-26 09:39:00
1719394800000,2.671,2.675,2.671,2.673,3180.12,2024-06-26 09:40:00
1719394860000,2.673,2.673,2.664,2.664,3805.21,2024-06-26 09:41:00
1719394920000,2.664,2.668,2.664,2.666,3690.8,2024-06-26 09:42:00
1719394980000,2.666,2.669,2.662,2.662,10661.32,2024-06-26 09:43:00
1719395040000,2.663,2.664,2.661,2.661,5298.31,2024-06-26 09:44:00
1719395100000,2.661,2.662,2.659,2.662,3139.55,2024-06-26 09:45:00
1719395160000,2.662,2.671,2.662,2.669,25758.59,2024-06-26 09:46:00
1719395220000,2.669,2.669,2.664,2.664,3158.75,2024-06-26 09:47:00
1719395280000,2.665,2.667,2.664,2.667,715.34,2024-06-26 09:48:00
1719395340000,2.667,2.667,2.662,2.664,3608.64,2024-06-26 09:49:00
1719395400000,2.663,2.664,2.66,2.664,2983.38,2024-06-26 09:50:00
1719395460000,2.664,2.669,2.664,2.668,1883.27,2024-06-26 09:51:00
1719395520000,2.668,2.669,2.663,2.669,2953.2,2024-06-26 09:52:00
1719395580000,2.668,2.673,2.666,2.67,19048.86,2024-06-26 09:53:00
1719395640000,2.67,2.671,2.667,2.668,3388.04,2024-06-26 09:54:00
1719395700000,2.668,2.668,2.662,2.663,3543.31,2024-06-26 09:55:00
1719395760000,2.662,2.664,2.659,2.663,17785.34,2024-06-26 09:56:00
1719395820000,2.664,2.664,2.659,2.662,5862.02,2024-06-26 09:57:00
1719395880000,2.66,2.663,2.658,2.663,9103.11,2024-06-26 09:58:00
1719395940000,2.662,2.662,2.658,2.661,5366.57,2024-06-26 09:59:00
1719396000000,2.661,2.665,2.659,2.66,9603.16,2024-06-26 10:00:00
1719396060000,2.659,2.661,2.655,2.655,3491.72,2024-06-26 10:01:00
1719396120000,2.656,2.657,2.653,2.653,1473.93,2024-06-26 10:02:00
1719396180000,2.652,2.652,2.649,2.649,2606.44,2024-06-26 10:03:00
1719396240000,2.649,2.655,2.648,2.651,10592.15,2024-06-26 10:04:00
1719396300000,2.65,2.65,2.646,2.648,3959.5,2024-06-26 10:05:00
1719396360000,2.647,2.651,2.645,2.65,7439.69,2024-06-26 10:06:00
1719396420000,2.65,2.65,2.646,2.646,4985.63,2024-06-26 10:07:00
1719396480000,2.646,2.65,2.645,2.65,4927.25,2024-06-26 10:08:00
1719396540000,2.65,2.653,2.643,2.644,18127.12,2024-06-26 10:09:00
1719396600000,2.643,2.643,2.638,2.643,5220.17,2024-06-26 10:10:00
1719396660000,2.644,2.645,2.641,2.644,20579.2,2024-06-26 10:11:00
1719396720000,2.648,2.649,2.647,2.649,2494.86,2024-06-26 10:12:00
1719396780000,2.648,2.65,2.647,2.65,1470.31,2024-06-26 10:13:00
1719396840000,2.65,2.651,2.647,2.647,5494.15,2024-06-26 10:14:00
1719396900000,2.646,2.649,2.644,2.649,4802.86,2024-06-26 10:15:00
1719396960000,2.649,2.649,2.641,2.644,2310.48,2024-06-26 10:16:00
1719397020000,2.645,2.645,2.642,2.643,5680.84,2024-06-26 10:17:00
1719397080000,2.643,2.647,2.64,2.646,5033.19,2024-06-26 10:18:00
1719397140000,2.646,2.646,2.637,2.638,8406.91,2024-06-26 10:19:00
1719397200000,2.638,2.64,2.636,2.637,8820.85,2024-06-26 10:20:00
1719397260000,2.637,2.643,2.636,2.643,11675.57,2024-06-26 10:21:00
1719397320000,2.644,2.648,2.644,2.645,8728.62,2024-06-26 10:22:00
1719397380000,2.644,2.646,2.643,2.645,2781.06,2024-06-26 10:23:00
1719397440000,2.646,2.646,2.639,2.643,4651.12,2024-06-26 10:24:00
1719397500000,2.643,2.647,2.643,2.647,1828.12,2024-06-26 10:25:00
1719397560000,2.646,2.646,2.642,2.646,3468.09,2024-06-26 10:26:00
1719397620000,2.645,2.645,2.64,2.642,7602.8,2024-06-26 10:27:00
1719397680000,2.64,2.646,2.639,2.646,4545.84,2024-06-26 10:28:00
1719397740000,2.646,2.647,2.643,2.646,4207.59,2024-06-26 10:29:00
1719397800000,2.645,2.645,2.64,2.64,5147.51,2024-06-26 10:30:00
1719397860000,2.639,2.641,2.637,2.641,3947.21,2024-06-26 10:31:00
1719397920000,2.641,2.643,2.638,2.643,2190.02,2024-06-26 10:32:00
1719397980000,2.646,2.649,2.644,2.649,3307.28,2024-06-26 10:33:00
1719398040000,2.65,2.651,2.649,2.649,4977.6,2024-06-26 10:34:00
1719398100000,2.649,2.651,2.646,2.646,14541.94,2024-06-26 10:35:00
1719398160000,2.645,2.645,2.643,2.644,1170.76,2024-06-26 10:36:00
1719398220000,2.644,2.644,2.639,2.643,1615.0,2024-06-26 10:37:00
1719398280000,2.642,2.643,2.64,2.641,1308.14,2024-06-26 10:38:00
1719398340000,2.642,2.647,2.642,2.647,1645.43,2024-06-26 10:39:00
1719398400000,2.646,2.65,2.645,2.648,3834.43,2024-06-26 10:40:00
1719398460000,2.648,2.648,2.645,2.648,576.87,2024-06-26 10:41:00
1719398520000,2.647,2.647,2.645,2.646,706.63,2024-06-26 10:42:00
1719398580000,2.645,2.646,2.644,2.645,1565.69,2024-06-26 10:43:00
1719398640000,2.645,2.645,2.645,2.645,3.14,2024-06-26 10:44:00
1719398700000,2.645,2.647,2.645,2.646,7419.94,2024-06-26 10:45:00
1719398760000,2.647,2.655,2.646,2.653,29873.3,2024-06-26 10:46:00
1719398820000,2.653,2.653,2.65,2.65,3185.94,2024-06-26 10:47:00
1719398880000,2.65,2.654,2.649,2.654,5938.24,2024-06-26 10:48:00
1719398940000,2.654,2.658,2.654,2.658,3855.47,2024-06-26 10:49:00
1719399000000,2.658,2.659,2.656,2.659,3650.5,2024-06-26 10:50:00
1719399060000,2.66,2.664,2.658,2.663,6127.39,2024-06-26 10:51:00
1719399120000,2.664,2.668,2.664,2.667,4171.42,2024-06-26 10:52:00
1719399180000,2.668,2.668,2.666,2.666,2868.03,2024-06-26 10:53:00
1719399240000,2.667,2.668,2.665,2.668,2908.33,2024-06-26 10:54:00
1719399300000,2.668,2.67,2.667,2.668,10157.31,2024-06-26 10:55:00
1719399360000,2.668,2.67,2.668,2.67,2966.35,2024-06-26 10:56:00
1719399420000,2.67,2.67,2.669,2.669,5423.87,2024-06-26 10:57:00
1719399480000,2.67,2.672,2.669,2.672,3876.12,2024-06-26 10:58:00
1719399540000,2.672,2.672,2.671,2.671,3038.71,2024-06-26 10:59:00
1719399600000,2.671,2.674,2.669,2.671,4772.48,2024-06-26 11:00:00
1719399660000,2.67,2.67,2.666,2.668,22039.78,2024-06-26 11:01:00
1719399720000,2.668,2.675,2.668,2.672,7372.39,2024-06-26 11:02:00
1719399780000,2.672,2.672,2.667,2.67,3680.73,2024-06-26 11:03:00
1719399840000,2.671,2.69,2.671,2.684,66878.14,2024-06-26 11:04:00
1719399900000,2.684,2.692,2.682,2.685,76410.9,2024-06-26 11:05:00
1719399960000,2.685,2.688,2.682,2.682,3383.81,2024-06-26 11:06:00
1719400020000,2.68,2.684,2.679,2.684,4492.97,2024-06-26 11:07:00
1719400080000,2.684,2.688,2.683,2.688,4339.32,2024-06-26 11:08:00
1719400140000,2.688,2.688,2.682,2.684,14882.43,2024-06-26 11:09:00
1719400200000,2.683,2.685,2.683,2.684,3273.88,2024-06-26 11:10:00
1719400260000,2.684,2.686,2.683,2.683,9382.86,2024-06-26 11:11:00
1719400320000,2.684,2.686,2.683,2.685,3506.54,2024-06-26 11:12:00
1719400380000,2.686,2.687,2.684,2.684,5712.37,2024-06-26 11:13:00
1719400440000,2.684,2.692,2.684,2.689,16226.44,2024-06-26 11:14:00
1719400500000,2.688,2.688,2.683,2.683,7883.41,2024-06-26 11:15:00
1719400560000,2.684,2.684,2.68,2.68,1989.18,2024-06-26 11:16:00
1719400620000,2.68,2.68,2.675,2.677,1212.63,2024-06-26 11:17:00
1719400680000,2.675,2.682,2.675,2.68,9448.03,2024-06-26 11:18:00
1719400740000,2.68,2.682,2.678,2.678,3094.82,2024-06-26 11:19:00
1719400800000,2.678,2.678,2.674,2.674,2322.56,2024-06-26 11:20:00
1719400860000,2.674,2.681,2.674,2.681,1417.2,2024-06-26 11:21:00
1719400920000,2.681,2.682,2.678,2.678,5392.9,2024-06-26 11:22:00
1719400980000,2.679,2.685,2.679,2.684,3204.22,2024-06-26 11:23:00
1719401040000,2.683,2.687,2.683,2.685,2366.01,2024-06-26 11:24:00
1719401100000,2.685,2.691,2.685,2.69,7657.2,2024-06-26 11:25:00
1719401160000,2.69,2.692,2.689,2.689,7052.54,2024-06-26 11:26:00
1719401220000,2.689,2.689,2.682,2.682,4324.25,2024-06-26 11:27:00
1719401280000,2.682,2.686,2.681,2.685,2344.11,2024-06-26 11:28:00
1719401340000,2.685,2.686,2.678,2.678,4329.45,2024-06-26 11:29:00
1719401400000,2.679,2.681,2.679,2.681,1847.55,2024-06-26 11:30:00
1719401460000,2.68,2.685,2.679,2.685,2587.19,2024-06-26 11:31:00
1719401520000,2.684,2.685,2.682,2.682,1159.19,2024-06-26 11:32:00
1719401580000,2.683,2.691,2.683,2.69,2727.92,2024-06-26 11:33:00
1719401640000,2.69,2.692,2.686,2.686,3036.07,2024-06-26 11:34:00
1719401700000,2.687,2.692,2.687,2.689,5121.35,2024-06-26 11:35:00
1719401760000,2.689,2.692,2.686,2.688,3689.64,2024-06-26 11:36:00
1719401820000,2.687,2.687,2.684,2.684,716.18,2024-06-26 11:37:00
1719401880000,2.681,2.684,2.681,2.682,2354.16,2024-06-26 11:38:00
1719401940000,2.68,2.681,2.676,2.677,4144.29,2024-06-26 11:39:00
1719402000000,2.677,2.678,2.673,2.678,4742.47,2024-06-26 11:40:00
1719402060000,2.678,2.678,2.674,2.674,1896.71,2024-06-26 11:41:00
1719402120000,2.672,2.673,2.669,2.669,1845.78,2024-06-26 11:42:00
1719402180000,2.668,2.67,2.666,2.666,6874.42,2024-06-26 11:43:00
1719402240000,2.665,2.667,2.664,2.667,2068.58,2024-06-26 11:44:00
1719402300000,2.666,2.666,2.661,2.665,4880.59,2024-06-26 11:45:00
1719402360000,2.665,2.667,2.664,2.667,930.34,2024-06-26 11:46:00
1719402420000,2.666,2.666,2.661,2.663,4856.28,2024-06-26 11:47:00
1719402480000,2.664,2.664,2.66,2.661,1574.01,2024-06-26 11:48:00
1719402540000,2.66,2.661,2.657,2.661,12494.47,2024-06-26 11:49:00
1719402600000,2.661,2.663,2.66,2.662,1636.45,2024-06-26 11:50:00
1719402660000,2.661,2.662,2.66,2.662,357.88,2024-06-26 11:51:00
1719402720000,2.662,2.669,2.661,2.669,5624.45,2024-06-26 11:52:00
1719402780000,2.669,2.671,2.665,2.67,6706.09,2024-06-26 11:53:00
1719402840000,2.67,2.672,2.669,2.672,2199.35,2024-06-26 11:54:00
1719402900000,2.672,2.675,2.671,2.675,2678.03,2024-06-26 11:55:00
1719402960000,2.674,2.674,2.673,2.673,281.63,2024-06-26 11:56:00
1719403020000,2.673,2.674,2.668,2.668,4781.63,2024-06-26 11:57:00
1719403080000,2.669,2.674,2.668,2.674,3922.92,2024-06-26 11:58:00
1719403140000,2.674,2.674,2.673,2.674,1738.38,2024-06-26 11:59:00
1719403200000,2.673,2.673,2.669,2.67,1604.65,2024-06-26 12:00:00
1719403260000,2.67,2.67,2.665,2.666,3822.91,2024-06-26 12:01:00
1719403320000,2.665,2.667,2.664,2.664,3745.51,2024-06-26 12:02:00
1719403380000,2.664,2.665,2.664,2.665,530.54,2024-06-26 12:03:00
1719403440000,2.665,2.665,2.663,2.663,3402.54,2024-06-26 12:04:00
1719403500000,2.664,2.664,2.657,2.659,5075.5,2024-06-26 12:05:00
1719403560000,2.658,2.661,2.657,2.658,3752.71,2024-06-26 12:06:00
1719403620000,2.657,2.661,2.657,2.66,2923.58,2024-06-26 12:07:00
1719403680000,2.659,2.659,2.653,2.653,1540.43,2024-06-26 12:08:00
1719403740000,2.655,2.655,2.65,2.655,7697.89,2024-06-26 12:09:00
1719403800000,2.654,2.656,2.65,2.651,5976.25,2024-06-26 12:10:00
1719403860000,2.651,2.654,2.65,2.65,3015.86,2024-06-26 12:11:00
1719403920000,2.65,2.651,2.648,2.649,626.69,2024-06-26 12:12:00
1719403980000,2.649,2.65,2.648,2.65,2163.09,2024-06-26 12:13:00
1719404040000,2.651,2.651,2.645,2.645,1725.03,2024-06-26 12:14:00
1719404100000,2.647,2.652,2.646,2.652,1898.16,2024-06-26 12:15:00
1719404160000,2.652,2.652,2.649,2.652,2470.7,2024-06-26 12:16:00
1719404220000,2.652,2.652,2.646,2.649,3651.02,2024-06-26 12:17:00
1719404280000,2.648,2.655,2.647,2.655,3844.72,2024-06-26 12:18:00
1719404340000,2.655,2.655,2.649,2.65,2768.03,2024-06-26 12:19:00
1719404400000,2.65,2.668,2.65,2.666,36854.37,2024-06-26 12:20:00
1719404460000,2.667,2.667,2.66,2.66,7784.44,2024-06-26 12:21:00
1719404520000,2.661,2.661,2.656,2.656,4363.54,2024-06-26 12:22:00
1719404580000,2.656,2.656,2.65,2.65,7679.88,2024-06-26 12:23:00
1719404640000,2.652,2.656,2.65,2.656,3110.04,2024-06-26 12:24:00
1719404700000,2.656,2.656,2.652,2.654,3501.36,2024-06-26 12:25:00
1719404760000,2.654,2.654,2.649,2.651,3491.44,2024-06-26 12:26:00
1719404820000,2.651,2.656,2.649,2.655,3039.04,2024-06-26 12:27:00
1719404880000,2.655,2.656,2.652,2.656,1776.62,2024-06-26 12:28:00
1719404940000,2.655,2.655,2.651,2.652,3506.53,2024-06-26 12:29:00
1719405000000,2.652,2.653,2.641,2.646,38504.24,2024-06-26 12:30:00
1719405060000,2.645,2.647,2.644,2.647,3411.31,2024-06-26 12:31:00
1719405120000,2.646,2.65,2.645,2.649,3171.7,2024-06-26 12:32:00
1719405180000,2.65,2.652,2.647,2.647,6980.82,2024-06-26 12:33:00
1719405240000,2.647,2.647,2.645,2.646,3682.28,2024-06-26 12:34:00
1719405300000,2.647,2.65,2.645,2.65,6829.45,2024-06-26 12:35:00
1719405360000,2.651,2.651,2.645,2.648,4111.05,2024-06-26 12:36:00
1719405420000,2.647,2.649,2.647,2.648,5296.71,2024-06-26 12:37:00
1719405480000,2.647,2.647,2.636,2.64,26691.04,2024-06-26 12:38:00
1719405540000,2.64,2.643,2.636,2.642,5086.76,2024-06-26 12:39:00
1719405600000,2.642,2.642,2.635,2.641,4269.24,2024-06-26 12:40:00
1719405660000,2.642,2.642,2.636,2.639,7869.21,2024-06-26 12:41:00
1719405720000,2.64,2.646,2.64,2.646,2262.4,2024-06-26 12:42:00
1719405780000,2.645,2.645,2.638,2.638,1479.61,2024-06-26 12:43:00
1719405840000,2.639,2.642,2.639,2.642,2466.92,2024-06-26 12:44:00
1719405900000,2.642,2.642,2.638,2.64,4517.45,2024-06-26 12:45:00
1719405960000,2.641,2.641,2.638,2.638,5656.85,2024-06-26 12:46:00
1719406020000,2.638,2.644,2.638,2.644,3723.95,2024-06-26 12:47:00
1719406080000,2.644,2.644,2.641,2.643,636.16,2024-06-26 12:48:00
1719406140000,2.644,2.644,2.64,2.642,4160.56,2024-06-26 12:49:00
1719406200000,2.642,2.645,2.642,2.645,667.23,2024-06-26 12:50:00
1719406260000,2.644,2.644,2.639,2.643,4885.33,2024-06-26 12:51:00
1719406320000,2.643,2.644,2.64,2.642,5389.64,2024-06-26 12:52:00
1719406380000,2.641,2.643,2.641,2.642,2269.48,2024-06-26 12:53:00
1719406440000,2.642,2.648,2.641,2.648,5399.46,2024-06-26 12:54:00
1719406500000,2.648,2.652,2.647,2.649,4430.06,2024-06-26 12:55:00
1719406560000,2.65,2.65,2.644,2.646,4974.19,2024-06-26 12:56:00
1719406620000,2.646,2.646,2.643,2.644,2410.54,2024-06-26 12:57:00
1719406680000,2.644,2.647,2.644,2.647,1587.14,2024-06-26 12:58:00
1719406740000,2.646,2.65,2.644,2.65,2085.77,2024-06-26 12:59:00
1719406800000,2.65,2.65,2.643,2.644,23747.53,2024-06-26 13:00:00
1719406860000,2.644,2.649,2.643,2.647,16810.82,2024-06-26 13:01:00
1719406920000,2.647,2.647,2.63,2.633,24135.13,2024-06-26 13:02:00
1719406980000,2.632,2.632,2.628,2.631,12378.03,2024-06-26 13:03:00
1719407040000,2.631,2.634,2.629,2.631,17563.85,2024-06-26 13:04:00
1719407100000,2.63,2.633,2.628,2.631,23054.95,2024-06-26 13:05:00
1719407160000,2.63,2.632,2.618,2.625,41205.8,2024-06-26 13:06:00
1719407220000,2.626,2.632,2.626,2.63,4031.96,2024-06-26 13:07:00
1719407280000,2.629,2.629,2.624,2.624,8338.56,2024-06-26 13:08:00
1719407340000,2.626,2.626,2.615,2.617,19957.62,2024-06-26 13:09:00
1719407400000,2.617,2.62,2.613,2.62,35251.26,2024-06-26 13:10:00
1719407460000,2.62,2.62,2.615,2.616,3320.56,2024-06-26 13:11:00
1719407520000,2.617,2.626,2.617,2.623,12087.19,2024-06-26 13:12:00
1719407580000,2.623,2.627,2.622,2.627,1742.58,2024-06-26 13:13:00
1719407640000,2.626,2.632,2.624,2.632,4290.03,2024-06-26 13:14:00
1719407700000,2.631,2.635,2.63,2.635,3227.65,2024-06-26 13:15:00
1719407760000,2.634,2.635,2.633,2.635,2280.13,2024-06-26 13:16:00
1719407820000,2.634,2.635,2.625,2.626,15379.78,2024-06-26 13:17:00
1719407880000,2.627,2.628,2.593,2.609,151236.03,2024-06-26 13:18:00
1719407940000,2.609,2.618,2.607,2.616,25593.17,2024-06-26 13:19:00
1719408000000,2.617,2.628,2.617,2.617,12719.31,2024-06-26 13:20:00
1719408060000,2.617,2.622,2.616,2.618,5788.59,2024-06-26 13:21:00
1719408120000,2.618,2.622,2.616,2.622,3445.56,2024-06-26 13:22:00
1719408180000,2.621,2.622,2.618,2.622,3024.11,2024-06-26 13:23:00
1719408240000,2.622,2.623,2.621,2.622,3113.8,2024-06-26 13:24:00
1719408300000,2.621,2.628,2.621,2.624,22331.36,2024-06-26 13:25:00
1719408360000,2.622,2.625,2.621,2.623,2560.59,2024-06-26 13:26:00
1719408420000,2.624,2.632,2.624,2.631,6540.84,2024-06-26 13:27:00
1719408480000,2.631,2.634,2.63,2.63,5564.87,2024-06-26 13:28:00
1719408540000,2.63,2.63,2.629,2.63,2411.67,2024-06-26 13:29:00
1719408600000,2.63,2.632,2.627,2.632,7229.9,2024-06-26 13:30:00
1719408660000,2.631,2.636,2.63,2.634,7124.34,2024-06-26 13:31:00
1719408720000,2.634,2.637,2.633,2.636,4464.6,2024-06-26 13:32:00
1719408780000,2.637,2.652,2.635,2.647,46355.0,2024-06-26 13:33:00
1719408840000,2.647,2.652,2.646,2.651,6820.87,2024-06-26 13:34:00
1719408900000,2.652,2.659,2.652,2.657,12218.39,2024-06-26 13:35:00
1719408960000,2.657,2.664,2.656,2.662,16430.08,2024-06-26 13:36:00
1719409020000,2.662,2.664,2.661,2.661,6141.08,2024-06-26 13:37:00
1719409080000,2.661,2.663,2.658,2.659,7191.83,2024-06-26 13:38:00
1719409140000,2.658,2.659,2.655,2.657,3223.52,2024-06-26 13:39:00
1719409200000,2.657,2.661,2.655,2.658,7638.78,2024-06-26 13:40:00
1719409260000,2.658,2.658,2.652,2.652,4390.93,2024-06-26 13:41:00
1719409320000,2.652,2.661,2.652,2.66,3750.9,2024-06-26 13:42:00
1719409380000,2.661,2.667,2.658,2.665,10212.6,2024-06-26 13:43:00
1719409440000,2.665,2.665,2.662,2.664,3561.12,2024-06-26 13:44:00
1719409500000,2.666,2.675,2.665,2.673,20790.5,2024-06-26 13:45:00
1719409560000,2.673,2.676,2.67,2.674,17925.44,2024-06-26 13:46:00
1719409620000,2.675,2.679,2.669,2.67,9378.83,2024-06-26 13:47:00
1719409680000,2.67,2.675,2.668,2.669,4841.75,2024-06-26 13:48:00
1719409740000,2.669,2.669,2.663,2.665,20830.06,2024-06-26 13:49:00
1719409800000,2.665,2.67,2.665,2.667,9344.92,2024-06-26 13:50:00
1719409860000,2.667,2.673,2.663,2.667,8483.04,2024-06-26 13:51:00
1719409920000,2.667,2.668,2.664,2.665,7320.57,2024-06-26 13:52:00
1719409980000,2.666,2.67,2.663,2.663,4448.71,2024-06-26 13:53:00
1719410040000,2.663,2.663,2.656,2.659,4888.97,2024-06-26 13:54:00
1719410100000,2.658,2.661,2.658,2.659,2341.61,2024-06-26 13:55:00
1719410160000,2.659,2.682,2.659,2.681,34664.71,2024-06-26 13:56:00
1719410220000,2.68,2.685,2.678,2.684,12162.06,2024-06-26 13:57:00
1719410280000,2.685,2.689,2.682,2.682,23600.4,2024-06-26 13:58:00
1719410340000,2.682,2.685,2.675,2.683,21715.46,2024-06-26 13:59:00
1719410400000,2.685,2.686,2.682,2.682,13609.42,2024-06-26 14:00:00
1719410460000,2.68,2.686,2.677,2.685,5814.66,2024-06-26 14:01:00
1719410520000,2.686,2.697,2.684,2.693,18941.56,2024-06-26 14:02:00
1719410580000,2.693,2.696,2.687,2.696,12650.89,2024-06-26 14:03:00
1719410640000,2.695,2.705,2.692,2.703,28992.4,2024-06-26 14:04:00
1719410700000,2.702,2.705,2.698,2.699,19470.48,2024-06-26 14:05:00
1719410760000,2.698,2.702,2.694,2.694,8573.3,2024-06-26 14:06:00
1719410820000,2.693,2.705,2.693,2.703,12833.92,2024-06-26 14:07:00
1719410880000,2.702,2.73,2.702,2.726,68394.19,2024-06-26 14:08:00
1719410940000,2.725,2.726,2.717,2.721,13715.57,2024-06-26 14:09:00
1719411000000,2.72,2.724,2.707,2.708,17285.52,2024-06-26 14:10:00
1719411060000,2.709,2.713,2.706,2.706,9900.09,2024-06-26 14:11:00
1719411120000,2.707,2.71,2.703,2.706,9469.88,2024-06-26 14:12:00
1719411180000,2.705,2.711,2.704,2.711,16390.79,2024-06-26 14:13:00
1719411240000,2.712,2.712,2.704,2.709,8800.8,2024-06-26 14:14:00
1719411300000,2.709,2.714,2.702,2.705,17446.69,2024-06-26 14:15:00
1719411360000,2.706,2.715,2.699,2.7,15994.96,2024-06-26 14:16:00
1719411420000,2.699,2.7,2.697,2.697,7957.69,2024-06-26 14:17:00
1719411480000,2.697,2.698,2.691,2.691,6818.98,2024-06-26 14:18:00
1719411540000,2.691,2.694,2.686,2.693,9738.73,2024-06-26 14:19:00
1719411600000,2.692,2.695,2.689,2.689,4923.1,2024-06-26 14:20:00
1719411660000,2.688,2.689,2.68,2.681,12074.31,2024-06-26 14:21:00
1719411720000,2.682,2.684,2.675,2.675,11246.36,2024-06-26 14:22:00
1719411780000,2.674,2.677,2.667,2.672,10637.6,2024-06-26 14:23:00
1719411840000,2.671,2.671,2.662,2.664,7131.62,2024-06-26 14:24:00
1719411900000,2.663,2.671,2.662,2.671,13677.71,2024-06-26 14:25:00
1719411960000,2.671,2.677,2.671,2.677,3299.85,2024-06-26 14:26:00
1719412020000,2.677,2.681,2.674,2.681,6104.19,2024-06-26 14:27:00
1719412080000,2.681,2.681,2.667,2.671,6177.58,2024-06-26 14:28:00
1719412140000,2.67,2.673,2.665,2.671,7284.91,2024-06-26 14:29:00
1719412200000,2.671,2.679,2.67,2.67,16467.86,2024-06-26 14:30:00
1719412260000,2.672,2.68,2.671,2.674,5863.61,2024-06-26 14:31:00
1719412320000,2.674,2.682,2.674,2.682,5938.9,2024-06-26 14:32:00
1719412380000,2.683,2.687,2.68,2.683,8678.58,2024-06-26 14:33:00
1719412440000,2.682,2.682,2.673,2.675,7669.14,2024-06-26 14:34:00
1719412500000,2.673,2.675,2.667,2.669,6565.28,2024-06-26 14:35:00
1719412560000,2.669,2.669,2.659,2.664,16290.76,2024-06-26 14:36:00
1719412620000,2.663,2.663,2.656,2.656,5035.2,2024-06-26 14:37:00
1719412680000,2.656,2.662,2.653,2.654,3846.99,2024-06-26 14:38:00
1719412740000,2.653,2.656,2.652,2.655,4146.33,2024-06-26 14:39:00
1719412800000,2.654,2.656,2.641,2.645,47410.14,2024-06-26 14:40:00
1719412860000,2.644,2.648,2.642,2.648,5121.41,2024-06-26 14:41:00
1719412920000,2.649,2.65,2.644,2.645,6230.24,2024-06-26 14:42:00
1719412980000,2.646,2.651,2.645,2.648,7930.05,2024-06-26 14:43:00
1719413040000,2.648,2.648,2.641,2.646,9384.44,2024-06-26 14:44:00
1719413100000,2.645,2.647,2.639,2.646,10743.35,2024-06-26 14:45:00
1719413160000,2.646,2.653,2.645,2.646,25081.45,2024-06-26 14:46:00
1719413220000,2.648,2.652,2.648,2.652,13449.84,2024-06-26 14:47:00
1719413280000,2.651,2.653,2.644,2.652,7520.69,2024-06-26 14:48:00
1719413340000,2.651,2.653,2.648,2.648,4767.71,2024-06-26 14:49:00
1719413400000,2.649,2.656,2.649,2.656,8159.7,2024-06-26 14:50:00
1719413460000,2.654,2.658,2.65,2.657,9387.01,2024-06-26 14:51:00
1719413520000,2.657,2.66,2.652,2.652,11757.14,2024-06-26 14:52:00
1719413580000,2.653,2.655,2.65,2.654,3028.34,2024-06-26 14:53:00
1719413640000,2.653,2.653,2.65,2.651,9989.59,2024-06-26 14:54:00
1719413700000,2.651,2.654,2.649,2.653,10475.37,2024-06-26 14:55:00
1719413760000,2.653,2.653,2.651,2.652,979.69,2024-06-26 14:56:00
1719413820000,2.652,2.653,2.646,2.648,4386.64,2024-06-26 14:57:00
1719413880000,2.647,2.647,2.643,2.647,5503.01,2024-06-26 14:58:00
1719413940000,2.647,2.649,2.644,2.648,2982.61,2024-06-26 14:59:00
1719414000000,2.648,2.652,2.648,2.648,3424.34,2024-06-26 15:00:00
1719414060000,2.648,2.65,2.64,2.64,8471.03,2024-06-26 15:01:00
1719414120000,2.641,2.641,2.634,2.638,13976.67,2024-06-26 15:02:00
1719414180000,2.638,2.64,2.636,2.638,5376.31,2024-06-26 15:03:00
1719414240000,2.638,2.638,2.625,2.626,61492.07,2024-06-26 15:04:00
1719414300000,2.628,2.629,2.621,2.621,8567.95,2024-06-26 15:05:00
1719414360000,2.622,2.623,2.616,2.619,9415.81,2024-06-26 15:06:00
1719414420000,2.619,2.619,2.613,2.615,9520.31,2024-06-26 15:07:00
1719414480000,2.615,2.617,2.614,2.617,7820.32,2024-06-26 15:08:00
1719414540000,2.617,2.619,2.606,2.61,60016.79,2024-06-26 15:09:00
1719414600000,2.611,2.613,2.608,2.613,11371.55,2024-06-26 15:10:00
1719414660000,2.611,2.612,2.606,2.606,13770.99,2024-06-26 15:11:00
1719414720000,2.607,2.612,2.607,2.611,7028.3,2024-06-26 15:12:00
1719414780000,2.611,2.614,2.605,2.607,15144.3,2024-06-26 15:13:00
1719414840000,2.607,2.617,2.606,2.615,6658.56,2024-06-26 15:14:00
1719414900000,2.615,2.618,2.61,2.61,6382.9,2024-06-26 15:15:00
1719414960000,2.61,2.624,2.61,2.622,25615.32,2024-06-26 15:16:00
1719415020000,2.623,2.623,2.618,2.622,12312.78,2024-06-26 15:17:00
1719415080000,2.622,2.626,2.621,2.625,7415.31,2024-06-26 15:18:00
1719415140000,2.625,2.626,2.619,2.622,7025.06,2024-06-26 15:19:00
1719415200000,2.623,2.633,2.623,2.632,26228.29,2024-06-26 15:20:00
1719415260000,2.631,2.635,2.63,2.634,15523.25,2024-06-26 15:21:00
1719415320000,2.633,2.633,2.623,2.629,5692.47,2024-06-26 15:22:00
1719415380000,2.629,2.632,2.627,2.631,4511.58,2024-06-26 15:23:00
1719415440000,2.632,2.64,2.632,2.635,52569.62,2024-06-26 15:24:00
1719415500000,2.635,2.637,2.631,2.632,3909.03,2024-06-26 15:25:00
1719415560000,2.631,2.632,2.627,2.627,3144.6,2024-06-26 15:26:00
1719415620000,2.627,2.63,2.627,2.63,2954.06,2024-06-26 15:27:00
1719415680000,2.631,2.635,2.626,2.626,9647.48,2024-06-26 15:28:00
1719415740000,2.626,2.627,2.614,2.615,21531.91,2024-06-26 15:29:00
1719415800000,2.615,2.623,2.615,2.623,2696.28,2024-06-26 15:30:00
1719415860000,2.624,2.627,2.622,2.624,7262.65,2024-06-26 15:31:00
1719415920000,2.625,2.629,2.625,2.628,3251.22,2024-06-26 15:32:00
1719415980000,2.627,2.63,2.623,2.623,8367.62,2024-06-26 15:33:00
1719416040000,2.622,2.626,2.621,2.626,4776.88,2024-06-26 15:34:00
1719416100000,2.626,2.631,2.62,2.622,9242.73,2024-06-26 15:35:00
1719416160000,2.623,2.623,2.617,2.619,3301.07,2024-06-26 15:36:00
1719416220000,2.619,2.619,2.613,2.613,1981.46,2024-06-26 15:37:00
1719416280000,2.614,2.616,2.611,2.616,5981.17,2024-06-26 15:38:00
1719416340000,2.615,2.62,2.615,2.619,2609.3,2024-06-26 15:39:00
1719416400000,2.619,2.619,2.615,2.616,4008.13,2024-06-26 15:40:00
1719416460000,2.615,2.615,2.611,2.612,3246.69,2024-06-26 15:41:00
1719416520000,2.612,2.618,2.612,2.614,4430.65,2024-06-26 15:42:00
1719416580000,2.614,2.622,2.614,2.622,3238.36,2024-06-26 15:43:00
1719416640000,2.623,2.623,2.619,2.619,3597.66,2024-06-26 15:44:00
1719416700000,2.62,2.624,2.62,2.621,4402.52,2024-06-26 15:45:00
1719416760000,2.62,2.626,2.619,2.625,9898.7,2024-06-26 15:46:00
1719416820000,2.624,2.627,2.617,2.617,11187.99,2024-06-26 15:47:00
1719416880000,2.616,2.622,2.6,2.604,106458.79,2024-06-26 15:48:00
1719416940000,2.603,2.61,2.596,2.6,54019.45,2024-06-26 15:49:00
1719417000000,2.6,2.605,2.593,2.601,105096.52,2024-06-26 15:50:00
1719417060000,2.601,2.601,2.594,2.597,9213.41,2024-06-26 15:51:00
1719417120000,2.598,2.6,2.595,2.595,9463.8,2024-06-26 15:52:00
1719417180000,2.595,2.599,2.595,2.597,3184.59,2024-06-26 15:53:00
1719417240000,2.597,2.599,2.596,2.596,6340.12,2024-06-26 15:54:00
1719417300000,2.597,2.599,2.597,2.599,2964.77,2024-06-26 15:55:00
1719417360000,2.599,2.6,2.596,2.597,5825.66,2024-06-26 15:56:00
1719417420000,2.597,2.598,2.594,2.596,7761.33,2024-06-26 15:57:00
1719417480000,2.595,2.595,2.589,2.594,31163.53,2024-06-26 15:58:00
1719417540000,2.593,2.6,2.593,2.597,9274.9,2024-06-26 15:59:00
1719417600000,2.598,2.598,2.593,2.596,5654.69,2024-06-26 16:00:00
1719417660000,2.595,2.597,2.595,2.595,4667.6,2024-06-26 16:01:00
1719417720000,2.593,2.596,2.591,2.595,6559.8,2024-06-26 16:02:00
1719417780000,2.596,2.601,2.595,2.6,3943.9,2024-06-26 16:03:00
1719417840000,2.599,2.599,2.576,2.582,34997.82,2024-06-26 16:04:00
1719417900000,2.582,2.584,2.579,2.583,7875.2,2024-06-26 16:05:00
1719417960000,2.583,2.588,2.58,2.586,13008.91,2024-06-26 16:06:00
1719418020000,2.587,2.593,2.586,2.588,15184.44,2024-06-26 16:07:00
1719418080000,2.588,2.6,2.588,2.599,8310.1,2024-06-26 16:08:00
1719418140000,2.6,2.61,2.598,2.609,13546.32,2024-06-26 16:09:00
1719418200000,2.609,2.611,2.602,2.605,5827.05,2024-06-26 16:10:00
1719418260000,2.604,2.605,2.593,2.597,4696.4,2024-06-26 16:11:00
1719418320000,2.598,2.598,2.593,2.596,2787.26,2024-06-26 16:12:00
1719418380000,2.596,2.596,2.587,2.591,6242.04,2024-06-26 16:13:00
1719418440000,2.591,2.594,2.591,2.592,2035.01,2024-06-26 16:14:00
1719418500000,2.591,2.594,2.59,2.593,5732.26,2024-06-26 16:15:00
1719418560000,2.592,2.592,2.582,2.586,15004.91,2024-06-26 16:16:00
1719418620000,2.585,2.588,2.584,2.586,3549.22,2024-06-26 16:17:00
1719418680000,2.586,2.591,2.586,2.591,2945.82,2024-06-26 16:18:00
1719418740000,2.591,2.591,2.587,2.589,1919.46,2024-06-26 16:19:00
1719418800000,2.588,2.595,2.587,2.595,3959.24,2024-06-26 16:20:00
1719418860000,2.595,2.596,2.587,2.587,22367.09,2024-06-26 16:21:00
1719418920000,2.587,2.588,2.586,2.586,6164.64,2024-06-26 16:22:00
1719418980000,2.585,2.589,2.581,2.589,17834.34,2024-06-26 16:23:00
1719419040000,2.589,2.595,2.585,2.594,19276.39,2024-06-26 16:24:00
1719419100000,2.594,2.594,2.585,2.587,13126.95,2024-06-26 16:25:00
1719419160000,2.587,2.589,2.585,2.587,8064.87,2024-06-26 16:26:00
1719419220000,2.589,2.593,2.589,2.591,3718.26,2024-06-26 16:27:00
1719419280000,2.592,2.594,2.591,2.592,2637.36,2024-06-26 16:28:00
1719419340000,2.594,2.596,2.591,2.596,17232.65,2024-06-26 16:29:00
1719419400000,2.596,2.6,2.594,2.599,8954.09,2024-06-26 16:30:00
1719419460000,2.598,2.605,2.597,2.605,9183.36,2024-06-26 16:31:00
1719419520000,2.605,2.615,2.604,2.613,57009.67,2024-06-26 16:32:00
1719419580000,2.613,2.613,2.609,2.611,5838.26,2024-06-26 16:33:00
1719419640000,2.611,2.619,2.61,2.618,5544.13,2024-06-26 16:34:00
1719419700000,2.618,2.619,2.612,2.613,3231.33,2024-06-26 16:35:00
1719419760000,2.613,2.62,2.613,2.618,4016.75,2024-06-26 16:36:00
1719419820000,2.618,2.619,2.615,2.617,2481.11,2024-06-26 16:37:00
1719419880000,2.617,2.618,2.613,2.613,3773.27,2024-06-26 16:38:00
1719419940000,2.614,2.617,2.614,2.616,3650.15,2024-06-26 16:39:00
1719420000000,2.615,2.616,2.61,2.616,3194.97,2024-06-26 16:40:00
1719420060000,2.616,2.616,2.609,2.614,3444.39,2024-06-26 16:41:00
1719420120000,2.614,2.617,2.612,2.612,2858.77,2024-06-26 16:42:00
1719420180000,2.612,2.612,2.608,2.608,2933.7,2024-06-26 16:43:00
1719420240000,2.609,2.611,2.607,2.608,1628.73,2024-06-26 16:44:00
1719420300000,2.607,2.607,2.603,2.604,2394.21,2024-06-26 16:45:00
1719420360000,2.603,2.603,2.598,2.598,10037.8,2024-06-26 16:46:00
1719420420000,2.598,2.6,2.594,2.598,4907.05,2024-06-26 16:47:00
1719420480000,2.596,2.596,2.585,2.588,12550.38,2024-06-26 16:48:00
1719420540000,2.589,2.589,2.57,2.579,33523.74,2024-06-26 16:49:00
1719420600000,2.579,2.585,2.574,2.577,28372.15,2024-06-26 16:50:00
1719420660000,2.577,2.581,2.571,2.579,58634.26,2024-06-26 16:51:00
1719420720000,2.579,2.583,2.578,2.582,2371.03,2024-06-26 16:52:00
1719420780000,2.581,2.581,2.575,2.578,9892.21,2024-06-26 16:53:00
1719420840000,2.577,2.577,2.575,2.575,2414.75,2024-06-26 16:54:00
1719420900000,2.576,2.582,2.572,2.58,9639.15,2024-06-26 16:55:00
1719420960000,2.58,2.583,2.579,2.582,2265.36,2024-06-26 16:56:00
1719421020000,2.582,2.586,2.58,2.586,5439.06,2024-06-26 16:57:00
1719421080000,2.586,2.589,2.585,2.587,3267.72,2024-06-26 16:58:00
1719421140000,2.587,2.588,2.584,2.584,4121.18,2024-06-26 16:59:00
1719421200000,2.583,2.583,2.578,2.579,2779.47,2024-06-26 17:00:00
1719421260000,2.579,2.58,2.572,2.575,3164.4,2024-06-26 17:01:00
1719421320000,2.576,2.578,2.57,2.576,10166.68,2024-06-26 17:02:00
1719421380000,2.575,2.576,2.569,2.571,10502.52,2024-06-26 17:03:00
1719421440000,2.57,2.573,2.569,2.573,7179.03,2024-06-26 17:04:00
1719421500000,2.572,2.572,2.552,2.555,34109.06,2024-06-26 17:05:00
1719421560000,2.554,2.56,2.553,2.557,18331.19,2024-06-26 17:06:00
1719421620000,2.556,2.557,2.551,2.551,11420.04,2024-06-26 17:07:00
1719421680000,2.552,2.553,2.537,2.546,62240.24,2024-06-26 17:08:00
1719421740000,2.544,2.554,2.544,2.547,11443.52,2024-06-26 17:09:00
1719421800000,2.546,2.555,2.544,2.553,14027.22,2024-06-26 17:10:00
1719421860000,2.553,2.56,2.553,2.56,12442.59,2024-06-26 17:11:00
1719421920000,2.56,2.56,2.553,2.553,10804.54,2024-06-26 17:12:00
1719421980000,2.552,2.554,2.549,2.55,20075.84,2024-06-26 17:13:00
1719422040000,2.549,2.55,2.548,2.549,1895.99,2024-06-26 17:14:00
1719422100000,2.549,2.56,2.548,2.56,17317.73,2024-06-26 17:15:00
1719422160000,2.559,2.565,2.557,2.565,7574.84,2024-06-26 17:16:00
1719422220000,2.565,2.566,2.562,2.563,2755.01,2024-06-26 17:17:00
1719422280000,2.563,2.564,2.562,2.562,8926.89,2024-06-26 17:18:00
1719422340000,2.562,2.564,2.548,2.549,30931.83,2024-06-26 17:19:00
1719422400000,2.548,2.548,2.535,2.545,57054.2,2024-06-26 17:20:00
1719422460000,2.544,2.546,2.539,2.546,13888.19,2024-06-26 17:21:00
1719422520000,2.546,2.554,2.546,2.553,7054.89,2024-06-26 17:22:00
1719422580000,2.554,2.554,2.545,2.552,5132.72,2024-06-26 17:23:00
1719422640000,2.552,2.555,2.551,2.552,5215.54,2024-06-26 17:24:00
1719422700000,2.553,2.559,2.552,2.556,4081.69,2024-06-26 17:25:00
1719422760000,2.555,2.555,2.546,2.549,8085.06,2024-06-26 17:26:00
1719422820000,2.549,2.55,2.546,2.547,3149.48,2024-06-26 17:27:00
1719422880000,2.546,2.554,2.546,2.551,7178.12,2024-06-26 17:28:00
1719422940000,2.552,2.557,2.55,2.555,13215.98,2024-06-26 17:29:00
1719423000000,2.556,2.559,2.552,2.559,4275.8,2024-06-26 17:30:00
1719423060000,2.56,2.564,2.555,2.561,4928.95,2024-06-26 17:31:00
1719423120000,2.562,2.562,2.551,2.557,24237.31,2024-06-26 17:32:00
1719423180000,2.557,2.559,2.554,2.558,11028.03,2024-06-26 17:33:00
1719423240000,2.559,2.56,2.551,2.557,4114.14,2024-06-26 17:34:00
1719423300000,2.558,2.559,2.549,2.551,25321.05,2024-06-26 17:35:00
1719423360000,2.552,2.554,2.55,2.552,2390.26,2024-06-26 17:36:00
1719423420000,2.551,2.551,2.542,2.544,4732.62,2024-06-26 17:37:00
1719423480000,2.542,2.548,2.54,2.545,4891.28,2024-06-26 17:38:00
1719423540000,2.545,2.551,2.543,2.55,5747.32,2024-06-26 17:39:00
1719423600000,2.549,2.551,2.546,2.549,4984.88,2024-06-26 17:40:00
1719423660000,2.548,2.548,2.524,2.532,38558.11,2024-06-26 17:41:00
1719423720000,2.533,2.538,2.529,2.532,14787.69,2024-06-26 17:42:00
1719423780000,2.532,2.533,2.525,2.533,14175.02,2024-06-26 17:43:00
1719423840000,2.532,2.533,2.53,2.532,4089.02,2024-06-26 17:44:00
1719423900000,2.532,2.539,2.53,2.539,23065.19,2024-06-26 17:45:00
1719423960000,2.539,2.545,2.539,2.543,11794.61,2024-06-26 17:46:00
1719424020000,2.544,2.548,2.544,2.547,2624.36,2024-06-26 17:47:00
1719424080000,2.547,2.552,2.547,2.549,11001.91,2024-06-26 17:48:00
1719424140000,2.549,2.549,2.546,2.547,3745.18,2024-06-26 17:49:00
1719424200000,2.549,2.55,2.546,2.55,3620.79,2024-06-26 17:50:00
1719424260000,2.55,2.556,2.55,2.551,7524.82,2024-06-26 17:51:00
1719424320000,2.552,2.555,2.55,2.555,4811.22,2024-06-26 17:52:00
1719424380000,2.555,2.555,2.55,2.554,3608.66,2024-06-26 17:53:00
1719424440000,2.555,2.555,2.551,2.551,2036.68,2024-06-26 17:54:00
1719424500000,2.551,2.555,2.551,2.555,1339.87,2024-06-26 17:55:00
1719424560000,2.556,2.558,2.556,2.556,3000.91,2024-06-26 17:56:00
1719424620000,2.555,2.561,2.553,2.56,6003.77,2024-06-26 17:57:00
1719424680000,2.559,2.564,2.556,2.564,4063.61,2024-06-26 17:58:00
1719424740000,2.562,2.565,2.561,2.564,6276.82,2024-06-26 17:59:00
1719424800000,2.565,2.565,2.554,2.557,6389.19,2024-06-26 18:00:00
1719424860000,2.556,2.556,2.551,2.554,3528.15,2024-06-26 18:01:00
1719424920000,2.554,2.558,2.552,2.557,6804.84,2024-06-26 18:02:00
1719424980000,2.557,2.558,2.552,2.554,2744.27,2024-06-26 18:03:00
1719425040000,2.554,2.558,2.545,2.55,14743.54,2024-06-26 18:04:00
1719425100000,2.55,2.554,2.546,2.549,6696.3,2024-06-26 18:05:00
1719425160000,2.549,2.55,2.536,2.536,3207.29,2024-06-26 18:06:00
1719425220000,2.538,2.54,2.537,2.538,4320.74,2024-06-26 18:07:00
1719425280000,2.538,2.544,2.538,2.543,4810.22,2024-06-26 18:08:00
1719425340000,2.544,2.547,2.543,2.547,2358.98,2024-06-26 18:09:00
1719425400000,2.547,2.554,2.547,2.55,5593.2,2024-06-26 18:10:00
1719425460000,2.549,2.549,2.546,2.547,1874.02,2024-06-26 18:11:00
1719425520000,2.55,2.552,2.546,2.547,4352.86,2024-06-26 18:12:00
1719425580000,2.547,2.558,2.547,2.557,5903.27,2024-06-26 18:13:00
1719425640000,2.558,2.558,2.553,2.554,2688.59,2024-06-26 18:14:00
1719425700000,2.555,2.558,2.553,2.554,1687.22,2024-06-26 18:15:00
1719425760000,2.553,2.557,2.553,2.555,2002.35,2024-06-26 18:16:00
1719425820000,2.555,2.56,2.554,2.56,3620.14,2024-06-26 18:17:00
1719425880000,2.559,2.561,2.557,2.56,6087.97,2024-06-26 18:18:00
1719425940000,2.56,2.562,2.557,2.56,5353.3,2024-06-26 18:19:00
1719426000000,2.559,2.56,2.556,2.558,6155.54,2024-06-26 18:20:00
1719426060000,2.557,2.558,2.555,2.558,1861.75,2024-06-26 18:21:00
1719426120000,2.559,2.563,2.559,2.563,5312.73,2024-06-26 18:22:00
1719426180000,2.563,2.567,2.563,2.567,10174.91,2024-06-26 18:23:00
1719426240000,2.568,2.572,2.567,2.572,20552.81,2024-06-26 18:24:00
1719426300000,2.573,2.578,2.571,2.571,25149.94,2024-06-26 18:25:00
1719426360000,2.571,2.571,2.569,2.571,1706.81,2024-06-26 18:26:00
1719426420000,2.572,2.573,2.566,2.567,3830.91,2024-06-26 18:27:00
1719426480000,2.568,2.569,2.567,2.568,2101.85,2024-06-26 18:28:00
1719426540000,2.569,2.571,2.566,2.566,2329.69,2024-06-26 18:29:00
1719426600000,2.566,2.572,2.566,2.572,5692.92,2024-06-26 18:30:00
1719426660000,2.573,2.578,2.572,2.577,3401.9,2024-06-26 18:31:00
1719426720000,2.577,2.577,2.571,2.571,1069.96,2024-06-26 18:32:00
1719426780000,2.571,2.571,2.554,2.558,76867.48,2024-06-26 18:33:00
1719426840000,2.557,2.56,2.557,2.557,46684.58,2024-06-26 18:34:00
1719426900000,2.557,2.557,2.554,2.554,1982.54,2024-06-26 18:35:00
1719426960000,2.554,2.554,2.549,2.551,8123.49,2024-06-26 18:36:00
1719427020000,2.552,2.554,2.55,2.554,6910.87,2024-06-26 18:37:00
1719427080000,2.554,2.554,2.548,2.55,4448.07,2024-06-26 18:38:00
1719427140000,2.55,2.556,2.55,2.551,10605.79,2024-06-26 18:39:00
1719427200000,2.551,2.551,2.549,2.55,2982.11,2024-06-26 18:40:00
1719427260000,2.549,2.552,2.548,2.552,3467.28,2024-06-26 18:41:00
1719427320000,2.551,2.552,2.546,2.552,8303.42,2024-06-26 18:42:00
1719427380000,2.551,2.556,2.55,2.555,7703.41,2024-06-26 18:43:00
1719427440000,2.555,2.558,2.555,2.558,2580.91,2024-06-26 18:44:00
1719427500000,2.558,2.563,2.557,2.563,21389.92,2024-06-26 18:45:00
1719427560000,2.563,2.563,2.559,2.561,16234.29,2024-06-26 18:46:00
1719427620000,2.561,2.561,2.554,2.557,9712.82,2024-06-26 18:47:00
1719427680000,2.557,2.564,2.557,2.563,1476.48,2024-06-26 18:48:00
1719427740000,2.563,2.564,2.559,2.559,1243.21,2024-06-26 18:49:00
1719427800000,2.559,2.559,2.552,2.552,4331.31,2024-06-26 18:50:00
1719427860000,2.552,2.559,2.552,2.559,3840.66,2024-06-26 18:51:00
1719427920000,2.559,2.566,2.557,2.565,26366.32,2024-06-26 18:52:00
1719427980000,2.564,2.567,2.564,2.566,3598.87,2024-06-26 18:53:00
1719428040000,2.567,2.567,2.556,2.557,31550.61,2024-06-26 18:54:00
1719428100000,2.557,2.561,2.557,2.557,4469.14,2024-06-26 18:55:00
1719428160000,2.557,2.557,2.554,2.554,5169.75,2024-06-26 18:56:00
1719428220000,2.555,2.563,2.555,2.562,14565.75,2024-06-26 18:57:00
1719428280000,2.561,2.563,2.561,2.563,974.92,2024-06-26 18:58:00
1719428340000,2.563,2.572,2.559,2.57,55607.24,2024-06-26 18:59:00
1719428400000,2.569,2.569,2.565,2.566,5052.28,2024-06-26 19:00:00
1719428460000,2.567,2.571,2.567,2.569,5836.25,2024-06-26 19:01:00
1719428520000,2.569,2.573,2.569,2.573,3655.13,2024-06-26 19:02:00
1719428580000,2.573,2.574,2.568,2.57,4849.95,2024-06-26 19:03:00
1719428640000,2.57,2.577,2.57,2.575,7333.87,2024-06-26 19:04:00
1719428700000,2.574,2.574,2.565,2.565,3911.62,2024-06-26 19:05:00
1719428760000,2.567,2.575,2.567,2.571,3371.86,2024-06-26 19:06:00
1719428820000,2.571,2.577,2.568,2.577,4012.76,2024-06-26 19:07:00
1719428880000,2.576,2.579,2.574,2.574,4547.67,2024-06-26 19:08:00
1719428940000,2.574,2.58,2.574,2.579,4232.3,2024-06-26 19:09:00
1719429000000,2.579,2.581,2.573,2.573,3772.34,2024-06-26 19:10:00
1719429060000,2.574,2.579,2.574,2.575,3788.96,2024-06-26 19:11:00
1719429120000,2.575,2.576,2.569,2.569,2710.75,2024-06-26 19:12:00
1719429180000,2.569,2.569,2.566,2.566,1134.15,2024-06-26 19:13:00
1719429240000,2.566,2.574,2.565,2.574,4249.7,2024-06-26 19:14:00
1719429300000,2.574,2.577,2.573,2.576,5137.64,2024-06-26 19:15:00
1719429360000,2.576,2.583,2.576,2.581,8212.86,2024-06-26 19:16:00
1719429420000,2.581,2.586,2.581,2.582,14293.94,2024-06-26 19:17:00
1719429480000,2.58,2.58,2.577,2.577,4578.91,2024-06-26 19:18:00
1719429540000,2.578,2.58,2.578,2.58,1857.81,2024-06-26 19:19:00
1719429600000,2.579,2.583,2.576,2.576,3368.45,2024-06-26 19:20:00
1719429660000,2.576,2.581,2.574,2.58,4570.13,2024-06-26 19:21:00
1719429720000,2.581,2.581,2.576,2.578,3417.1,2024-06-26 19:22:00
1719429780000,2.578,2.584,2.577,2.584,7940.51,2024-06-26 19:23:00
1719429840000,2.585,2.585,2.58,2.582,5247.22,2024-06-26 19:24:00
1719429900000,2.584,2.585,2.578,2.582,6585.25,2024-06-26 19:25:00
1719429960000,2.582,2.582,2.574,2.575,5174.46,2024-06-26 19:26:00
1719430020000,2.574,2.577,2.574,2.576,1961.51,2024-06-26 19:27:00
1719430080000,2.576,2.576,2.569,2.57,2456.24,2024-06-26 19:28:00
1719430140000,2.57,2.571,2.569,2.57,4210.45,2024-06-26 19:29:00
1719430200000,2.571,2.573,2.567,2.568,1625.75,2024-06-26 19:30:00
1719430260000,2.567,2.567,2.565,2.565,1569.15,2024-06-26 19:31:00
1719430320000,2.566,2.574,2.566,2.574,6459.14,2024-06-26 19:32:00
1719430380000,2.574,2.576,2.572,2.576,4431.59,2024-06-26 19:33:00
1719430440000,2.576,2.577,2.571,2.575,4437.81,2024-06-26 19:34:00
1719430500000,2.575,2.576,2.569,2.575,8133.32,2024-06-26 19:35:00
1719430560000,2.576,2.582,2.571,2.572,39602.81,2024-06-26 19:36:00
1719430620000,2.572,2.58,2.57,2.574,12536.45,2024-06-26 19:37:00
1719430680000,2.574,2.575,2.571,2.575,4403.0,2024-06-26 19:38:00
1719430740000,2.574,2.574,2.568,2.572,3959.67,2024-06-26 19:39:00
1719430800000,2.571,2.571,2.565,2.566,3708.34,2024-06-26 19:40:00
1719430860000,2.565,2.567,2.56,2.566,16285.07,2024-06-26 19:41:00
1719430920000,2.566,2.567,2.56,2.564,16991.54,2024-06-26 19:42:00
1719430980000,2.564,2.57,2.564,2.568,11282.38,2024-06-26 19:43:00
1719431040000,2.569,2.569,2.562,2.565,2623.67,2024-06-26 19:44:00
1719431100000,2.567,2.567,2.56,2.56,1891.93,2024-06-26 19:45:00
1719431160000,2.56,2.56,2.556,2.559,8864.36,2024-06-26 19:46:00
1719431220000,2.559,2.559,2.554,2.556,5905.49,2024-06-26 19:47:00
1719431280000,2.556,2.556,2.552,2.552,7833.2,2024-06-26 19:48:00
1719431340000,2.553,2.557,2.55,2.551,15619.33,2024-06-26 19:49:00
1719431400000,2.551,2.561,2.551,2.56,5688.71,2024-06-26 19:50:00
1719431460000,2.56,2.561,2.554,2.556,5717.18,2024-06-26 19:51:00
1719431520000,2.555,2.566,2.555,2.566,3856.47,2024-06-26 19:52:00
1719431580000,2.566,2.57,2.565,2.569,4504.27,2024-06-26 19:53:00
1719431640000,2.569,2.577,2.569,2.576,6177.34,2024-06-26 19:54:00
1719431700000,2.577,2.579,2.573,2.577,5454.53,2024-06-26 19:55:00
1719431760000,2.578,2.583,2.576,2.581,9323.97,2024-06-26 19:56:00
1719431820000,2.582,2.582,2.576,2.578,3844.09,2024-06-26 19:57:00
1719431880000,2.578,2.581,2.575,2.58,5470.73,2024-06-26 19:58:00
1719431940000,2.58,2.58,2.573,2.58,7885.27,2024-06-26 19:59:00
1719432000000,2.58,2.582,2.574,2.581,7382.32,2024-06-26 20:00:00
1719432060000,2.581,2.589,2.581,2.587,12854.67,2024-06-26 20:01:00
1719432120000,2.587,2.59,2.585,2.589,8005.27,2024-06-26 20:02:00
1719432180000,2.588,2.593,2.588,2.593,9560.94,2024-06-26 20:03:00
1719432240000,2.594,2.599,2.592,2.598,9160.81,2024-06-26 20:04:00
1719432300000,2.599,2.604,2.598,2.601,23028.56,2024-06-26 20:05:00
1719432360000,2.603,2.606,2.601,2.604,12266.18,2024-06-26 20:06:00
1719432420000,2.604,2.605,2.599,2.599,3470.62,2024-06-26 20:07:00
1719432480000,2.6,2.6,2.589,2.589,6152.98,2024-06-26 20:08:00
1719432540000,2.588,2.588,2.583,2.585,3530.55,2024-06-26 20:09:00
1719432600000,2.584,2.595,2.582,2.595,16374.52,2024-06-26 20:10:00
1719432660000,2.594,2.594,2.584,2.584,7029.34,2024-06-26 20:11:00
1719432720000,2.584,2.584,2.578,2.58,4387.89,2024-06-26 20:12:00
1719432780000,2.58,2.582,2.576,2.578,6854.2,2024-06-26 20:13:00
1719432840000,2.577,2.578,2.572,2.573,5222.75,2024-06-26 20:14:00
1719432900000,2.573,2.573,2.568,2.568,7757.27,2024-06-26 20:15:00
1719432960000,2.568,2.568,2.562,2.562,7952.69,2024-06-26 20:16:00
1719433020000,2.563,2.563,2.557,2.557,4689.77,2024-06-26 20:17:00
1719433080000,2.557,2.565,2.556,2.557,9461.25,2024-06-26 20:18:00
1719433140000,2.556,2.561,2.553,2.559,14249.11,2024-06-26 20:19:00
1719433200000,2.56,2.566,2.56,2.566,3568.77,2024-06-26 20:20:00
1719433260000,2.567,2.567,2.559,2.559,5285.32,2024-06-26 20:21:00
1719433320000,2.558,2.559,2.555,2.558,4167.15,2024-06-26 20:22:00
1719433380000,2.558,2.564,2.557,2.564,11820.31,2024-06-26 20:23:00
1719433440000,2.563,2.563,2.555,2.555,7036.52,2024-06-26 20:24:00
1719433500000,2.556,2.558,2.552,2.552,10636.05,2024-06-26 20:25:00
1719433560000,2.553,2.556,2.553,2.555,8261.73,2024-06-26 20:26:00
1719433620000,2.555,2.555,2.55,2.552,4672.68,2024-06-26 20:27:00
1719433680000,2.553,2.555,2.546,2.549,33561.37,2024-06-26 20:28:00
1719433740000,2.548,2.555,2.548,2.55,6451.47,2024-06-26 20:29:00
1719433800000,2.55,2.553,2.549,2.553,1436.83,2024-06-26 20:30:00
1719433860000,2.555,2.555,2.552,2.552,5873.5,2024-06-26 20:31:00
1719433920000,2.553,2.553,2.55,2.55,2281.37,2024-06-26 20:32:00
1719433980000,2.55,2.553,2.549,2.552,2838.87,2024-06-26 20:33:00
1719434040000,2.553,2.554,2.55,2.553,4111.18,2024-06-26 20:34:00
1719434100000,2.553,2.554,2.551,2.551,6400.71,2024-06-26 20:35:00
1719434160000,2.551,2.551,2.547,2.549,13763.22,2024-06-26 20:36:00
1719434220000,2.548,2.549,2.545,2.547,6180.2,2024-06-26 20:37:00
1719434280000,2.545,2.55,2.545,2.55,6455.04,2024-06-26 20:38:00
1719434340000,2.551,2.554,2.55,2.554,3949.39,2024-06-26 20:39:00
1719434400000,2.555,2.555,2.554,2.555,78.35,2024-06-26 20:40:00
1719434460000,2.555,2.558,2.554,2.557,6669.42,2024-06-26 20:41:00
1719434520000,2.559,2.561,2.557,2.561,1878.67,2024-06-26 20:42:00
1719434580000,2.561,2.561,2.56,2.561,151.44,2024-06-26 20:43:00
1719434640000,2.561,2.563,2.56,2.56,2872.06,2024-06-26 20:44:00
1719434700000,2.56,2.565,2.56,2.565,2385.31,2024-06-26 20:45:00
1719434760000,2.565,2.566,2.565,2.566,1510.95,2024-06-26 20:46:00
1719434820000,2.566,2.566,2.559,2.559,3125.29,2024-06-26 20:47:00
1719434880000,2.558,2.559,2.557,2.557,1051.8,2024-06-26 20:48:00
1719434940000,2.558,2.559,2.556,2.556,3593.1,2024-06-26 20:49:00
1719435000000,2.556,2.566,2.556,2.566,2003.56,2024-06-26 20:50:00
1719435060000,2.566,2.569,2.566,2.569,1949.01,2024-06-26 20:51:00
1719435120000,2.569,2.57,2.567,2.567,2003.6,2024-06-26 20:52:00
1719435180000,2.567,2.567,2.56,2.56,3975.85,2024-06-26 20:53:00
1719435240000,2.559,2.565,2.559,2.563,2178.95,2024-06-26 20:54:00
1719435300000,2.563,2.568,2.563,2.568,2199.25,2024-06-26 20:55:00
1719435360000,2.567,2.569,2.567,2.569,613.21,2024-06-26 20:56:00
1719435420000,2.57,2.572,2.57,2.571,2311.02,2024-06-26 20:57:00
1719435480000,2.572,2.575,2.571,2.572,2397.48,2024-06-26 20:58:00
1719435540000,2.572,2.581,2.572,2.58,28040.47,2024-06-26 20:59:00
1719435600000,2.58,2.583,2.579,2.582,8896.26,2024-06-26 21:00:00
1719435660000,2.582,2.586,2.582,2.585,2940.57,2024-06-26 21:01:00
1719435720000,2.586,2.587,2.585,2.585,2901.7,2024-06-26 21:02:00
1719435780000,2.585,2.585,2.577,2.577,8680.44,2024-06-26 21:03:00
1719435840000,2.578,2.592,2.578,2.589,41163.51,2024-06-26 21:04:00
1719435900000,2.589,2.59,2.587,2.587,4039.53,2024-06-26 21:05:00
1719435960000,2.586,2.586,2.583,2.583,942.78,2024-06-26 21:06:00
1719436020000,2.582,2.582,2.579,2.579,2806.54,2024-06-26 21:07:00
1719436080000,2.579,2.58,2.575,2.576,4353.4,2024-06-26 21:08:00
1719436140000,2.576,2.579,2.575,2.578,4119.73,2024-06-26 21:09:00
1719436200000,2.579,2.581,2.576,2.581,7154.35,2024-06-26 21:10:00
1719436260000,2.581,2.586,2.581,2.586,3857.42,2024-06-26 21:11:00
1719436320000,2.586,2.586,2.581,2.581,2749.57,2024-06-26 21:12:00
1719436380000,2.582,2.583,2.577,2.577,4494.34,2024-06-26 21:13:00
1719436440000,2.577,2.577,2.569,2.569,3510.42,2024-06-26 21:14:00
1719436500000,2.568,2.57,2.566,2.567,3264.45,2024-06-26 21:15:00
1719436560000,2.566,2.567,2.564,2.564,5230.17,2024-06-26 21:16:00
1719436620000,2.565,2.568,2.564,2.564,3734.06,2024-06-26 21:17:00
1719436680000,2.565,2.565,2.563,2.563,1195.51,2024-06-26 21:18:00
1719436740000,2.563,2.565,2.563,2.564,906.5,2024-06-26 21:19:00
1719436800000,2.564,2.57,2.563,2.569,5009.78,2024-06-26 21:20:00
1719436860000,2.571,2.571,2.568,2.569,1393.47,2024-06-26 21:21:00
1719436920000,2.57,2.575,2.57,2.574,1084.26,2024-06-26 21:22:00
1719436980000,2.575,2.575,2.572,2.573,743.19,2024-06-26 21:23:00
1719437040000,2.572,2.577,2.572,2.575,2715.87,2024-06-26 21:24:00
1719437100000,2.574,2.576,2.572,2.576,5115.13,2024-06-26 21:25:00
1719437160000,2.577,2.577,2.567,2.568,5573.26,2024-06-26 21:26:00
1719437220000,2.568,2.57,2.567,2.567,2288.75,2024-06-26 21:27:00
1719437280000,2.567,2.574,2.567,2.574,2966.9,2024-06-26 21:28:00
1719437340000,2.575,2.575,2.571,2.571,1987.13,2024-06-26 21:29:00
1719437400000,2.571,2.573,2.571,2.573,558.98,2024-06-26 21:30:00
1719437460000,2.573,2.576,2.573,2.576,1846.42,2024-06-26 21:31:00
1719437520000,2.576,2.58,2.574,2.58,3777.32,2024-06-26 21:32:00
1719437580000,2.581,2.583,2.581,2.582,1718.53,2024-06-26 21:33:00
1719437640000,2.583,2.585,2.581,2.581,4292.67,2024-06-26 21:34:00
1719437700000,2.584,2.586,2.581,2.581,5900.72,2024-06-26 21:35:00
1719437760000,2.582,2.587,2.582,2.586,2386.11,2024-06-26 21:36:00
1719437820000,2.586,2.586,2.583,2.584,1808.39,2024-06-26 21:37:00
1719437880000,2.584,2.584,2.58,2.583,4437.47,2024-06-26 21:38:00
1719437940000,2.584,2.585,2.584,2.584,460.18,2024-06-26 21:39:00
1719438000000,2.584,2.584,2.584,2.584,1039.51,2024-06-26 21:40:00
1719438060000,2.584,2.585,2.584,2.584,565.07,2024-06-26 21:41:00
1719438120000,2.584,2.585,2.583,2.585,562.95,2024-06-26 21:42:00
1719438180000,2.584,2.584,2.583,2.583,122.34,2024-06-26 21:43:00
1719438240000,2.583,2.584,2.582,2.583,1840.62,2024-06-26 21:44:00
1719438300000,2.582,2.582,2.581,2.581,167.98,2024-06-26 21:45:00
1719438360000,2.581,2.583,2.575,2.575,4947.08,2024-06-26 21:46:00
1719438420000,2.575,2.576,2.574,2.576,463.21,2024-06-26 21:47:00
1719438480000,2.576,2.577,2.576,2.577,185.26,2024-06-26 21:48:00
1719438540000,2.577,2.58,2.577,2.58,1935.95,2024-06-26 21:49:00
1719438600000,2.58,2.58,2.579,2.579,435.43,2024-06-26 21:50:00
1719438660000,2.58,2.582,2.58,2.581,6894.99,2024-06-26 21:51:00
1719438720000,2.582,2.585,2.58,2.58,7483.46,2024-06-26 21:52:00
1719438780000,2.581,2.582,2.581,2.582,1564.69,2024-06-26 21:53:00
1719438840000,2.582,2.583,2.581,2.583,1652.5,2024-06-26 21:54:00
1719438900000,2.583,2.583,2.576,2.577,19045.4,2024-06-26 21:55:00
1719438960000,2.577,2.578,2.576,2.578,2471.23,2024-06-26 21:56:00
1719439020000,2.578,2.579,2.577,2.577,837.94,2024-06-26 21:57:00
1719439080000,2.577,2.577,2.573,2.573,1218.2,2024-06-26 21:58:00
1719439140000,2.574,2.578,2.573,2.573,24945.84,2024-06-26 21:59:00
1719439200000,2.573,2.573,2.569,2.572,6448.42,2024-06-26 22:00:00
1719439260000,2.572,2.573,2.57,2.571,993.0,2024-06-26 22:01:00
1719439320000,2.569,2.569,2.568,2.568,2295.89,2024-06-26 22:02:00
1719439380000,2.567,2.567,2.563,2.566,9049.94,2024-06-26 22:03:00
1719439440000,2.565,2.565,2.56,2.561,8322.92,2024-06-26 22:04:00
1719439500000,2.56,2.565,2.558,2.564,15188.51,2024-06-26 22:05:00
1719439560000,2.563,2.57,2.561,2.569,23322.97,2024-06-26 22:06:00
1719439620000,2.568,2.568,2.561,2.561,7762.61,2024-06-26 22:07:00
1719439680000,2.56,2.562,2.558,2.562,3309.04,2024-06-26 22:08:00
1719439740000,2.562,2.565,2.557,2.558,10293.43,2024-06-26 22:09:00
1719439800000,2.558,2.568,2.558,2.568,9341.54,2024-06-26 22:10:00
1719439860000,2.567,2.568,2.563,2.565,2550.19,2024-06-26 22:11:00
1719439920000,2.565,2.569,2.565,2.569,1667.1,2024-06-26 22:12:00
1719439980000,2.568,2.57,2.568,2.57,2095.21,2024-06-26 22:13:00
1719440040000,2.569,2.569,2.566,2.566,1443.42,2024-06-26 22:14:00
1719440100000,2.567,2.57,2.567,2.57,5193.2,2024-06-26 22:15:00
1719440160000,2.57,2.57,2.558,2.558,7227.07,2024-06-26 22:16:00
1719440220000,2.558,2.559,2.557,2.559,3674.18,2024-06-26 22:17:00
1719440280000,2.559,2.559,2.552,2.559,9147.53,2024-06-26 22:18:00
1719440340000,2.559,2.559,2.551,2.558,7084.84,2024-06-26 22:19:00
1719440400000,2.558,2.558,2.554,2.556,2043.68,2024-06-26 22:20:00
1719440460000,2.556,2.565,2.556,2.563,4792.09,2024-06-26 22:21:00
1719440520000,2.562,2.567,2.561,2.567,4013.1,2024-06-26 22:22:00
1719440580000,2.566,2.569,2.561,2.569,7523.76,2024-06-26 22:23:00
1719440640000,2.568,2.568,2.557,2.561,5070.64,2024-06-26 22:24:00
1719440700000,2.56,2.56,2.553,2.553,3422.34,2024-06-26 22:25:00
1719440760000,2.553,2.553,2.55,2.551,9096.96,2024-06-26 22:26:00
1719440820000,2.551,2.554,2.551,2.554,2863.23,2024-06-26 22:27:00
1719440880000,2.554,2.555,2.552,2.555,2665.31,2024-06-26 22:28:00
1719440940000,2.555,2.555,2.548,2.548,7170.88,2024-06-26 22:29:00
1719441000000,2.548,2.553,2.547,2.548,9108.42,2024-06-26 22:30:00
1719441060000,2.546,2.547,2.543,2.543,10723.7,2024-06-26 22:31:00
1719441120000,2.543,2.545,2.54,2.54,3842.8,2024-06-26 22:32:00
1719441180000,2.54,2.542,2.538,2.541,5173.93,2024-06-26 22:33:00
1719441240000,2.541,2.543,2.54,2.542,2450.89,2024-06-26 22:34:00
1719441300000,2.542,2.542,2.537,2.54,15256.03,2024-06-26 22:35:00
1719441360000,2.54,2.54,2.533,2.536,6934.94,2024-06-26 22:36:00
1719441420000,2.538,2.54,2.537,2.537,2478.64,2024-06-26 22:37:00
1719441480000,2.537,2.541,2.534,2.541,3495.61,2024-06-26 22:38:00
1719441540000,2.54,2.54,2.539,2.54,2401.92,2024-06-26 22:39:00
1719441600000,2.542,2.544,2.542,2.544,1785.2,2024-06-26 22:40:00
1719441660000,2.544,2.548,2.544,2.548,5574.07,2024-06-26 22:41:00
1719441720000,2.548,2.553,2.546,2.546,30579.69,2024-06-26 22:42:00
1719441780000,2.546,2.549,2.544,2.548,8683.06,2024-06-26 22:43:00
1719441840000,2.548,2.548,2.543,2.544,2054.37,2024-06-26 22:44:00
1719441900000,2.543,2.543,2.539,2.539,4863.49,2024-06-26 22:45:00
1719441960000,2.538,2.543,2.537,2.543,1760.14,2024-06-26 22:46:00
1719442020000,2.542,2.542,2.536,2.542,2680.65,2024-06-26 22:47:00
1719442080000,2.543,2.548,2.543,2.547,1743.45,2024-06-26 22:48:00
1719442140000,2.548,2.549,2.545,2.548,2194.01,2024-06-26 22:49:00
1719442200000,2.548,2.548,2.543,2.545,3185.47,2024-06-26 22:50:00
1719442260000,2.545,2.546,2.544,2.545,2281.82,2024-06-26 22:51:00
1719442320000,2.545,2.548,2.543,2.548,2835.17,2024-06-26 22:52:00
1719442380000,2.547,2.548,2.546,2.548,107.03,2024-06-26 22:53:00
1719442440000,2.548,2.552,2.548,2.551,1873.88,2024-06-26 22:54:00
1719442500000,2.551,2.551,2.549,2.55,953.0,2024-06-26 22:55:00
1719442560000,2.55,2.554,2.55,2.552,3610.1,2024-06-26 22:56:00
1719442620000,2.552,2.555,2.551,2.552,1429.86,2024-06-26 22:57:00
1719442680000,2.554,2.556,2.552,2.552,770.07,2024-06-26 22:58:00
1719442740000,2.553,2.553,2.549,2.55,1099.34,2024-06-26 22:59:00
1719442800000,2.55,2.554,2.548,2.552,2485.47,2024-06-26 23:00:00
1719442860000,2.552,2.552,2.55,2.55,1111.04,2024-06-26 23:01:00
1719442920000,2.55,2.553,2.55,2.552,3798.14,2024-06-26 23:02:00
1719442980000,2.553,2.556,2.553,2.555,4209.59,2024-06-26 23:03:00
1719443040000,2.555,2.558,2.555,2.557,2105.75,2024-06-26 23:04:00
1719443100000,2.558,2.558,2.556,2.556,784.15,2024-06-26 23:05:00
1719443160000,2.556,2.556,2.544,2.549,48361.43,2024-06-26 23:06:00
1719443220000,2.549,2.551,2.548,2.55,1455.0,2024-06-26 23:07:00
1719443280000,2.549,2.549,2.547,2.547,1213.44,2024-06-26 23:08:00
1719443340000,2.548,2.548,2.545,2.547,530.55,2024-06-26 23:09:00
1719443400000,2.548,2.549,2.547,2.549,2776.76,2024-06-26 23:10:00
1719443460000,2.548,2.548,2.547,2.547,3059.53,2024-06-26 23:11:00
1719443520000,2.547,2.548,2.545,2.545,2986.56,2024-06-26 23:12:00
1719443580000,2.545,2.545,2.539,2.54,1509.5,2024-06-26 23:13:00
1719443640000,2.54,2.541,2.537,2.537,1968.12,2024-06-26 23:14:00
1719443700000,2.537,2.537,2.533,2.534,2558.43,2024-06-26 23:15:00
1719443760000,2.534,2.535,2.532,2.532,10318.64,2024-06-26 23:16:00
1719443820000,2.532,2.533,2.526,2.529,25423.9,2024-06-26 23:17:00
1719443880000,2.529,2.53,2.526,2.526,17836.63,2024-06-26 23:18:00
1719443940000,2.527,2.532,2.525,2.528,23449.47,2024-06-26 23:19:00
1719444000000,2.528,2.53,2.528,2.529,6145.92,2024-06-26 23:20:00
1719444060000,2.529,2.53,2.525,2.529,10166.95,2024-06-26 23:21:00
1719444120000,2.528,2.53,2.525,2.525,7745.63,2024-06-26 23:22:00
1719444180000,2.525,2.539,2.525,2.539,59996.88,2024-06-26 23:23:00
1719444240000,2.539,2.539,2.535,2.536,10131.56,2024-06-26 23:24:00
1719444300000,2.537,2.537,2.534,2.534,5228.42,2024-06-26 23:25:00
1719444360000,2.534,2.538,2.534,2.537,3984.83,2024-06-26 23:26:00
1719444420000,2.538,2.54,2.536,2.54,4191.25,2024-06-26 23:27:00
1719444480000,2.54,2.549,2.54,2.548,6110.74,2024-06-26 23:28:00
1719444540000,2.549,2.55,2.543,2.543,5472.91,2024-06-26 23:29:00
1719444600000,2.543,2.549,2.543,2.549,3139.24,2024-06-26 23:30:00
1719444660000,2.549,2.552,2.549,2.552,6338.21,2024-06-26 23:31:00
1719444720000,2.552,2.553,2.551,2.551,3639.43,2024-06-26 23:32:00
1719444780000,2.551,2.552,2.548,2.552,9446.15,2024-06-26 23:33:00
1719444840000,2.551,2.551,2.55,2.55,3317.34,2024-06-26 23:34:00
1719444900000,2.55,2.552,2.544,2.545,5662.06,2024-06-26 23:35:00
1719444960000,2.544,2.544,2.536,2.538,8659.03,2024-06-26 23:36:00
1719445020000,2.538,2.538,2.534,2.537,2168.93,2024-06-26 23:37:00
1719445080000,2.537,2.539,2.537,2.538,4293.91,2024-06-26 23:38:00
1719445140000,2.538,2.538,2.534,2.534,1247.46,2024-06-26 23:39:00
1719445200000,2.535,2.538,2.534,2.537,7816.8,2024-06-26 23:40:00
1719445260000,2.536,2.536,2.53,2.53,4082.47,2024-06-26 23:41:00
1719445320000,2.531,2.535,2.53,2.53,6073.41,2024-06-26 23:42:00
1719445380000,2.53,2.533,2.53,2.532,1930.15,2024-06-26 23:43:00
1719445440000,2.533,2.534,2.532,2.534,2212.5,2024-06-26 23:44:00
1719445500000,2.534,2.534,2.529,2.529,1002.91,2024-06-26 23:45:00
1719445560000,2.529,2.53,2.528,2.53,2804.43,2024-06-26 23:46:00
1719445620000,2.529,2.534,2.529,2.534,3671.15,2024-06-26 23:47:00
1719445680000,2.535,2.537,2.533,2.535,4154.64,2024-06-26 23:48:00
1719445740000,2.536,2.538,2.532,2.533,3143.67,2024-06-26 23:49:00
1719445800000,2.534,2.541,2.534,2.541,8604.11,2024-06-26 23:50:00
1719445860000,2.542,2.542,2.536,2.538,9905.89,2024-06-26 23:51:00
1719445920000,2.538,2.539,2.537,2.537,1220.6,2024-06-26 23:52:00
1719445980000,2.536,2.543,2.536,2.542,1469.82,2024-06-26 23:53:00
1719446040000,2.543,2.544,2.54,2.544,7122.11,2024-06-26 23:54:00
1719446100000,2.544,2.545,2.543,2.544,1050.63,2024-06-26 23:55:00
1719446160000,2.544,2.545,2.541,2.545,1975.16,2024-06-26 23:56:00
1719446220000,2.545,2.545,2.544,2.544,934.54,2024-06-26 23:57:00
1719446280000,2.543,2.544,2.543,2.543,514.12,2024-06-26 23:58:00
1719446340000,2.542,2.542,2.54,2.542,1954.95,2024-06-26 23:59:00
1719446400000,2.542,2.542,2.53,2.532,9026.94,2024-06-27 00:00:00
1719446460000,2.532,2.532,2.513,2.517,34485.72,2024-06-27 00:01:00
1719446520000,2.517,2.519,2.513,2.514,9280.99,2024-06-27 00:02:00
1719446580000,2.514,2.517,2.509,2.514,25971.68,2024-06-27 00:03:00
1719446640000,2.514,2.521,2.514,2.518,3080.01,2024-06-27 00:04:00
1719446700000,2.518,2.524,2.518,2.518,19566.82,2024-06-27 00:05:00
1719446760000,2.517,2.517,2.507,2.508,16291.16,2024-06-27 00:06:00
1719446820000,2.509,2.511,2.505,2.511,23930.91,2024-06-27 00:07:00
1719446880000,2.511,2.514,2.505,2.509,11126.32,2024-06-27 00:08:00
1719446940000,2.51,2.517,2.51,2.515,6726.88,2024-06-27 00:09:00
1719447000000,2.514,2.519,2.514,2.519,1461.5,2024-06-27 00:10:00
1719447060000,2.519,2.521,2.515,2.515,4830.65,2024-06-27 00:11:00
1719447120000,2.515,2.52,2.513,2.519,7124.77,2024-06-27 00:12:00
1719447180000,2.519,2.519,2.515,2.517,2016.72,2024-06-27 00:13:00
1719447240000,2.518,2.518,2.511,2.511,4543.05,2024-06-27 00:14:00
1719447300000,2.51,2.51,2.503,2.503,7418.58,2024-06-27 00:15:00
1719447360000,2.503,2.51,2.5,2.51,25602.84,2024-06-27 00:16:00
1719447420000,2.509,2.514,2.508,2.513,11823.48,2024-06-27 00:17:00
1719447480000,2.515,2.52,2.515,2.518,590.48,2024-06-27 00:18:00
1719447540000,2.519,2.527,2.519,2.527,19829.86,2024-06-27 00:19:00
1719447600000,2.528,2.529,2.525,2.529,6066.64,2024-06-27 00:20:00
1719447660000,2.528,2.532,2.526,2.53,10419.18,2024-06-27 00:21:00
1719447720000,2.53,2.533,2.527,2.533,8256.68,2024-06-27 00:22:00
1719447780000,2.532,2.537,2.532,2.535,6908.76,2024-06-27 00:23:00
1719447840000,2.537,2.537,2.529,2.529,4032.54,2024-06-27 00:24:00
1719447900000,2.528,2.528,2.523,2.524,9141.34,2024-06-27 00:25:00
1719447960000,2.524,2.528,2.524,2.528,4690.22,2024-06-27 00:26:00
1719448020000,2.528,2.533,2.527,2.531,10807.33,2024-06-27 00:27:00
1719448080000,2.531,2.534,2.53,2.53,4817.3,2024-06-27 00:28:00
1719448140000,2.532,2.54,2.532,2.538,16025.57,2024-06-27 00:29:00
1719448200000,2.538,2.538,2.531,2.535,4839.71,2024-06-27 00:30:00
1719448260000,2.535,2.54,2.534,2.539,4055.04,2024-06-27 00:31:00
1719448320000,2.539,2.543,2.537,2.54,5443.18,2024-06-27 00:32:00
1719448380000,2.54,2.542,2.537,2.54,11999.24,2024-06-27 00:33:00
1719448440000,2.541,2.545,2.541,2.544,7037.03,2024-06-27 00:34:00
1719448500000,2.545,2.562,2.545,2.561,55910.62,2024-06-27 00:35:00
1719448560000,2.56,2.562,2.555,2.561,25915.41,2024-06-27 00:36:00
1719448620000,2.561,2.563,2.56,2.563,4046.87,2024-06-27 00:37:00
1719448680000,2.563,2.567,2.56,2.566,26443.07,2024-06-27 00:38:00
1719448740000,2.566,2.585,2.562,2.577,119436.22,2024-06-27 00:39:00
1719448800000,2.575,2.575,2.564,2.564,11663.15,2024-06-27 00:40:00
1719448860000,2.564,2.568,2.56,2.563,22639.16,2024-06-27 00:41:00
1719448920000,2.564,2.564,2.554,2.563,14464.18,2024-06-27 00:42:00
1719448980000,2.563,2.563,2.554,2.554,3413.23,2024-06-27 00:43:00
1719449040000,2.553,2.561,2.553,2.557,9660.6,2024-06-27 00:44:00
1719449100000,2.556,2.556,2.547,2.55,14372.68,2024-06-27 00:45:00
1719449160000,2.55,2.554,2.547,2.548,13307.83,2024-06-27 00:46:00
1719449220000,2.55,2.557,2.55,2.556,12713.73,2024-06-27 00:47:00
1719449280000,2.556,2.561,2.554,2.561,4443.36,2024-06-27 00:48:00
1719449340000,2.561,2.561,2.557,2.557,7906.93,2024-06-27 00:49:00
1719449400000,2.557,2.561,2.555,2.558,6967.3,2024-06-27 00:50:00
1719449460000,2.557,2.557,2.547,2.549,7371.19,2024-06-27 00:51:00
1719449520000,2.549,2.559,2.548,2.557,15133.54,2024-06-27 00:52:00
1719449580000,2.558,2.562,2.558,2.56,2799.13,2024-06-27 00:53:00
1719449640000,2.558,2.56,2.556,2.556,5644.96,2024-06-27 00:54:00
1719449700000,2.556,2.556,2.549,2.55,3816.23,2024-06-27 00:55:00
1719449760000,2.549,2.56,2.549,2.556,6163.21,2024-06-27 00:56:00
1719449820000,2.555,2.56,2.555,2.558,2678.71,2024-06-27 00:57:00
1719449880000,2.558,2.558,2.548,2.553,6795.24,2024-06-27 00:58:00
1719449940000,2.552,2.552,2.547,2.548,3360.92,2024-06-27 00:59:00
1719450000000,2.547,2.551,2.547,2.551,5623.97,2024-06-27 01:00:00
1719450060000,2.552,2.552,2.541,2.543,11037.52,2024-06-27 01:01:00
1719450120000,2.544,2.545,2.532,2.535,14349.81,2024-06-27 01:02:00
1719450180000,2.535,2.537,2.532,2.534,8497.62,2024-06-27 01:03:00
1719450240000,2.532,2.535,2.521,2.534,56577.88,2024-06-27 01:04:00
1719450300000,2.534,2.535,2.532,2.535,3017.56,2024-06-27 01:05:00
1719450360000,2.536,2.537,2.532,2.533,1342.06,2024-06-27 01:06:00
1719450420000,2.534,2.534,2.53,2.532,6785.76,2024-06-27 01:07:00
1719450480000,2.532,2.545,2.532,2.543,16805.85,2024-06-27 01:08:00
1719450540000,2.542,2.543,2.538,2.538,5353.83,2024-06-27 01:09:00
1719450600000,2.538,2.541,2.534,2.538,7002.82,2024-06-27 01:10:00
1719450660000,2.54,2.559,2.54,2.555,43069.93,2024-06-27 01:11:00
1719450720000,2.556,2.56,2.555,2.557,5856.01,2024-06-27 01:12:00
1719450780000,2.558,2.559,2.551,2.551,4393.7,2024-06-27 01:13:00
1719450840000,2.551,2.558,2.551,2.557,4044.66,2024-06-27 01:14:00
1719450900000,2.558,2.569,2.558,2.567,15862.47,2024-06-27 01:15:00
1719450960000,2.568,2.569,2.56,2.56,2788.47,2024-06-27 01:16:00
1719451020000,2.559,2.559,2.555,2.555,3768.76,2024-06-27 01:17:00
1719451080000,2.555,2.555,2.551,2.554,2158.03,2024-06-27 01:18:00
1719451140000,2.554,2.554,2.544,2.545,9207.93,2024-06-27 01:19:00
1719451200000,2.544,2.555,2.544,2.554,5602.39,2024-06-27 01:20:00
1719451260000,2.555,2.561,2.546,2.547,51489.01,2024-06-27 01:21:00
1719451320000,2.548,2.553,2.543,2.551,28740.07,2024-06-27 01:22:00
1719451380000,2.552,2.552,2.548,2.548,8765.07,2024-06-27 01:23:00
1719451440000,2.548,2.551,2.547,2.547,7764.83,2024-06-27 01:24:00
1719451500000,2.548,2.549,2.542,2.543,32712.18,2024-06-27 01:25:00
1719451560000,2.543,2.545,2.542,2.545,2483.83,2024-06-27 01:26:00
1719451620000,2.544,2.546,2.54,2.545,13188.87,2024-06-27 01:27:00
1719451680000,2.544,2.544,2.533,2.537,12823.77,2024-06-27 01:28:00
1719451740000,2.537,2.538,2.53,2.53,5203.83,2024-06-27 01:29:00
1719451800000,2.531,2.538,2.531,2.538,5102.45,2024-06-27 01:30:00
1719451860000,2.538,2.545,2.538,2.541,7615.57,2024-06-27 01:31:00
1719451920000,2.541,2.541,2.535,2.539,19360.22,2024-06-27 01:32:00
1719451980000,2.539,2.541,2.53,2.531,7005.95,2024-06-27 01:33:00
1719452040000,2.532,2.539,2.532,2.538,4087.62,2024-06-27 01:34:00
1719452100000,2.538,2.539,2.53,2.532,11121.92,2024-06-27 01:35:00
1719452160000,2.532,2.535,2.532,2.532,3658.54,2024-06-27 01:36:00
1719452220000,2.532,2.533,2.528,2.533,5742.84,2024-06-27 01:37:00
1719452280000,2.533,2.541,2.533,2.539,8192.72,2024-06-27 01:38:00
1719452340000,2.538,2.538,2.531,2.532,3111.64,2024-06-27 01:39:00
1719452400000,2.531,2.533,2.531,2.531,719.3,2024-06-27 01:40:00
1719452460000,2.531,2.536,2.531,2.533,1878.58,2024-06-27 01:41:00
1719452520000,2.532,2.532,2.529,2.529,2604.4,2024-06-27 01:42:00
1719452580000,2.53,2.536,2.529,2.533,2911.77,2024-06-27 01:43:00
1719452640000,2.532,2.537,2.532,2.537,2303.71,2024-06-27 01:44:00
1719452700000,2.538,2.549,2.538,2.546,11314.27,2024-06-27 01:45:00
1719452760000,2.547,2.547,2.542,2.545,5634.68,2024-06-27 01:46:00
1719452820000,2.546,2.553,2.546,2.553,6723.74,2024-06-27 01:47:00
1719452880000,2.554,2.558,2.553,2.556,23601.18,2024-06-27 01:48:00
1719452940000,2.557,2.557,2.55,2.551,6244.67,2024-06-27 01:49:00
1719453000000,2.553,2.554,2.549,2.549,1715.53,2024-06-27 01:50:00
1719453060000,2.548,2.549,2.545,2.549,2905.6,2024-06-27 01:51:00
1719453120000,2.55,2.554,2.55,2.553,2991.78,2024-06-27 01:52:00
1719453180000,2.554,2.556,2.55,2.55,3844.05,2024-06-27 01:53:00
1719453240000,2.551,2.551,2.545,2.547,2998.22,2024-06-27 01:54:00
1719453300000,2.546,2.546,2.542,2.544,1922.48,2024-06-27 01:55:00
1719453360000,2.547,2.553,2.547,2.553,1641.3,2024-06-27 01:56:00
1719453420000,2.553,2.557,2.552,2.556,4570.37,2024-06-27 01:57:00
1719453480000,2.556,2.559,2.554,2.554,1435.96,2024-06-27 01:58:00
1719453540000,2.554,2.559,2.554,2.559,3744.06,2024-06-27 01:59:00
1719453600000,2.558,2.56,2.556,2.556,3634.96,2024-06-27 02:00:00
1719453660000,2.555,2.565,2.554,2.562,11622.33,2024-06-27 02:01:00
1719453720000,2.563,2.563,2.558,2.558,8711.67,2024-06-27 02:02:00
1719453780000,2.557,2.557,2.548,2.548,793.95,2024-06-27 02:03:00
1719453840000,2.548,2.548,2.54,2.541,5107.37,2024-06-27 02:04:00
1719453900000,2.541,2.541,2.527,2.53,46075.77,2024-06-27 02:05:00
1719453960000,2.53,2.534,2.524,2.527,16021.37,2024-06-27 02:06:00
1719454020000,2.527,2.527,2.522,2.526,22817.59,2024-06-27 02:07:00
1719454080000,2.525,2.529,2.524,2.525,18569.97,2024-06-27 02:08:00
1719454140000,2.525,2.53,2.524,2.529,7267.06,2024-06-27 02:09:00
1719454200000,2.529,2.53,2.528,2.529,10107.36,2024-06-27 02:10:00
1719454260000,2.529,2.53,2.529,2.53,74534.17,2024-06-27 02:11:00
1719454320000,2.53,2.53,2.524,2.526,20677.98,2024-06-27 02:12:00
1719454380000,2.525,2.529,2.522,2.523,14054.63,2024-06-27 02:13:00
1719454440000,2.521,2.522,2.511,2.514,29188.65,2024-06-27 02:14:00
1719454500000,2.514,2.515,2.511,2.512,7143.09,2024-06-27 02:15:00
1719454560000,2.513,2.513,2.5,2.506,77024.96,2024-06-27 02:16:00
1719454620000,2.506,2.512,2.504,2.512,13066.62,2024-06-27 02:17:00
1719454680000,2.513,2.514,2.485,2.506,209508.14,2024-06-27 02:18:00
1719454740000,2.506,2.506,2.5,2.504,13317.27,2024-06-27 02:19:00
1719454800000,2.504,2.504,2.499,2.5,7907.75,2024-06-27 02:20:00
1719454860000,2.501,2.51,2.501,2.509,10901.58,2024-06-27 02:21:00
1719454920000,2.51,2.515,2.51,2.515,3773.29,2024-06-27 02:22:00
1719454980000,2.516,2.52,2.516,2.518,9055.3,2024-06-27 02:23:00
1719455040000,2.518,2.521,2.515,2.515,6652.37,2024-06-27 02:24:00
1719455100000,2.515,2.523,2.515,2.52,4325.1,2024-06-27 02:25:00
1719455160000,2.52,2.521,2.517,2.521,3387.22,2024-06-27 02:26:00
1719455220000,2.522,2.525,2.522,2.524,1907.46,2024-06-27 02:27:00
1719455280000,2.524,2.524,2.518,2.519,6343.85,2024-06-27 02:28:00
1719455340000,2.52,2.522,2.519,2.52,5831.25,2024-06-27 02:29:00
1719455400000,2.521,2.522,2.515,2.516,6099.42,2024-06-27 02:30:00
1719455460000,2.517,2.524,2.515,2.515,2304.61,2024-06-27 02:31:00
1719455520000,2.514,2.514,2.513,2.514,1824.75,2024-06-27 02:32:00
1719455580000,2.515,2.52,2.511,2.52,18903.15,2024-06-27 02:33:00
1719455640000,2.52,2.526,2.52,2.526,1130.59,2024-06-27 02:34:00
1719455700000,2.527,2.529,2.525,2.527,3588.29,2024-06-27 02:35:00
1719455760000,2.527,2.53,2.524,2.528,8889.48,2024-06-27 02:36:00
1719455820000,2.527,2.528,2.515,2.517,11492.68,2024-06-27 02:37:00
1719455880000,2.515,2.522,2.515,2.522,2432.99,2024-06-27 02:38:00
1719455940000,2.522,2.525,2.522,2.525,559.03,2024-06-27 02:39:00
1719456000000,2.525,2.53,2.524,2.53,7732.53,2024-06-27 02:40:00
1719456060000,2.53,2.53,2.525,2.525,5816.16,2024-06-27 02:41:00
1719456120000,2.525,2.527,2.52,2.52,1317.74,2024-06-27 02:42:00
1719456180000,2.519,2.519,2.516,2.518,1997.51,2024-06-27 02:43:00
1719456240000,2.518,2.518,2.512,2.513,5999.48,2024-06-27 02:44:00
1719456300000,2.514,2.523,2.514,2.523,3536.73,2024-06-27 02:45:00
1719456360000,2.523,2.526,2.519,2.526,3272.24,2024-06-27 02:46:00
1719456420000,2.527,2.531,2.527,2.527,3080.45,2024-06-27 02:47:00
1719456480000,2.526,2.529,2.52,2.523,4609.7,2024-06-27 02:48:00
1719456540000,2.522,2.528,2.52,2.522,4404.39,2024-06-27 02:49:00
1719456600000,2.52,2.527,2.52,2.527,6110.94,2024-06-27 02:50:00
1719456660000,2.53,2.533,2.527,2.532,6343.65,2024-06-27 02:51:00
1719456720000,2.532,2.534,2.53,2.534,3836.03,2024-06-27 02:52:00
1719456780000,2.534,2.536,2.53,2.534,11042.81,2024-06-27 02:53:00
1719456840000,2.535,2.536,2.531,2.533,3544.84,2024-06-27 02:54:00
1719456900000,2.536,2.541,2.536,2.536,5256.74,2024-06-27 02:55:00
1719456960000,2.537,2.541,2.535,2.537,5707.99,2024-06-27 02:56:00
1719457020000,2.539,2.548,2.539,2.547,19806.79,2024-06-27 02:57:00
1719457080000,2.547,2.547,2.544,2.547,5849.59,2024-06-27 02:58:00
1719457140000,2.547,2.549,2.545,2.548,12167.74,2024-06-27 02:59:00
1719457200000,2.549,2.553,2.546,2.546,5221.15,2024-06-27 03:00:00
1719457260000,2.547,2.55,2.544,2.544,4141.07,2024-06-27 03:01:00
1719457320000,2.545,2.545,2.538,2.542,10835.74,2024-06-27 03:02:00
1719457380000,2.541,2.548,2.539,2.547,11565.6,2024-06-27 03:03:00
1719457440000,2.548,2.551,2.548,2.55,2281.94,2024-06-27 03:04:00
1719457500000,2.552,2.552,2.539,2.541,3577.24,2024-06-27 03:05:00
1719457560000,2.544,2.547,2.542,2.547,3901.69,2024-06-27 03:06:00
1719457620000,2.546,2.548,2.543,2.545,4629.4,2024-06-27 03:07:00
1719457680000,2.544,2.549,2.542,2.547,2100.83,2024-06-27 03:08:00
1719457740000,2.548,2.551,2.548,2.549,4444.63,2024-06-27 03:09:00
1719457800000,2.547,2.549,2.546,2.549,1214.46,2024-06-27 03:10:00
1719457860000,2.551,2.556,2.551,2.555,6739.3,2024-06-27 03:11:00
1719457920000,2.553,2.562,2.553,2.558,20374.42,2024-06-27 03:12:00
1719457980000,2.557,2.56,2.554,2.557,6295.28,2024-06-27 03:13:00
1719458040000,2.556,2.561,2.556,2.561,7693.79,2024-06-27 03:14:00
1719458100000,2.561,2.561,2.553,2.555,8024.1,2024-06-27 03:15:00
1719458160000,2.556,2.557,2.554,2.556,7987.59,2024-06-27 03:16:00
1719458220000,2.555,2.559,2.555,2.555,3856.17,2024-06-27 03:17:00
1719458280000,2.556,2.565,2.556,2.563,38994.12,2024-06-27 03:18:00
1719458340000,2.563,2.565,2.562,2.564,17595.2,2024-06-27 03:19:00
